INSERT INTO public.contacts (id, name, phone, email, whatsapp_connection_id, assigned_to) VALUES ('2cf2455c-9a14-4ef8-9311-798b41753bba', 'MOCK_Ana Silva', '+55119882740000', 'mock_ana.silva@example.com', '7b6dd712-9428-4531-b46c-e8e7daacf9a1', 'b70992ab-4c75-4ebd-9b7f-8c9b0c053e90') ON CONFLICT (phone) DO NOTHING;
INSERT INTO public.conversations (id, contact_id, status, assigned_to, priority, message_count) VALUES ('26cbcb40-ce95-481e-943d-f5ea4dd0f75d', '2cf2455c-9a14-4ef8-9311-798b41753bba', 'open', 'b70992ab-4c75-4ebd-9b7f-8c9b0c053e90', 'urgent', 10);
INSERT INTO public.messages (id, contact_id, sender, content, message_type, media_url, is_read, whatsapp_connection_id, agent_id, status, created_at) VALUES ('98d77a4e-1035-4014-a70d-2b6c37886b5d', '2cf2455c-9a14-4ef8-9311-798b41753bba', 'contact', 'Olá, sou um dado mock!', 'text', NULL, false, '7b6dd712-9428-4531-b46c-e8e7daacf9a1', 'b70992ab-4c75-4ebd-9b7f-8c9b0c053e90', 'sent', '2026-04-30T09:30:44.017279');
INSERT INTO public.messages (id, contact_id, sender, content, message_type, media_url, is_read, whatsapp_connection_id, agent_id, status, created_at) VALUES ('cb8f727e-a284-4d55-836a-486d8f3a5aef', '2cf2455c-9a14-4ef8-9311-798b41753bba', 'contact', 'Testando a funcionalidade de chat.', 'text', NULL, false, '7b6dd712-9428-4531-b46c-e8e7daacf9a1', 'b70992ab-4c75-4ebd-9b7f-8c9b0c053e90', 'sent', '2026-04-30T05:48:44.017316');
INSERT INTO public.messages (id, contact_id, sender, content, message_type, media_url, is_read, whatsapp_connection_id, agent_id, status, created_at) VALUES ('bb284d70-6ebf-4ea0-a6b3-131d87a4168d', '2cf2455c-9a14-4ef8-9311-798b41753bba', 'contact', 'Esta é uma mensagem de teste.', 'text', NULL, true, '7b6dd712-9428-4531-b46c-e8e7daacf9a1', 'b70992ab-4c75-4ebd-9b7f-8c9b0c053e90', 'sent', '2026-04-29T06:21:44.017335');
INSERT INTO public.messages (id, contact_id, sender, content, message_type, media_url, is_read, whatsapp_connection_id, agent_id, status, created_at) VALUES ('810491a2-5f62-40a9-aaf7-ff984b9731f0', '2cf2455c-9a14-4ef8-9311-798b41753bba', 'contact', 'Como está o sistema hoje?', 'text', NULL, true, '7b6dd712-9428-4531-b46c-e8e7daacf9a1', 'b70992ab-4c75-4ebd-9b7f-8c9b0c053e90', 'sent', '2026-05-05T23:40:44.017349');
INSERT INTO public.messages (id, contact_id, sender, content, message_type, media_url, is_read, whatsapp_connection_id, agent_id, status, created_at) VALUES ('157f0ec8-aad5-4941-826c-cae7a7145a35', '2cf2455c-9a14-4ef8-9311-798b41753bba', 'agent', 'Imagem de teste', 'image', 'https://picsum.photos/400/300', true, '7b6dd712-9428-4531-b46c-e8e7daacf9a1', 'b70992ab-4c75-4ebd-9b7f-8c9b0c053e90', 'sent', '2026-05-05T02:47:44.017362');
INSERT INTO public.messages (id, contact_id, sender, content, message_type, media_url, is_read, whatsapp_connection_id, agent_id, status, created_at) VALUES ('a40403ee-1cbe-4020-9a93-7e7f0a273e38', '2cf2455c-9a14-4ef8-9311-798b41753bba', 'contact', 'Gostaria de saber mais sobre as novas features.', 'text', NULL, true, '7b6dd712-9428-4531-b46c-e8e7daacf9a1', 'b70992ab-4c75-4ebd-9b7f-8c9b0c053e90', 'sent', '2026-05-03T21:57:44.017375');
INSERT INTO public.messages (id, contact_id, sender, content, message_type, media_url, is_read, whatsapp_connection_id, agent_id, status, created_at) VALUES ('e3057d6e-e909-4788-97fe-2ad61cf57e1b', '2cf2455c-9a14-4ef8-9311-798b41753bba', 'agent', 'Pode me ajudar com uma dúvida?', 'text', NULL, true, '7b6dd712-9428-4531-b46c-e8e7daacf9a1', 'b70992ab-4c75-4ebd-9b7f-8c9b0c053e90', 'sent', '2026-04-28T21:07:44.017387');
INSERT INTO public.messages (id, contact_id, sender, content, message_type, media_url, is_read, whatsapp_connection_id, agent_id, status, created_at) VALUES ('520f1f38-3f06-4474-b527-0353ecedfa52', '2cf2455c-9a14-4ef8-9311-798b41753bba', 'agent', 'Claro, qual seria?', 'text', NULL, true, '7b6dd712-9428-4531-b46c-e8e7daacf9a1', 'b70992ab-4c75-4ebd-9b7f-8c9b0c053e90', 'sent', '2026-05-01T19:16:44.017398');
INSERT INTO public.messages (id, contact_id, sender, content, message_type, media_url, is_read, whatsapp_connection_id, agent_id, status, created_at) VALUES ('ccf2dbed-f8f8-4cb4-bd0f-89f9578ac08e', '2cf2455c-9a14-4ef8-9311-798b41753bba', 'contact', 'Obrigado pelo excelente atendimento!', 'text', NULL, false, '7b6dd712-9428-4531-b46c-e8e7daacf9a1', 'b70992ab-4c75-4ebd-9b7f-8c9b0c053e90', 'sent', '2026-05-04T05:53:44.017408');
INSERT INTO public.messages (id, contact_id, sender, content, message_type, media_url, is_read, whatsapp_connection_id, agent_id, status, created_at) VALUES ('dcd95d2b-9d4f-49a1-a8e2-b5e895bb7ebf', '2cf2455c-9a14-4ef8-9311-798b41753bba', 'agent', 'Até logo!', 'text', NULL, true, '7b6dd712-9428-4531-b46c-e8e7daacf9a1', 'b70992ab-4c75-4ebd-9b7f-8c9b0c053e90', 'sent', '2026-04-29T12:45:44.017420');
INSERT INTO public.contacts (id, name, phone, email, whatsapp_connection_id, assigned_to) VALUES ('1d614ab2-12ff-42a3-b42c-b5717689c45a', 'MOCK_Bruno Santos', '+55119884530001', 'mock_bruno.santos@example.com', '7b6dd712-9428-4531-b46c-e8e7daacf9a1', 'b70992ab-4c75-4ebd-9b7f-8c9b0c053e90') ON CONFLICT (phone) DO NOTHING;
INSERT INTO public.conversations (id, contact_id, status, assigned_to, priority, message_count) VALUES ('787994d0-b68c-41f7-a56b-f13f9b2241e1', '1d614ab2-12ff-42a3-b42c-b5717689c45a', 'open', 'b70992ab-4c75-4ebd-9b7f-8c9b0c053e90', 'high', 10);
INSERT INTO public.messages (id, contact_id, sender, content, message_type, media_url, is_read, whatsapp_connection_id, agent_id, status, created_at) VALUES ('0c5b362d-d098-4da1-a3f8-705045bee551', '1d614ab2-12ff-42a3-b42c-b5717689c45a', 'agent', 'Olá, sou um dado mock!', 'text', NULL, true, '7b6dd712-9428-4531-b46c-e8e7daacf9a1', 'b70992ab-4c75-4ebd-9b7f-8c9b0c053e90', 'sent', '2026-05-04T13:50:44.017452');
INSERT INTO public.messages (id, contact_id, sender, content, message_type, media_url, is_read, whatsapp_connection_id, agent_id, status, created_at) VALUES ('58e6efbd-4291-4502-ac6c-b939bc78d0bf', '1d614ab2-12ff-42a3-b42c-b5717689c45a', 'contact', 'Testando a funcionalidade de chat.', 'text', NULL, true, '7b6dd712-9428-4531-b46c-e8e7daacf9a1', 'b70992ab-4c75-4ebd-9b7f-8c9b0c053e90', 'sent', '2026-04-30T23:10:44.017463');
INSERT INTO public.messages (id, contact_id, sender, content, message_type, media_url, is_read, whatsapp_connection_id, agent_id, status, created_at) VALUES ('06ed6233-c698-4956-b508-20689f1c4a00', '1d614ab2-12ff-42a3-b42c-b5717689c45a', 'agent', 'Esta é uma mensagem de teste.', 'text', NULL, true, '7b6dd712-9428-4531-b46c-e8e7daacf9a1', 'b70992ab-4c75-4ebd-9b7f-8c9b0c053e90', 'sent', '2026-04-29T15:09:44.017475');
INSERT INTO public.messages (id, contact_id, sender, content, message_type, media_url, is_read, whatsapp_connection_id, agent_id, status, created_at) VALUES ('52d5381e-4150-467f-9100-418807f25bea', '1d614ab2-12ff-42a3-b42c-b5717689c45a', 'agent', 'Como está o sistema hoje?', 'text', NULL, true, '7b6dd712-9428-4531-b46c-e8e7daacf9a1', 'b70992ab-4c75-4ebd-9b7f-8c9b0c053e90', 'sent', '2026-05-04T00:48:44.017485');
INSERT INTO public.messages (id, contact_id, sender, content, message_type, media_url, is_read, whatsapp_connection_id, agent_id, status, created_at) VALUES ('56199a48-5bac-4068-95a9-e533adaa0ed9', '1d614ab2-12ff-42a3-b42c-b5717689c45a', 'contact', 'Imagem de teste', 'image', 'https://picsum.photos/400/300', false, '7b6dd712-9428-4531-b46c-e8e7daacf9a1', 'b70992ab-4c75-4ebd-9b7f-8c9b0c053e90', 'sent', '2026-05-02T23:53:44.017514');
INSERT INTO public.messages (id, contact_id, sender, content, message_type, media_url, is_read, whatsapp_connection_id, agent_id, status, created_at) VALUES ('aaa28974-9d80-4e89-b2d6-37e28892364a', '1d614ab2-12ff-42a3-b42c-b5717689c45a', 'contact', 'Gostaria de saber mais sobre as novas features.', 'text', NULL, false, '7b6dd712-9428-4531-b46c-e8e7daacf9a1', 'b70992ab-4c75-4ebd-9b7f-8c9b0c053e90', 'sent', '2026-05-06T12:12:44.017553');
INSERT INTO public.messages (id, contact_id, sender, content, message_type, media_url, is_read, whatsapp_connection_id, agent_id, status, created_at) VALUES ('4a0dd189-7820-4339-a940-89163c9491d4', '1d614ab2-12ff-42a3-b42c-b5717689c45a', 'agent', 'Pode me ajudar com uma dúvida?', 'text', NULL, true, '7b6dd712-9428-4531-b46c-e8e7daacf9a1', 'b70992ab-4c75-4ebd-9b7f-8c9b0c053e90', 'sent', '2026-04-29T07:08:44.017570');
INSERT INTO public.messages (id, contact_id, sender, content, message_type, media_url, is_read, whatsapp_connection_id, agent_id, status, created_at) VALUES ('5cfb2ef7-25ec-44be-9b89-f45043d3369f', '1d614ab2-12ff-42a3-b42c-b5717689c45a', 'contact', 'Claro, qual seria?', 'text', NULL, true, '7b6dd712-9428-4531-b46c-e8e7daacf9a1', 'b70992ab-4c75-4ebd-9b7f-8c9b0c053e90', 'sent', '2026-05-04T17:27:44.017581');
INSERT INTO public.messages (id, contact_id, sender, content, message_type, media_url, is_read, whatsapp_connection_id, agent_id, status, created_at) VALUES ('8a36b521-1112-474c-9deb-0a03d5231cfb', '1d614ab2-12ff-42a3-b42c-b5717689c45a', 'contact', 'Obrigado pelo excelente atendimento!', 'text', NULL, true, '7b6dd712-9428-4531-b46c-e8e7daacf9a1', 'b70992ab-4c75-4ebd-9b7f-8c9b0c053e90', 'sent', '2026-05-06T18:15:44.017593');
INSERT INTO public.messages (id, contact_id, sender, content, message_type, media_url, is_read, whatsapp_connection_id, agent_id, status, created_at) VALUES ('f044c63f-e515-4c65-8b86-ca70529b69f6', '1d614ab2-12ff-42a3-b42c-b5717689c45a', 'contact', 'Até logo!', 'text', NULL, true, '7b6dd712-9428-4531-b46c-e8e7daacf9a1', 'b70992ab-4c75-4ebd-9b7f-8c9b0c053e90', 'sent', '2026-05-05T12:41:44.017603');
INSERT INTO public.contacts (id, name, phone, email, whatsapp_connection_id, assigned_to) VALUES ('eecf3b92-05c1-4e0b-b97e-b0b2f7161389', 'MOCK_Carla Oliveira', '+55119882330002', 'mock_carla.oliveira@example.com', '7b6dd712-9428-4531-b46c-e8e7daacf9a1', 'b70992ab-4c75-4ebd-9b7f-8c9b0c053e90') ON CONFLICT (phone) DO NOTHING;
INSERT INTO public.conversations (id, contact_id, status, assigned_to, priority, message_count) VALUES ('b602841a-c04f-4578-a128-6783933c88bc', 'eecf3b92-05c1-4e0b-b97e-b0b2f7161389', 'open', 'b70992ab-4c75-4ebd-9b7f-8c9b0c053e90', 'high', 10);
INSERT INTO public.messages (id, contact_id, sender, content, message_type, media_url, is_read, whatsapp_connection_id, agent_id, status, created_at) VALUES ('ec524ca1-5624-4d5b-af55-56f260b70f29', 'eecf3b92-05c1-4e0b-b97e-b0b2f7161389', 'agent', 'Olá, sou um dado mock!', 'text', NULL, true, '7b6dd712-9428-4531-b46c-e8e7daacf9a1', 'b70992ab-4c75-4ebd-9b7f-8c9b0c053e90', 'sent', '2026-05-01T07:36:44.017635');
INSERT INTO public.messages (id, contact_id, sender, content, message_type, media_url, is_read, whatsapp_connection_id, agent_id, status, created_at) VALUES ('74889276-57aa-47d7-a6a0-26a81804592d', 'eecf3b92-05c1-4e0b-b97e-b0b2f7161389', 'agent', 'Testando a funcionalidade de chat.', 'text', NULL, true, '7b6dd712-9428-4531-b46c-e8e7daacf9a1', 'b70992ab-4c75-4ebd-9b7f-8c9b0c053e90', 'sent', '2026-04-29T10:02:44.017646');
INSERT INTO public.messages (id, contact_id, sender, content, message_type, media_url, is_read, whatsapp_connection_id, agent_id, status, created_at) VALUES ('91f3b02b-5645-437a-be3d-401059950582', 'eecf3b92-05c1-4e0b-b97e-b0b2f7161389', 'agent', 'Esta é uma mensagem de teste.', 'text', NULL, true, '7b6dd712-9428-4531-b46c-e8e7daacf9a1', 'b70992ab-4c75-4ebd-9b7f-8c9b0c053e90', 'sent', '2026-05-01T07:05:44.017656');
INSERT INTO public.messages (id, contact_id, sender, content, message_type, media_url, is_read, whatsapp_connection_id, agent_id, status, created_at) VALUES ('4acbabf4-99e5-49b4-8b39-b92464d81570', 'eecf3b92-05c1-4e0b-b97e-b0b2f7161389', 'contact', 'Como está o sistema hoje?', 'text', NULL, false, '7b6dd712-9428-4531-b46c-e8e7daacf9a1', 'b70992ab-4c75-4ebd-9b7f-8c9b0c053e90', 'sent', '2026-05-01T20:18:44.017667');
INSERT INTO public.messages (id, contact_id, sender, content, message_type, media_url, is_read, whatsapp_connection_id, agent_id, status, created_at) VALUES ('90ec749c-3d5e-459e-be25-9350e3c64f71', 'eecf3b92-05c1-4e0b-b97e-b0b2f7161389', 'contact', 'Imagem de teste', 'image', 'https://picsum.photos/400/300', true, '7b6dd712-9428-4531-b46c-e8e7daacf9a1', 'b70992ab-4c75-4ebd-9b7f-8c9b0c053e90', 'sent', '2026-04-29T09:43:44.017680');
INSERT INTO public.messages (id, contact_id, sender, content, message_type, media_url, is_read, whatsapp_connection_id, agent_id, status, created_at) VALUES ('85163557-b8bb-41f4-a137-860411512568', 'eecf3b92-05c1-4e0b-b97e-b0b2f7161389', 'agent', 'Gostaria de saber mais sobre as novas features.', 'text', NULL, true, '7b6dd712-9428-4531-b46c-e8e7daacf9a1', 'b70992ab-4c75-4ebd-9b7f-8c9b0c053e90', 'sent', '2026-05-02T03:46:44.017692');
INSERT INTO public.messages (id, contact_id, sender, content, message_type, media_url, is_read, whatsapp_connection_id, agent_id, status, created_at) VALUES ('0d4a84be-d1de-467c-9f81-cc3291bcba06', 'eecf3b92-05c1-4e0b-b97e-b0b2f7161389', 'contact', 'Pode me ajudar com uma dúvida?', 'text', NULL, true, '7b6dd712-9428-4531-b46c-e8e7daacf9a1', 'b70992ab-4c75-4ebd-9b7f-8c9b0c053e90', 'sent', '2026-04-29T18:57:44.017703');
INSERT INTO public.messages (id, contact_id, sender, content, message_type, media_url, is_read, whatsapp_connection_id, agent_id, status, created_at) VALUES ('83d1c4ad-c8ee-46c9-a25b-fe89a85c13d6', 'eecf3b92-05c1-4e0b-b97e-b0b2f7161389', 'contact', 'Claro, qual seria?', 'text', NULL, false, '7b6dd712-9428-4531-b46c-e8e7daacf9a1', 'b70992ab-4c75-4ebd-9b7f-8c9b0c053e90', 'sent', '2026-05-03T15:17:44.017714');
INSERT INTO public.messages (id, contact_id, sender, content, message_type, media_url, is_read, whatsapp_connection_id, agent_id, status, created_at) VALUES ('55177c59-94ac-4101-b6c2-9d4e956d8a5b', 'eecf3b92-05c1-4e0b-b97e-b0b2f7161389', 'agent', 'Obrigado pelo excelente atendimento!', 'text', NULL, true, '7b6dd712-9428-4531-b46c-e8e7daacf9a1', 'b70992ab-4c75-4ebd-9b7f-8c9b0c053e90', 'sent', '2026-05-03T10:59:44.017725');
INSERT INTO public.messages (id, contact_id, sender, content, message_type, media_url, is_read, whatsapp_connection_id, agent_id, status, created_at) VALUES ('00419630-3ce6-4e33-8c89-b8ec9c1959e6', 'eecf3b92-05c1-4e0b-b97e-b0b2f7161389', 'contact', 'Até logo!', 'text', NULL, true, '7b6dd712-9428-4531-b46c-e8e7daacf9a1', 'b70992ab-4c75-4ebd-9b7f-8c9b0c053e90', 'sent', '2026-05-05T19:28:44.017736');
INSERT INTO public.contacts (id, name, phone, email, whatsapp_connection_id, assigned_to) VALUES ('f20ceda9-baa9-48f1-835a-0c5990a1c14c', 'MOCK_Daniel Lima', '+55119881610003', 'mock_daniel.lima@example.com', '7b6dd712-9428-4531-b46c-e8e7daacf9a1', 'b70992ab-4c75-4ebd-9b7f-8c9b0c053e90') ON CONFLICT (phone) DO NOTHING;
INSERT INTO public.conversations (id, contact_id, status, assigned_to, priority, message_count) VALUES ('77de7578-f202-40e9-88b3-9f8853a285ec', 'f20ceda9-baa9-48f1-835a-0c5990a1c14c', 'pending', 'b70992ab-4c75-4ebd-9b7f-8c9b0c053e90', 'high', 10);
INSERT INTO public.messages (id, contact_id, sender, content, message_type, media_url, is_read, whatsapp_connection_id, agent_id, status, created_at) VALUES ('8b229a85-2866-4ab7-a5e8-4228360ccabc', 'f20ceda9-baa9-48f1-835a-0c5990a1c14c', 'agent', 'Olá, sou um dado mock!', 'text', NULL, true, '7b6dd712-9428-4531-b46c-e8e7daacf9a1', 'b70992ab-4c75-4ebd-9b7f-8c9b0c053e90', 'sent', '2026-05-06T15:26:44.017765');
INSERT INTO public.messages (id, contact_id, sender, content, message_type, media_url, is_read, whatsapp_connection_id, agent_id, status, created_at) VALUES ('831f1421-cc9c-48f8-ae71-de5194441619', 'f20ceda9-baa9-48f1-835a-0c5990a1c14c', 'contact', 'Testando a funcionalidade de chat.', 'text', NULL, false, '7b6dd712-9428-4531-b46c-e8e7daacf9a1', 'b70992ab-4c75-4ebd-9b7f-8c9b0c053e90', 'sent', '2026-05-05T00:12:44.017776');
INSERT INTO public.messages (id, contact_id, sender, content, message_type, media_url, is_read, whatsapp_connection_id, agent_id, status, created_at) VALUES ('f8688a46-47b3-4eea-a0dc-60a0eebef79f', 'f20ceda9-baa9-48f1-835a-0c5990a1c14c', 'agent', 'Esta é uma mensagem de teste.', 'text', NULL, true, '7b6dd712-9428-4531-b46c-e8e7daacf9a1', 'b70992ab-4c75-4ebd-9b7f-8c9b0c053e90', 'sent', '2026-05-01T09:54:44.017787');
INSERT INTO public.messages (id, contact_id, sender, content, message_type, media_url, is_read, whatsapp_connection_id, agent_id, status, created_at) VALUES ('c1e45c1e-e5d3-4009-981c-5e9abc9721fe', 'f20ceda9-baa9-48f1-835a-0c5990a1c14c', 'agent', 'Como está o sistema hoje?', 'text', NULL, true, '7b6dd712-9428-4531-b46c-e8e7daacf9a1', 'b70992ab-4c75-4ebd-9b7f-8c9b0c053e90', 'sent', '2026-05-01T08:31:44.017817');
INSERT INTO public.messages (id, contact_id, sender, content, message_type, media_url, is_read, whatsapp_connection_id, agent_id, status, created_at) VALUES ('895c109a-814b-4fa0-a9e8-c4f9e8f7bcd0', 'f20ceda9-baa9-48f1-835a-0c5990a1c14c', 'contact', 'Imagem de teste', 'image', 'https://picsum.photos/400/300', true, '7b6dd712-9428-4531-b46c-e8e7daacf9a1', 'b70992ab-4c75-4ebd-9b7f-8c9b0c053e90', 'sent', '2026-04-30T06:00:44.017841');
INSERT INTO public.messages (id, contact_id, sender, content, message_type, media_url, is_read, whatsapp_connection_id, agent_id, status, created_at) VALUES ('181d38fe-062f-4016-b281-b34378d5341d', 'f20ceda9-baa9-48f1-835a-0c5990a1c14c', 'agent', 'Gostaria de saber mais sobre as novas features.', 'text', NULL, true, '7b6dd712-9428-4531-b46c-e8e7daacf9a1', 'b70992ab-4c75-4ebd-9b7f-8c9b0c053e90', 'sent', '2026-05-05T21:01:44.017856');
INSERT INTO public.messages (id, contact_id, sender, content, message_type, media_url, is_read, whatsapp_connection_id, agent_id, status, created_at) VALUES ('38f4014e-3d9c-44d1-9589-f133c4d069cc', 'f20ceda9-baa9-48f1-835a-0c5990a1c14c', 'agent', 'Pode me ajudar com uma dúvida?', 'text', NULL, true, '7b6dd712-9428-4531-b46c-e8e7daacf9a1', 'b70992ab-4c75-4ebd-9b7f-8c9b0c053e90', 'sent', '2026-05-05T15:51:44.017867');
INSERT INTO public.messages (id, contact_id, sender, content, message_type, media_url, is_read, whatsapp_connection_id, agent_id, status, created_at) VALUES ('4b3c8ad0-e861-412b-9e00-c9dd8a23d9be', 'f20ceda9-baa9-48f1-835a-0c5990a1c14c', 'agent', 'Claro, qual seria?', 'text', NULL, true, '7b6dd712-9428-4531-b46c-e8e7daacf9a1', 'b70992ab-4c75-4ebd-9b7f-8c9b0c053e90', 'sent', '2026-05-05T13:23:44.017877');
INSERT INTO public.messages (id, contact_id, sender, content, message_type, media_url, is_read, whatsapp_connection_id, agent_id, status, created_at) VALUES ('1676e645-fcec-4f3c-9d31-f0c6d698cdf8', 'f20ceda9-baa9-48f1-835a-0c5990a1c14c', 'agent', 'Obrigado pelo excelente atendimento!', 'text', NULL, true, '7b6dd712-9428-4531-b46c-e8e7daacf9a1', 'b70992ab-4c75-4ebd-9b7f-8c9b0c053e90', 'sent', '2026-05-04T12:58:44.017889');
INSERT INTO public.messages (id, contact_id, sender, content, message_type, media_url, is_read, whatsapp_connection_id, agent_id, status, created_at) VALUES ('eeac8763-4536-4ec7-b820-3c3d1a4446ad', 'f20ceda9-baa9-48f1-835a-0c5990a1c14c', 'contact', 'Até logo!', 'text', NULL, false, '7b6dd712-9428-4531-b46c-e8e7daacf9a1', 'b70992ab-4c75-4ebd-9b7f-8c9b0c053e90', 'sent', '2026-04-30T14:35:44.017900');
INSERT INTO public.contacts (id, name, phone, email, whatsapp_connection_id, assigned_to) VALUES ('032a3b00-6865-4fae-8739-43363807fccd', 'MOCK_Eduarda Costa', '+55119885180004', 'mock_eduarda.costa@example.com', '7b6dd712-9428-4531-b46c-e8e7daacf9a1', 'b70992ab-4c75-4ebd-9b7f-8c9b0c053e90') ON CONFLICT (phone) DO NOTHING;
INSERT INTO public.conversations (id, contact_id, status, assigned_to, priority, message_count) VALUES ('ae6bea61-e24b-419e-bd89-344d96d59654', '032a3b00-6865-4fae-8739-43363807fccd', 'pending', 'b70992ab-4c75-4ebd-9b7f-8c9b0c053e90', 'urgent', 10);
INSERT INTO public.messages (id, contact_id, sender, content, message_type, media_url, is_read, whatsapp_connection_id, agent_id, status, created_at) VALUES ('8a28edac-ae43-4395-a37c-83f44253481d', '032a3b00-6865-4fae-8739-43363807fccd', 'agent', 'Olá, sou um dado mock!', 'text', NULL, true, '7b6dd712-9428-4531-b46c-e8e7daacf9a1', 'b70992ab-4c75-4ebd-9b7f-8c9b0c053e90', 'sent', '2026-05-01T07:12:44.017931');
INSERT INTO public.messages (id, contact_id, sender, content, message_type, media_url, is_read, whatsapp_connection_id, agent_id, status, created_at) VALUES ('a5fb90e3-51d8-49f5-9d94-005cc949c050', '032a3b00-6865-4fae-8739-43363807fccd', 'agent', 'Testando a funcionalidade de chat.', 'text', NULL, true, '7b6dd712-9428-4531-b46c-e8e7daacf9a1', 'b70992ab-4c75-4ebd-9b7f-8c9b0c053e90', 'sent', '2026-05-03T09:10:44.017942');
INSERT INTO public.messages (id, contact_id, sender, content, message_type, media_url, is_read, whatsapp_connection_id, agent_id, status, created_at) VALUES ('2947aebb-0cad-40c7-bef9-8fc6a8ed19e7', '032a3b00-6865-4fae-8739-43363807fccd', 'agent', 'Esta é uma mensagem de teste.', 'text', NULL, true, '7b6dd712-9428-4531-b46c-e8e7daacf9a1', 'b70992ab-4c75-4ebd-9b7f-8c9b0c053e90', 'sent', '2026-04-29T21:51:44.017952');
INSERT INTO public.messages (id, contact_id, sender, content, message_type, media_url, is_read, whatsapp_connection_id, agent_id, status, created_at) VALUES ('b930f247-0be6-43a0-bd29-b9bbb6c708ea', '032a3b00-6865-4fae-8739-43363807fccd', 'contact', 'Como está o sistema hoje?', 'text', NULL, true, '7b6dd712-9428-4531-b46c-e8e7daacf9a1', 'b70992ab-4c75-4ebd-9b7f-8c9b0c053e90', 'sent', '2026-05-04T20:26:44.017963');
INSERT INTO public.messages (id, contact_id, sender, content, message_type, media_url, is_read, whatsapp_connection_id, agent_id, status, created_at) VALUES ('d4b84a2e-79b2-4eb2-9ee6-f7be0ee2f3f7', '032a3b00-6865-4fae-8739-43363807fccd', 'contact', 'Imagem de teste', 'image', 'https://picsum.photos/400/300', true, '7b6dd712-9428-4531-b46c-e8e7daacf9a1', 'b70992ab-4c75-4ebd-9b7f-8c9b0c053e90', 'sent', '2026-05-06T14:26:44.017974');
INSERT INTO public.messages (id, contact_id, sender, content, message_type, media_url, is_read, whatsapp_connection_id, agent_id, status, created_at) VALUES ('69ca5e99-1f8b-4b6c-9dc6-56dee695137a', '032a3b00-6865-4fae-8739-43363807fccd', 'contact', 'Gostaria de saber mais sobre as novas features.', 'text', NULL, false, '7b6dd712-9428-4531-b46c-e8e7daacf9a1', 'b70992ab-4c75-4ebd-9b7f-8c9b0c053e90', 'sent', '2026-05-01T10:47:44.017986');
INSERT INTO public.messages (id, contact_id, sender, content, message_type, media_url, is_read, whatsapp_connection_id, agent_id, status, created_at) VALUES ('b8091e89-4740-4fe9-8a8e-7776ed052c2f', '032a3b00-6865-4fae-8739-43363807fccd', 'agent', 'Pode me ajudar com uma dúvida?', 'text', NULL, true, '7b6dd712-9428-4531-b46c-e8e7daacf9a1', 'b70992ab-4c75-4ebd-9b7f-8c9b0c053e90', 'sent', '2026-05-04T10:29:44.017999');
INSERT INTO public.messages (id, contact_id, sender, content, message_type, media_url, is_read, whatsapp_connection_id, agent_id, status, created_at) VALUES ('96cfcc85-9539-4a09-b37d-28ce414840f6', '032a3b00-6865-4fae-8739-43363807fccd', 'agent', 'Claro, qual seria?', 'text', NULL, true, '7b6dd712-9428-4531-b46c-e8e7daacf9a1', 'b70992ab-4c75-4ebd-9b7f-8c9b0c053e90', 'sent', '2026-05-05T22:30:44.018010');
INSERT INTO public.messages (id, contact_id, sender, content, message_type, media_url, is_read, whatsapp_connection_id, agent_id, status, created_at) VALUES ('16fbb2fa-d1e6-459c-a802-0d06fd7b4d89', '032a3b00-6865-4fae-8739-43363807fccd', 'agent', 'Obrigado pelo excelente atendimento!', 'text', NULL, true, '7b6dd712-9428-4531-b46c-e8e7daacf9a1', 'b70992ab-4c75-4ebd-9b7f-8c9b0c053e90', 'sent', '2026-04-29T22:08:44.018021');
INSERT INTO public.messages (id, contact_id, sender, content, message_type, media_url, is_read, whatsapp_connection_id, agent_id, status, created_at) VALUES ('00df11f9-7ea8-44b4-8543-a216a6ff3c1c', '032a3b00-6865-4fae-8739-43363807fccd', 'agent', 'Até logo!', 'text', NULL, true, '7b6dd712-9428-4531-b46c-e8e7daacf9a1', 'b70992ab-4c75-4ebd-9b7f-8c9b0c053e90', 'sent', '2026-04-28T22:42:44.018032');
INSERT INTO public.contacts (id, name, phone, email, whatsapp_connection_id, assigned_to) VALUES ('c8a5da99-f053-4a01-b29c-ceb1559ad563', 'MOCK_Felipe Pereira', '+55119885700005', 'mock_felipe.pereira@example.com', '7b6dd712-9428-4531-b46c-e8e7daacf9a1', 'b70992ab-4c75-4ebd-9b7f-8c9b0c053e90') ON CONFLICT (phone) DO NOTHING;
INSERT INTO public.conversations (id, contact_id, status, assigned_to, priority, message_count) VALUES ('c835a97b-d397-492d-a496-2bbdcc523835', 'c8a5da99-f053-4a01-b29c-ceb1559ad563', 'open', 'b70992ab-4c75-4ebd-9b7f-8c9b0c053e90', 'medium', 10);
INSERT INTO public.messages (id, contact_id, sender, content, message_type, media_url, is_read, whatsapp_connection_id, agent_id, status, created_at) VALUES ('9cd3948c-f0db-416e-b440-0375a1c4268d', 'c8a5da99-f053-4a01-b29c-ceb1559ad563', 'agent', 'Olá, sou um dado mock!', 'text', NULL, true, '7b6dd712-9428-4531-b46c-e8e7daacf9a1', 'b70992ab-4c75-4ebd-9b7f-8c9b0c053e90', 'sent', '2026-05-03T13:29:44.018056');
INSERT INTO public.messages (id, contact_id, sender, content, message_type, media_url, is_read, whatsapp_connection_id, agent_id, status, created_at) VALUES ('d8745acc-f6a0-407c-8047-1bc6013c2b14', 'c8a5da99-f053-4a01-b29c-ceb1559ad563', 'agent', 'Testando a funcionalidade de chat.', 'text', NULL, true, '7b6dd712-9428-4531-b46c-e8e7daacf9a1', 'b70992ab-4c75-4ebd-9b7f-8c9b0c053e90', 'sent', '2026-04-29T00:33:44.018066');
INSERT INTO public.messages (id, contact_id, sender, content, message_type, media_url, is_read, whatsapp_connection_id, agent_id, status, created_at) VALUES ('85e5f63b-60a6-4b6e-a1b4-0e41dc70deb0', 'c8a5da99-f053-4a01-b29c-ceb1559ad563', 'agent', 'Esta é uma mensagem de teste.', 'text', NULL, true, '7b6dd712-9428-4531-b46c-e8e7daacf9a1', 'b70992ab-4c75-4ebd-9b7f-8c9b0c053e90', 'sent', '2026-04-30T05:58:44.018076');
INSERT INTO public.messages (id, contact_id, sender, content, message_type, media_url, is_read, whatsapp_connection_id, agent_id, status, created_at) VALUES ('9a20cf03-39f8-4ce5-9b1d-caa9e5869cb8', 'c8a5da99-f053-4a01-b29c-ceb1559ad563', 'contact', 'Como está o sistema hoje?', 'text', NULL, true, '7b6dd712-9428-4531-b46c-e8e7daacf9a1', 'b70992ab-4c75-4ebd-9b7f-8c9b0c053e90', 'sent', '2026-05-02T04:17:44.018086');
INSERT INTO public.messages (id, contact_id, sender, content, message_type, media_url, is_read, whatsapp_connection_id, agent_id, status, created_at) VALUES ('3c69f790-d46c-4a69-8820-7c95ca57c85c', 'c8a5da99-f053-4a01-b29c-ceb1559ad563', 'agent', 'Imagem de teste', 'image', 'https://picsum.photos/400/300', true, '7b6dd712-9428-4531-b46c-e8e7daacf9a1', 'b70992ab-4c75-4ebd-9b7f-8c9b0c053e90', 'sent', '2026-05-04T13:38:44.018100');
INSERT INTO public.messages (id, contact_id, sender, content, message_type, media_url, is_read, whatsapp_connection_id, agent_id, status, created_at) VALUES ('2cbf18ad-1e2c-4019-9e80-9fe5eb723aba', 'c8a5da99-f053-4a01-b29c-ceb1559ad563', 'contact', 'Gostaria de saber mais sobre as novas features.', 'text', NULL, true, '7b6dd712-9428-4531-b46c-e8e7daacf9a1', 'b70992ab-4c75-4ebd-9b7f-8c9b0c053e90', 'sent', '2026-05-02T22:41:44.018110');
INSERT INTO public.messages (id, contact_id, sender, content, message_type, media_url, is_read, whatsapp_connection_id, agent_id, status, created_at) VALUES ('ca6b1f17-896c-4f2b-96e3-374b806a2642', 'c8a5da99-f053-4a01-b29c-ceb1559ad563', 'contact', 'Pode me ajudar com uma dúvida?', 'text', NULL, false, '7b6dd712-9428-4531-b46c-e8e7daacf9a1', 'b70992ab-4c75-4ebd-9b7f-8c9b0c053e90', 'sent', '2026-05-03T00:03:44.018122');
INSERT INTO public.messages (id, contact_id, sender, content, message_type, media_url, is_read, whatsapp_connection_id, agent_id, status, created_at) VALUES ('fa466066-1819-4d1e-97dd-d387ebf611c8', 'c8a5da99-f053-4a01-b29c-ceb1559ad563', 'agent', 'Claro, qual seria?', 'text', NULL, true, '7b6dd712-9428-4531-b46c-e8e7daacf9a1', 'b70992ab-4c75-4ebd-9b7f-8c9b0c053e90', 'sent', '2026-05-05T03:18:44.018133');
INSERT INTO public.messages (id, contact_id, sender, content, message_type, media_url, is_read, whatsapp_connection_id, agent_id, status, created_at) VALUES ('ae69bdf1-4620-4a90-bc01-b282d8ff751f', 'c8a5da99-f053-4a01-b29c-ceb1559ad563', 'contact', 'Obrigado pelo excelente atendimento!', 'text', NULL, true, '7b6dd712-9428-4531-b46c-e8e7daacf9a1', 'b70992ab-4c75-4ebd-9b7f-8c9b0c053e90', 'sent', '2026-05-01T18:54:44.018143');
INSERT INTO public.messages (id, contact_id, sender, content, message_type, media_url, is_read, whatsapp_connection_id, agent_id, status, created_at) VALUES ('b5cd0c86-8c15-4b56-a652-601d3e5ff401', 'c8a5da99-f053-4a01-b29c-ceb1559ad563', 'agent', 'Até logo!', 'text', NULL, true, '7b6dd712-9428-4531-b46c-e8e7daacf9a1', 'b70992ab-4c75-4ebd-9b7f-8c9b0c053e90', 'sent', '2026-05-06T09:24:44.018156');
INSERT INTO public.contacts (id, name, phone, email, whatsapp_connection_id, assigned_to) VALUES ('c877af16-7cb9-422f-b65a-d7226d6e6095', 'MOCK_Gabriela Rocha', '+55119885360006', 'mock_gabriela.rocha@example.com', '7b6dd712-9428-4531-b46c-e8e7daacf9a1', 'b70992ab-4c75-4ebd-9b7f-8c9b0c053e90') ON CONFLICT (phone) DO NOTHING;
INSERT INTO public.conversations (id, contact_id, status, assigned_to, priority, message_count) VALUES ('1196daed-ee8e-4ccd-aa18-e490f129e30e', 'c877af16-7cb9-422f-b65a-d7226d6e6095', 'pending', 'b70992ab-4c75-4ebd-9b7f-8c9b0c053e90', 'high', 10);
INSERT INTO public.messages (id, contact_id, sender, content, message_type, media_url, is_read, whatsapp_connection_id, agent_id, status, created_at) VALUES ('af18ac42-85a4-44f1-a8c8-3fd5be95f001', 'c877af16-7cb9-422f-b65a-d7226d6e6095', 'agent', 'Olá, sou um dado mock!', 'text', NULL, true, '7b6dd712-9428-4531-b46c-e8e7daacf9a1', 'b70992ab-4c75-4ebd-9b7f-8c9b0c053e90', 'sent', '2026-05-02T07:30:44.018181');
INSERT INTO public.messages (id, contact_id, sender, content, message_type, media_url, is_read, whatsapp_connection_id, agent_id, status, created_at) VALUES ('c941ba3d-9563-44de-af16-d9f93b360d33', 'c877af16-7cb9-422f-b65a-d7226d6e6095', 'agent', 'Testando a funcionalidade de chat.', 'text', NULL, true, '7b6dd712-9428-4531-b46c-e8e7daacf9a1', 'b70992ab-4c75-4ebd-9b7f-8c9b0c053e90', 'sent', '2026-04-30T12:33:44.018191');
INSERT INTO public.messages (id, contact_id, sender, content, message_type, media_url, is_read, whatsapp_connection_id, agent_id, status, created_at) VALUES ('90b6e0f4-0d1d-462a-b439-56b1d36dfc78', 'c877af16-7cb9-422f-b65a-d7226d6e6095', 'agent', 'Esta é uma mensagem de teste.', 'text', NULL, true, '7b6dd712-9428-4531-b46c-e8e7daacf9a1', 'b70992ab-4c75-4ebd-9b7f-8c9b0c053e90', 'sent', '2026-04-30T05:50:44.018201');
INSERT INTO public.messages (id, contact_id, sender, content, message_type, media_url, is_read, whatsapp_connection_id, agent_id, status, created_at) VALUES ('2908ebd0-fdc4-404d-ba0d-e8b54e56f023', 'c877af16-7cb9-422f-b65a-d7226d6e6095', 'contact', 'Como está o sistema hoje?', 'text', NULL, false, '7b6dd712-9428-4531-b46c-e8e7daacf9a1', 'b70992ab-4c75-4ebd-9b7f-8c9b0c053e90', 'sent', '2026-05-05T12:20:44.018211');
INSERT INTO public.messages (id, contact_id, sender, content, message_type, media_url, is_read, whatsapp_connection_id, agent_id, status, created_at) VALUES ('a132713b-c363-46e8-893a-fb15d34a0aa8', 'c877af16-7cb9-422f-b65a-d7226d6e6095', 'agent', 'Imagem de teste', 'image', 'https://picsum.photos/400/300', true, '7b6dd712-9428-4531-b46c-e8e7daacf9a1', 'b70992ab-4c75-4ebd-9b7f-8c9b0c053e90', 'sent', '2026-05-03T18:39:44.018222');
INSERT INTO public.messages (id, contact_id, sender, content, message_type, media_url, is_read, whatsapp_connection_id, agent_id, status, created_at) VALUES ('58af39a4-3cfc-4d4a-8ec2-c2cd5372b685', 'c877af16-7cb9-422f-b65a-d7226d6e6095', 'agent', 'Gostaria de saber mais sobre as novas features.', 'text', NULL, true, '7b6dd712-9428-4531-b46c-e8e7daacf9a1', 'b70992ab-4c75-4ebd-9b7f-8c9b0c053e90', 'sent', '2026-05-05T08:42:44.018232');
INSERT INTO public.messages (id, contact_id, sender, content, message_type, media_url, is_read, whatsapp_connection_id, agent_id, status, created_at) VALUES ('5fda847f-46d7-406f-90d9-88e81e35ee16', 'c877af16-7cb9-422f-b65a-d7226d6e6095', 'agent', 'Pode me ajudar com uma dúvida?', 'text', NULL, true, '7b6dd712-9428-4531-b46c-e8e7daacf9a1', 'b70992ab-4c75-4ebd-9b7f-8c9b0c053e90', 'sent', '2026-05-06T14:11:44.018242');
INSERT INTO public.messages (id, contact_id, sender, content, message_type, media_url, is_read, whatsapp_connection_id, agent_id, status, created_at) VALUES ('518b62dd-5975-49df-bcc5-823a2a002ece', 'c877af16-7cb9-422f-b65a-d7226d6e6095', 'contact', 'Claro, qual seria?', 'text', NULL, false, '7b6dd712-9428-4531-b46c-e8e7daacf9a1', 'b70992ab-4c75-4ebd-9b7f-8c9b0c053e90', 'sent', '2026-05-05T22:11:44.018252');
INSERT INTO public.messages (id, contact_id, sender, content, message_type, media_url, is_read, whatsapp_connection_id, agent_id, status, created_at) VALUES ('52ae3662-69c0-464f-99b0-4a28c7bdec43', 'c877af16-7cb9-422f-b65a-d7226d6e6095', 'agent', 'Obrigado pelo excelente atendimento!', 'text', NULL, true, '7b6dd712-9428-4531-b46c-e8e7daacf9a1', 'b70992ab-4c75-4ebd-9b7f-8c9b0c053e90', 'sent', '2026-05-03T23:19:44.018262');
INSERT INTO public.messages (id, contact_id, sender, content, message_type, media_url, is_read, whatsapp_connection_id, agent_id, status, created_at) VALUES ('9e615932-cf24-4a0c-b871-adcbf66020e6', 'c877af16-7cb9-422f-b65a-d7226d6e6095', 'agent', 'Até logo!', 'text', NULL, true, '7b6dd712-9428-4531-b46c-e8e7daacf9a1', 'b70992ab-4c75-4ebd-9b7f-8c9b0c053e90', 'sent', '2026-04-30T08:19:44.018272');
INSERT INTO public.contacts (id, name, phone, email, whatsapp_connection_id, assigned_to) VALUES ('1de1b397-02e0-4d7b-93a3-a5374cec6b81', 'MOCK_Hugo Souza', '+55119881710007', 'mock_hugo.souza@example.com', '7b6dd712-9428-4531-b46c-e8e7daacf9a1', 'b70992ab-4c75-4ebd-9b7f-8c9b0c053e90') ON CONFLICT (phone) DO NOTHING;
INSERT INTO public.conversations (id, contact_id, status, assigned_to, priority, message_count) VALUES ('2e8fbdf7-9c14-4376-b99e-bf14af2f1aaf', '1de1b397-02e0-4d7b-93a3-a5374cec6b81', 'closed', 'b70992ab-4c75-4ebd-9b7f-8c9b0c053e90', 'low', 10);
INSERT INTO public.messages (id, contact_id, sender, content, message_type, media_url, is_read, whatsapp_connection_id, agent_id, status, created_at) VALUES ('7d5f0c14-ef13-49a4-9ccf-8c35474c9cb4', '1de1b397-02e0-4d7b-93a3-a5374cec6b81', 'agent', 'Olá, sou um dado mock!', 'text', NULL, true, '7b6dd712-9428-4531-b46c-e8e7daacf9a1', 'b70992ab-4c75-4ebd-9b7f-8c9b0c053e90', 'sent', '2026-04-28T19:18:44.018296');
INSERT INTO public.messages (id, contact_id, sender, content, message_type, media_url, is_read, whatsapp_connection_id, agent_id, status, created_at) VALUES ('3c523a37-170a-4625-b5df-e855bc0f4847', '1de1b397-02e0-4d7b-93a3-a5374cec6b81', 'contact', 'Testando a funcionalidade de chat.', 'text', NULL, true, '7b6dd712-9428-4531-b46c-e8e7daacf9a1', 'b70992ab-4c75-4ebd-9b7f-8c9b0c053e90', 'sent', '2026-05-02T03:43:44.018309');
INSERT INTO public.messages (id, contact_id, sender, content, message_type, media_url, is_read, whatsapp_connection_id, agent_id, status, created_at) VALUES ('50b33b6b-403d-48b2-9930-17599b333011', '1de1b397-02e0-4d7b-93a3-a5374cec6b81', 'agent', 'Esta é uma mensagem de teste.', 'text', NULL, true, '7b6dd712-9428-4531-b46c-e8e7daacf9a1', 'b70992ab-4c75-4ebd-9b7f-8c9b0c053e90', 'sent', '2026-04-30T16:32:44.018319');
INSERT INTO public.messages (id, contact_id, sender, content, message_type, media_url, is_read, whatsapp_connection_id, agent_id, status, created_at) VALUES ('a2205a7f-97e3-4b4f-9e1e-1b5e48ce0a20', '1de1b397-02e0-4d7b-93a3-a5374cec6b81', 'contact', 'Como está o sistema hoje?', 'text', NULL, false, '7b6dd712-9428-4531-b46c-e8e7daacf9a1', 'b70992ab-4c75-4ebd-9b7f-8c9b0c053e90', 'sent', '2026-04-29T04:24:44.018329');
INSERT INTO public.messages (id, contact_id, sender, content, message_type, media_url, is_read, whatsapp_connection_id, agent_id, status, created_at) VALUES ('d526f5f2-2996-4b39-89ea-b90417cd748b', '1de1b397-02e0-4d7b-93a3-a5374cec6b81', 'contact', 'Imagem de teste', 'image', 'https://picsum.photos/400/300', false, '7b6dd712-9428-4531-b46c-e8e7daacf9a1', 'b70992ab-4c75-4ebd-9b7f-8c9b0c053e90', 'sent', '2026-05-06T16:06:44.018340');
INSERT INTO public.messages (id, contact_id, sender, content, message_type, media_url, is_read, whatsapp_connection_id, agent_id, status, created_at) VALUES ('3b3917b6-80aa-4bcc-9023-1de194f7c23a', '1de1b397-02e0-4d7b-93a3-a5374cec6b81', 'contact', 'Gostaria de saber mais sobre as novas features.', 'text', NULL, false, '7b6dd712-9428-4531-b46c-e8e7daacf9a1', 'b70992ab-4c75-4ebd-9b7f-8c9b0c053e90', 'sent', '2026-05-01T20:48:44.018351');
INSERT INTO public.messages (id, contact_id, sender, content, message_type, media_url, is_read, whatsapp_connection_id, agent_id, status, created_at) VALUES ('953e1a7e-281d-4165-ac28-30b8696a6148', '1de1b397-02e0-4d7b-93a3-a5374cec6b81', 'contact', 'Pode me ajudar com uma dúvida?', 'text', NULL, false, '7b6dd712-9428-4531-b46c-e8e7daacf9a1', 'b70992ab-4c75-4ebd-9b7f-8c9b0c053e90', 'sent', '2026-04-28T19:38:44.018362');
INSERT INTO public.messages (id, contact_id, sender, content, message_type, media_url, is_read, whatsapp_connection_id, agent_id, status, created_at) VALUES ('d8f17e4b-313f-4d36-9f59-22bbbe547f45', '1de1b397-02e0-4d7b-93a3-a5374cec6b81', 'agent', 'Claro, qual seria?', 'text', NULL, true, '7b6dd712-9428-4531-b46c-e8e7daacf9a1', 'b70992ab-4c75-4ebd-9b7f-8c9b0c053e90', 'sent', '2026-04-29T16:28:44.018373');
INSERT INTO public.messages (id, contact_id, sender, content, message_type, media_url, is_read, whatsapp_connection_id, agent_id, status, created_at) VALUES ('e76fd4e3-f2ce-4394-9922-6d2b70c04173', '1de1b397-02e0-4d7b-93a3-a5374cec6b81', 'agent', 'Obrigado pelo excelente atendimento!', 'text', NULL, true, '7b6dd712-9428-4531-b46c-e8e7daacf9a1', 'b70992ab-4c75-4ebd-9b7f-8c9b0c053e90', 'sent', '2026-04-29T07:05:44.018383');
INSERT INTO public.messages (id, contact_id, sender, content, message_type, media_url, is_read, whatsapp_connection_id, agent_id, status, created_at) VALUES ('8762e95a-6f1a-4b71-80c8-52d0eb3f0321', '1de1b397-02e0-4d7b-93a3-a5374cec6b81', 'contact', 'Até logo!', 'text', NULL, false, '7b6dd712-9428-4531-b46c-e8e7daacf9a1', 'b70992ab-4c75-4ebd-9b7f-8c9b0c053e90', 'sent', '2026-05-03T01:15:44.018393');
INSERT INTO public.contacts (id, name, phone, email, whatsapp_connection_id, assigned_to) VALUES ('2bb17491-5396-4839-a58a-fc9e9c335364', 'MOCK_Isabela Martins', '+55119889600008', 'mock_isabela.martins@example.com', '7b6dd712-9428-4531-b46c-e8e7daacf9a1', 'b70992ab-4c75-4ebd-9b7f-8c9b0c053e90') ON CONFLICT (phone) DO NOTHING;
INSERT INTO public.conversations (id, contact_id, status, assigned_to, priority, message_count) VALUES ('bc1219a1-66a8-470a-bf6f-908a6e61971a', '2bb17491-5396-4839-a58a-fc9e9c335364', 'pending', 'b70992ab-4c75-4ebd-9b7f-8c9b0c053e90', 'urgent', 10);
INSERT INTO public.messages (id, contact_id, sender, content, message_type, media_url, is_read, whatsapp_connection_id, agent_id, status, created_at) VALUES ('d0372488-1405-413a-a6a2-a5090bc38f38', '2bb17491-5396-4839-a58a-fc9e9c335364', 'agent', 'Olá, sou um dado mock!', 'text', NULL, true, '7b6dd712-9428-4531-b46c-e8e7daacf9a1', 'b70992ab-4c75-4ebd-9b7f-8c9b0c053e90', 'sent', '2026-05-03T14:54:44.018417');
INSERT INTO public.messages (id, contact_id, sender, content, message_type, media_url, is_read, whatsapp_connection_id, agent_id, status, created_at) VALUES ('e07d993b-2b78-42df-9b4c-b2bc17b48da7', '2bb17491-5396-4839-a58a-fc9e9c335364', 'agent', 'Testando a funcionalidade de chat.', 'text', NULL, true, '7b6dd712-9428-4531-b46c-e8e7daacf9a1', 'b70992ab-4c75-4ebd-9b7f-8c9b0c053e90', 'sent', '2026-04-29T08:07:44.018429');
INSERT INTO public.messages (id, contact_id, sender, content, message_type, media_url, is_read, whatsapp_connection_id, agent_id, status, created_at) VALUES ('ff3114a9-6e13-4edb-8ee2-d9fe980d0ce2', '2bb17491-5396-4839-a58a-fc9e9c335364', 'agent', 'Esta é uma mensagem de teste.', 'text', NULL, true, '7b6dd712-9428-4531-b46c-e8e7daacf9a1', 'b70992ab-4c75-4ebd-9b7f-8c9b0c053e90', 'sent', '2026-04-30T17:08:44.018439');
INSERT INTO public.messages (id, contact_id, sender, content, message_type, media_url, is_read, whatsapp_connection_id, agent_id, status, created_at) VALUES ('593440c7-07d8-402a-bae3-b9b5843d73a5', '2bb17491-5396-4839-a58a-fc9e9c335364', 'agent', 'Como está o sistema hoje?', 'text', NULL, true, '7b6dd712-9428-4531-b46c-e8e7daacf9a1', 'b70992ab-4c75-4ebd-9b7f-8c9b0c053e90', 'sent', '2026-05-03T03:36:44.018449');
INSERT INTO public.messages (id, contact_id, sender, content, message_type, media_url, is_read, whatsapp_connection_id, agent_id, status, created_at) VALUES ('c8d014bc-3200-4d4a-89a6-991addc00e30', '2bb17491-5396-4839-a58a-fc9e9c335364', 'contact', 'Imagem de teste', 'image', 'https://picsum.photos/400/300', true, '7b6dd712-9428-4531-b46c-e8e7daacf9a1', 'b70992ab-4c75-4ebd-9b7f-8c9b0c053e90', 'sent', '2026-05-02T23:44:44.018458');
INSERT INTO public.messages (id, contact_id, sender, content, message_type, media_url, is_read, whatsapp_connection_id, agent_id, status, created_at) VALUES ('17f9734b-131d-4a1d-9f21-5e7327f020a0', '2bb17491-5396-4839-a58a-fc9e9c335364', 'agent', 'Gostaria de saber mais sobre as novas features.', 'text', NULL, true, '7b6dd712-9428-4531-b46c-e8e7daacf9a1', 'b70992ab-4c75-4ebd-9b7f-8c9b0c053e90', 'sent', '2026-05-03T19:14:44.018469');
INSERT INTO public.messages (id, contact_id, sender, content, message_type, media_url, is_read, whatsapp_connection_id, agent_id, status, created_at) VALUES ('5c4efdcb-a8d0-45e6-a43c-0e6ed6d0accb', '2bb17491-5396-4839-a58a-fc9e9c335364', 'contact', 'Pode me ajudar com uma dúvida?', 'text', NULL, true, '7b6dd712-9428-4531-b46c-e8e7daacf9a1', 'b70992ab-4c75-4ebd-9b7f-8c9b0c053e90', 'sent', '2026-05-04T07:40:44.018480');
INSERT INTO public.messages (id, contact_id, sender, content, message_type, media_url, is_read, whatsapp_connection_id, agent_id, status, created_at) VALUES ('abcf690e-d906-4a30-9a01-e45b28c9d9f5', '2bb17491-5396-4839-a58a-fc9e9c335364', 'contact', 'Claro, qual seria?', 'text', NULL, false, '7b6dd712-9428-4531-b46c-e8e7daacf9a1', 'b70992ab-4c75-4ebd-9b7f-8c9b0c053e90', 'sent', '2026-05-01T13:10:44.018496');
INSERT INTO public.messages (id, contact_id, sender, content, message_type, media_url, is_read, whatsapp_connection_id, agent_id, status, created_at) VALUES ('65c84fe2-1562-4eca-b5de-3bd177c6e655', '2bb17491-5396-4839-a58a-fc9e9c335364', 'contact', 'Obrigado pelo excelente atendimento!', 'text', NULL, true, '7b6dd712-9428-4531-b46c-e8e7daacf9a1', 'b70992ab-4c75-4ebd-9b7f-8c9b0c053e90', 'sent', '2026-05-05T11:37:44.018511');
INSERT INTO public.messages (id, contact_id, sender, content, message_type, media_url, is_read, whatsapp_connection_id, agent_id, status, created_at) VALUES ('588a057a-439c-48fb-ad7d-4d010492eee7', '2bb17491-5396-4839-a58a-fc9e9c335364', 'contact', 'Até logo!', 'text', NULL, true, '7b6dd712-9428-4531-b46c-e8e7daacf9a1', 'b70992ab-4c75-4ebd-9b7f-8c9b0c053e90', 'sent', '2026-05-04T11:47:44.018523');
INSERT INTO public.contacts (id, name, phone, email, whatsapp_connection_id, assigned_to) VALUES ('f223724e-6cfe-4909-a966-ae44644b82da', 'MOCK_João Ferreira', '+55119887710009', 'mock_joão.ferreira@example.com', '7b6dd712-9428-4531-b46c-e8e7daacf9a1', 'b70992ab-4c75-4ebd-9b7f-8c9b0c053e90') ON CONFLICT (phone) DO NOTHING;
INSERT INTO public.conversations (id, contact_id, status, assigned_to, priority, message_count) VALUES ('f6900bae-4526-4a6e-a695-2b0c92330d76', 'f223724e-6cfe-4909-a966-ae44644b82da', 'closed', 'b70992ab-4c75-4ebd-9b7f-8c9b0c053e90', 'low', 10);
INSERT INTO public.messages (id, contact_id, sender, content, message_type, media_url, is_read, whatsapp_connection_id, agent_id, status, created_at) VALUES ('e04b47a4-7ca4-4985-b306-0f918596c512', 'f223724e-6cfe-4909-a966-ae44644b82da', 'agent', 'Olá, sou um dado mock!', 'text', NULL, true, '7b6dd712-9428-4531-b46c-e8e7daacf9a1', 'b70992ab-4c75-4ebd-9b7f-8c9b0c053e90', 'sent', '2026-05-05T11:56:44.018599');
INSERT INTO public.messages (id, contact_id, sender, content, message_type, media_url, is_read, whatsapp_connection_id, agent_id, status, created_at) VALUES ('373f9bf4-c332-4ddb-8181-396952f6f392', 'f223724e-6cfe-4909-a966-ae44644b82da', 'contact', 'Testando a funcionalidade de chat.', 'text', NULL, false, '7b6dd712-9428-4531-b46c-e8e7daacf9a1', 'b70992ab-4c75-4ebd-9b7f-8c9b0c053e90', 'sent', '2026-04-30T10:58:44.018612');
INSERT INTO public.messages (id, contact_id, sender, content, message_type, media_url, is_read, whatsapp_connection_id, agent_id, status, created_at) VALUES ('55f81489-ad92-4d7d-b824-45c5805a9ea4', 'f223724e-6cfe-4909-a966-ae44644b82da', 'agent', 'Esta é uma mensagem de teste.', 'text', NULL, true, '7b6dd712-9428-4531-b46c-e8e7daacf9a1', 'b70992ab-4c75-4ebd-9b7f-8c9b0c053e90', 'sent', '2026-05-06T07:09:44.018623');
INSERT INTO public.messages (id, contact_id, sender, content, message_type, media_url, is_read, whatsapp_connection_id, agent_id, status, created_at) VALUES ('15cfa753-43bd-47e7-9f7d-7b50e3307789', 'f223724e-6cfe-4909-a966-ae44644b82da', 'contact', 'Como está o sistema hoje?', 'text', NULL, true, '7b6dd712-9428-4531-b46c-e8e7daacf9a1', 'b70992ab-4c75-4ebd-9b7f-8c9b0c053e90', 'sent', '2026-05-05T21:43:44.018636');
INSERT INTO public.messages (id, contact_id, sender, content, message_type, media_url, is_read, whatsapp_connection_id, agent_id, status, created_at) VALUES ('a63401bc-bf83-4efd-b801-db01ee4ef1f7', 'f223724e-6cfe-4909-a966-ae44644b82da', 'agent', 'Imagem de teste', 'image', 'https://picsum.photos/400/300', true, '7b6dd712-9428-4531-b46c-e8e7daacf9a1', 'b70992ab-4c75-4ebd-9b7f-8c9b0c053e90', 'sent', '2026-05-02T00:39:44.018646');
INSERT INTO public.messages (id, contact_id, sender, content, message_type, media_url, is_read, whatsapp_connection_id, agent_id, status, created_at) VALUES ('ad9881ce-4fc7-483a-9538-35ecad3bf68b', 'f223724e-6cfe-4909-a966-ae44644b82da', 'agent', 'Gostaria de saber mais sobre as novas features.', 'text', NULL, true, '7b6dd712-9428-4531-b46c-e8e7daacf9a1', 'b70992ab-4c75-4ebd-9b7f-8c9b0c053e90', 'sent', '2026-04-29T06:52:44.018657');
INSERT INTO public.messages (id, contact_id, sender, content, message_type, media_url, is_read, whatsapp_connection_id, agent_id, status, created_at) VALUES ('1862d19d-c3c5-4a14-857d-10c48d683808', 'f223724e-6cfe-4909-a966-ae44644b82da', 'agent', 'Pode me ajudar com uma dúvida?', 'text', NULL, true, '7b6dd712-9428-4531-b46c-e8e7daacf9a1', 'b70992ab-4c75-4ebd-9b7f-8c9b0c053e90', 'sent', '2026-05-01T20:35:44.018667');
INSERT INTO public.messages (id, contact_id, sender, content, message_type, media_url, is_read, whatsapp_connection_id, agent_id, status, created_at) VALUES ('f5e05c61-9818-40f6-8cfa-7660e3917941', 'f223724e-6cfe-4909-a966-ae44644b82da', 'agent', 'Claro, qual seria?', 'text', NULL, true, '7b6dd712-9428-4531-b46c-e8e7daacf9a1', 'b70992ab-4c75-4ebd-9b7f-8c9b0c053e90', 'sent', '2026-05-01T14:00:44.018677');
INSERT INTO public.messages (id, contact_id, sender, content, message_type, media_url, is_read, whatsapp_connection_id, agent_id, status, created_at) VALUES ('c4424836-0e15-46e3-b6b2-db3549039d9a', 'f223724e-6cfe-4909-a966-ae44644b82da', 'contact', 'Obrigado pelo excelente atendimento!', 'text', NULL, true, '7b6dd712-9428-4531-b46c-e8e7daacf9a1', 'b70992ab-4c75-4ebd-9b7f-8c9b0c053e90', 'sent', '2026-05-05T11:41:44.018687');
INSERT INTO public.messages (id, contact_id, sender, content, message_type, media_url, is_read, whatsapp_connection_id, agent_id, status, created_at) VALUES ('b08d521e-c05e-475f-b76a-c6e440c12aaf', 'f223724e-6cfe-4909-a966-ae44644b82da', 'agent', 'Até logo!', 'text', NULL, true, '7b6dd712-9428-4531-b46c-e8e7daacf9a1', 'b70992ab-4c75-4ebd-9b7f-8c9b0c053e90', 'sent', '2026-04-30T13:06:44.018698');
INSERT INTO public.contacts (id, name, phone, email, whatsapp_connection_id, assigned_to) VALUES ('d7714f52-d893-4330-9ded-389e459abcb9', 'MOCK_Karen Alves', '+55119886990010', 'mock_karen.alves@example.com', '7b6dd712-9428-4531-b46c-e8e7daacf9a1', 'b70992ab-4c75-4ebd-9b7f-8c9b0c053e90') ON CONFLICT (phone) DO NOTHING;
INSERT INTO public.conversations (id, contact_id, status, assigned_to, priority, message_count) VALUES ('6fc39bb5-f1e0-46cb-b466-ca4c3db89cd6', 'd7714f52-d893-4330-9ded-389e459abcb9', 'pending', 'b70992ab-4c75-4ebd-9b7f-8c9b0c053e90', 'high', 10);
INSERT INTO public.messages (id, contact_id, sender, content, message_type, media_url, is_read, whatsapp_connection_id, agent_id, status, created_at) VALUES ('fa56ad28-0698-45bc-acf8-bf824d999813', 'd7714f52-d893-4330-9ded-389e459abcb9', 'agent', 'Olá, sou um dado mock!', 'text', NULL, true, '7b6dd712-9428-4531-b46c-e8e7daacf9a1', 'b70992ab-4c75-4ebd-9b7f-8c9b0c053e90', 'sent', '2026-05-06T05:07:44.018723');
INSERT INTO public.messages (id, contact_id, sender, content, message_type, media_url, is_read, whatsapp_connection_id, agent_id, status, created_at) VALUES ('86a8eb10-55df-46a6-8478-b1a949bc83dd', 'd7714f52-d893-4330-9ded-389e459abcb9', 'agent', 'Testando a funcionalidade de chat.', 'text', NULL, true, '7b6dd712-9428-4531-b46c-e8e7daacf9a1', 'b70992ab-4c75-4ebd-9b7f-8c9b0c053e90', 'sent', '2026-05-03T13:13:44.018733');
INSERT INTO public.messages (id, contact_id, sender, content, message_type, media_url, is_read, whatsapp_connection_id, agent_id, status, created_at) VALUES ('05f05f17-f4fe-42e8-81d0-96f454b754bd', 'd7714f52-d893-4330-9ded-389e459abcb9', 'agent', 'Esta é uma mensagem de teste.', 'text', NULL, true, '7b6dd712-9428-4531-b46c-e8e7daacf9a1', 'b70992ab-4c75-4ebd-9b7f-8c9b0c053e90', 'sent', '2026-04-30T19:17:44.018745');
INSERT INTO public.messages (id, contact_id, sender, content, message_type, media_url, is_read, whatsapp_connection_id, agent_id, status, created_at) VALUES ('dd65e95d-d7f5-4249-a30e-ed0b1a613071', 'd7714f52-d893-4330-9ded-389e459abcb9', 'contact', 'Como está o sistema hoje?', 'text', NULL, true, '7b6dd712-9428-4531-b46c-e8e7daacf9a1', 'b70992ab-4c75-4ebd-9b7f-8c9b0c053e90', 'sent', '2026-05-03T01:04:44.018756');
INSERT INTO public.messages (id, contact_id, sender, content, message_type, media_url, is_read, whatsapp_connection_id, agent_id, status, created_at) VALUES ('e48220f1-0607-480c-aad1-abdfbd2374d7', 'd7714f52-d893-4330-9ded-389e459abcb9', 'agent', 'Imagem de teste', 'image', 'https://picsum.photos/400/300', true, '7b6dd712-9428-4531-b46c-e8e7daacf9a1', 'b70992ab-4c75-4ebd-9b7f-8c9b0c053e90', 'sent', '2026-05-03T09:47:44.018766');
INSERT INTO public.messages (id, contact_id, sender, content, message_type, media_url, is_read, whatsapp_connection_id, agent_id, status, created_at) VALUES ('297c1923-ff3c-47ad-b77d-3b1d463558d0', 'd7714f52-d893-4330-9ded-389e459abcb9', 'contact', 'Gostaria de saber mais sobre as novas features.', 'text', NULL, true, '7b6dd712-9428-4531-b46c-e8e7daacf9a1', 'b70992ab-4c75-4ebd-9b7f-8c9b0c053e90', 'sent', '2026-05-01T14:44:44.018777');
INSERT INTO public.messages (id, contact_id, sender, content, message_type, media_url, is_read, whatsapp_connection_id, agent_id, status, created_at) VALUES ('c258d867-9490-4947-bf19-480b845f7b0a', 'd7714f52-d893-4330-9ded-389e459abcb9', 'agent', 'Pode me ajudar com uma dúvida?', 'text', NULL, true, '7b6dd712-9428-4531-b46c-e8e7daacf9a1', 'b70992ab-4c75-4ebd-9b7f-8c9b0c053e90', 'sent', '2026-04-29T05:45:44.018790');
INSERT INTO public.messages (id, contact_id, sender, content, message_type, media_url, is_read, whatsapp_connection_id, agent_id, status, created_at) VALUES ('67b3e524-47a8-47ea-8e18-93e0dfa69066', 'd7714f52-d893-4330-9ded-389e459abcb9', 'agent', 'Claro, qual seria?', 'text', NULL, true, '7b6dd712-9428-4531-b46c-e8e7daacf9a1', 'b70992ab-4c75-4ebd-9b7f-8c9b0c053e90', 'sent', '2026-05-02T01:36:44.018818');
INSERT INTO public.messages (id, contact_id, sender, content, message_type, media_url, is_read, whatsapp_connection_id, agent_id, status, created_at) VALUES ('a6dad1a4-b564-4d45-8068-543f716ab8c1', 'd7714f52-d893-4330-9ded-389e459abcb9', 'agent', 'Obrigado pelo excelente atendimento!', 'text', NULL, true, '7b6dd712-9428-4531-b46c-e8e7daacf9a1', 'b70992ab-4c75-4ebd-9b7f-8c9b0c053e90', 'sent', '2026-05-05T14:03:44.018829');
INSERT INTO public.messages (id, contact_id, sender, content, message_type, media_url, is_read, whatsapp_connection_id, agent_id, status, created_at) VALUES ('a00d24e6-1b65-4b13-817c-2a9a2695505d', 'd7714f52-d893-4330-9ded-389e459abcb9', 'agent', 'Até logo!', 'text', NULL, true, '7b6dd712-9428-4531-b46c-e8e7daacf9a1', 'b70992ab-4c75-4ebd-9b7f-8c9b0c053e90', 'sent', '2026-05-03T18:24:44.018839');
INSERT INTO public.contacts (id, name, phone, email, whatsapp_connection_id, assigned_to) VALUES ('ce69454b-8ce9-428f-a569-f656d40754af', 'MOCK_Lucas Ribeiro', '+55119886280011', 'mock_lucas.ribeiro@example.com', '7b6dd712-9428-4531-b46c-e8e7daacf9a1', 'b70992ab-4c75-4ebd-9b7f-8c9b0c053e90') ON CONFLICT (phone) DO NOTHING;
INSERT INTO public.conversations (id, contact_id, status, assigned_to, priority, message_count) VALUES ('d06e5bd6-ba56-451a-b112-1af22eefdb63', 'ce69454b-8ce9-428f-a569-f656d40754af', 'pending', 'b70992ab-4c75-4ebd-9b7f-8c9b0c053e90', 'medium', 10);
INSERT INTO public.messages (id, contact_id, sender, content, message_type, media_url, is_read, whatsapp_connection_id, agent_id, status, created_at) VALUES ('56563bc3-96b9-46ff-a562-8382c5e8b082', 'ce69454b-8ce9-428f-a569-f656d40754af', 'agent', 'Olá, sou um dado mock!', 'text', NULL, true, '7b6dd712-9428-4531-b46c-e8e7daacf9a1', 'b70992ab-4c75-4ebd-9b7f-8c9b0c053e90', 'sent', '2026-05-06T10:17:44.018863');
INSERT INTO public.messages (id, contact_id, sender, content, message_type, media_url, is_read, whatsapp_connection_id, agent_id, status, created_at) VALUES ('c3b488df-cd3f-4ca6-90ff-4e962d6dd601', 'ce69454b-8ce9-428f-a569-f656d40754af', 'agent', 'Testando a funcionalidade de chat.', 'text', NULL, true, '7b6dd712-9428-4531-b46c-e8e7daacf9a1', 'b70992ab-4c75-4ebd-9b7f-8c9b0c053e90', 'sent', '2026-05-04T06:16:44.018874');
INSERT INTO public.messages (id, contact_id, sender, content, message_type, media_url, is_read, whatsapp_connection_id, agent_id, status, created_at) VALUES ('08872833-41c2-4779-943b-155082f65436', 'ce69454b-8ce9-428f-a569-f656d40754af', 'agent', 'Esta é uma mensagem de teste.', 'text', NULL, true, '7b6dd712-9428-4531-b46c-e8e7daacf9a1', 'b70992ab-4c75-4ebd-9b7f-8c9b0c053e90', 'sent', '2026-05-02T08:13:44.018884');
INSERT INTO public.messages (id, contact_id, sender, content, message_type, media_url, is_read, whatsapp_connection_id, agent_id, status, created_at) VALUES ('4f4acbe1-71d7-4cc9-85e3-1e0981463e66', 'ce69454b-8ce9-428f-a569-f656d40754af', 'contact', 'Como está o sistema hoje?', 'text', NULL, true, '7b6dd712-9428-4531-b46c-e8e7daacf9a1', 'b70992ab-4c75-4ebd-9b7f-8c9b0c053e90', 'sent', '2026-04-30T19:05:44.018893');
INSERT INTO public.messages (id, contact_id, sender, content, message_type, media_url, is_read, whatsapp_connection_id, agent_id, status, created_at) VALUES ('53a8c71e-cd0e-4af6-9253-6f938779e111', 'ce69454b-8ce9-428f-a569-f656d40754af', 'agent', 'Imagem de teste', 'image', 'https://picsum.photos/400/300', true, '7b6dd712-9428-4531-b46c-e8e7daacf9a1', 'b70992ab-4c75-4ebd-9b7f-8c9b0c053e90', 'sent', '2026-04-30T04:59:44.018904');
INSERT INTO public.messages (id, contact_id, sender, content, message_type, media_url, is_read, whatsapp_connection_id, agent_id, status, created_at) VALUES ('edda05e2-8ebe-421f-9abe-e9a2a035750a', 'ce69454b-8ce9-428f-a569-f656d40754af', 'contact', 'Gostaria de saber mais sobre as novas features.', 'text', NULL, false, '7b6dd712-9428-4531-b46c-e8e7daacf9a1', 'b70992ab-4c75-4ebd-9b7f-8c9b0c053e90', 'sent', '2026-05-06T15:12:44.018914');
INSERT INTO public.messages (id, contact_id, sender, content, message_type, media_url, is_read, whatsapp_connection_id, agent_id, status, created_at) VALUES ('f46ffb5a-81f1-479f-916c-e1551285ffb6', 'ce69454b-8ce9-428f-a569-f656d40754af', 'contact', 'Pode me ajudar com uma dúvida?', 'text', NULL, false, '7b6dd712-9428-4531-b46c-e8e7daacf9a1', 'b70992ab-4c75-4ebd-9b7f-8c9b0c053e90', 'sent', '2026-05-01T18:41:44.018927');
INSERT INTO public.messages (id, contact_id, sender, content, message_type, media_url, is_read, whatsapp_connection_id, agent_id, status, created_at) VALUES ('f15fc465-23dd-4071-98e4-344321245a2d', 'ce69454b-8ce9-428f-a569-f656d40754af', 'agent', 'Claro, qual seria?', 'text', NULL, true, '7b6dd712-9428-4531-b46c-e8e7daacf9a1', 'b70992ab-4c75-4ebd-9b7f-8c9b0c053e90', 'sent', '2026-05-04T14:28:44.018938');
INSERT INTO public.messages (id, contact_id, sender, content, message_type, media_url, is_read, whatsapp_connection_id, agent_id, status, created_at) VALUES ('81ba63a7-a086-45ad-9b38-3e15a166e312', 'ce69454b-8ce9-428f-a569-f656d40754af', 'agent', 'Obrigado pelo excelente atendimento!', 'text', NULL, true, '7b6dd712-9428-4531-b46c-e8e7daacf9a1', 'b70992ab-4c75-4ebd-9b7f-8c9b0c053e90', 'sent', '2026-05-05T06:14:44.018948');
INSERT INTO public.messages (id, contact_id, sender, content, message_type, media_url, is_read, whatsapp_connection_id, agent_id, status, created_at) VALUES ('024a090a-bb12-4713-bc41-670d7fcdc8e2', 'ce69454b-8ce9-428f-a569-f656d40754af', 'agent', 'Até logo!', 'text', NULL, true, '7b6dd712-9428-4531-b46c-e8e7daacf9a1', 'b70992ab-4c75-4ebd-9b7f-8c9b0c053e90', 'sent', '2026-05-02T03:03:44.018958');
INSERT INTO public.contacts (id, name, phone, email, whatsapp_connection_id, assigned_to) VALUES ('c3b40bad-dd8f-4411-bbd7-3d2a6168b6fa', 'MOCK_Mariana Gomes', '+55119883860012', 'mock_mariana.gomes@example.com', '7b6dd712-9428-4531-b46c-e8e7daacf9a1', 'b70992ab-4c75-4ebd-9b7f-8c9b0c053e90') ON CONFLICT (phone) DO NOTHING;
INSERT INTO public.conversations (id, contact_id, status, assigned_to, priority, message_count) VALUES ('6ea02f48-403c-4f1f-a04d-fe4f7cb66123', 'c3b40bad-dd8f-4411-bbd7-3d2a6168b6fa', 'open', 'b70992ab-4c75-4ebd-9b7f-8c9b0c053e90', 'medium', 10);
INSERT INTO public.messages (id, contact_id, sender, content, message_type, media_url, is_read, whatsapp_connection_id, agent_id, status, created_at) VALUES ('3671272a-cdbc-4c3b-8413-4af73b3ed24d', 'c3b40bad-dd8f-4411-bbd7-3d2a6168b6fa', 'contact', 'Olá, sou um dado mock!', 'text', NULL, false, '7b6dd712-9428-4531-b46c-e8e7daacf9a1', 'b70992ab-4c75-4ebd-9b7f-8c9b0c053e90', 'sent', '2026-05-05T17:40:44.018983');
INSERT INTO public.messages (id, contact_id, sender, content, message_type, media_url, is_read, whatsapp_connection_id, agent_id, status, created_at) VALUES ('f3cd52f2-2f3e-491b-9ff4-cc6c57509abc', 'c3b40bad-dd8f-4411-bbd7-3d2a6168b6fa', 'agent', 'Testando a funcionalidade de chat.', 'text', NULL, true, '7b6dd712-9428-4531-b46c-e8e7daacf9a1', 'b70992ab-4c75-4ebd-9b7f-8c9b0c053e90', 'sent', '2026-05-04T04:32:44.018994');
INSERT INTO public.messages (id, contact_id, sender, content, message_type, media_url, is_read, whatsapp_connection_id, agent_id, status, created_at) VALUES ('5304af53-9cda-4311-a40c-1cbe90399f09', 'c3b40bad-dd8f-4411-bbd7-3d2a6168b6fa', 'agent', 'Esta é uma mensagem de teste.', 'text', NULL, true, '7b6dd712-9428-4531-b46c-e8e7daacf9a1', 'b70992ab-4c75-4ebd-9b7f-8c9b0c053e90', 'sent', '2026-04-30T23:48:44.019003');
INSERT INTO public.messages (id, contact_id, sender, content, message_type, media_url, is_read, whatsapp_connection_id, agent_id, status, created_at) VALUES ('1de1ddc5-3e89-4e6f-a98e-aa4a9422d6c4', 'c3b40bad-dd8f-4411-bbd7-3d2a6168b6fa', 'contact', 'Como está o sistema hoje?', 'text', NULL, true, '7b6dd712-9428-4531-b46c-e8e7daacf9a1', 'b70992ab-4c75-4ebd-9b7f-8c9b0c053e90', 'sent', '2026-05-02T08:02:44.019013');
INSERT INTO public.messages (id, contact_id, sender, content, message_type, media_url, is_read, whatsapp_connection_id, agent_id, status, created_at) VALUES ('993067ca-e3fb-4ba0-9e10-a42331b492b9', 'c3b40bad-dd8f-4411-bbd7-3d2a6168b6fa', 'contact', 'Imagem de teste', 'image', 'https://picsum.photos/400/300', false, '7b6dd712-9428-4531-b46c-e8e7daacf9a1', 'b70992ab-4c75-4ebd-9b7f-8c9b0c053e90', 'sent', '2026-05-03T00:19:44.019024');
INSERT INTO public.messages (id, contact_id, sender, content, message_type, media_url, is_read, whatsapp_connection_id, agent_id, status, created_at) VALUES ('92edcbe4-f9ce-4d7b-aeac-e1f78c8792c1', 'c3b40bad-dd8f-4411-bbd7-3d2a6168b6fa', 'contact', 'Gostaria de saber mais sobre as novas features.', 'text', NULL, false, '7b6dd712-9428-4531-b46c-e8e7daacf9a1', 'b70992ab-4c75-4ebd-9b7f-8c9b0c053e90', 'sent', '2026-05-05T05:43:44.019035');
INSERT INTO public.messages (id, contact_id, sender, content, message_type, media_url, is_read, whatsapp_connection_id, agent_id, status, created_at) VALUES ('d84ca06e-37fb-4cbb-9ebe-df91ea89053e', 'c3b40bad-dd8f-4411-bbd7-3d2a6168b6fa', 'contact', 'Pode me ajudar com uma dúvida?', 'text', NULL, true, '7b6dd712-9428-4531-b46c-e8e7daacf9a1', 'b70992ab-4c75-4ebd-9b7f-8c9b0c053e90', 'sent', '2026-04-28T22:59:44.019045');
INSERT INTO public.messages (id, contact_id, sender, content, message_type, media_url, is_read, whatsapp_connection_id, agent_id, status, created_at) VALUES ('a4980088-b258-4429-b8d3-4a9b8191f9b1', 'c3b40bad-dd8f-4411-bbd7-3d2a6168b6fa', 'agent', 'Claro, qual seria?', 'text', NULL, true, '7b6dd712-9428-4531-b46c-e8e7daacf9a1', 'b70992ab-4c75-4ebd-9b7f-8c9b0c053e90', 'sent', '2026-05-05T07:14:44.019058');
INSERT INTO public.messages (id, contact_id, sender, content, message_type, media_url, is_read, whatsapp_connection_id, agent_id, status, created_at) VALUES ('1fc20493-79ad-4df4-8586-ee97efc9a333', 'c3b40bad-dd8f-4411-bbd7-3d2a6168b6fa', 'contact', 'Obrigado pelo excelente atendimento!', 'text', NULL, false, '7b6dd712-9428-4531-b46c-e8e7daacf9a1', 'b70992ab-4c75-4ebd-9b7f-8c9b0c053e90', 'sent', '2026-04-29T04:54:44.019068');
INSERT INTO public.messages (id, contact_id, sender, content, message_type, media_url, is_read, whatsapp_connection_id, agent_id, status, created_at) VALUES ('351490c2-448a-4492-8417-72fe5bba4fa4', 'c3b40bad-dd8f-4411-bbd7-3d2a6168b6fa', 'contact', 'Até logo!', 'text', NULL, false, '7b6dd712-9428-4531-b46c-e8e7daacf9a1', 'b70992ab-4c75-4ebd-9b7f-8c9b0c053e90', 'sent', '2026-05-02T14:14:44.019079');
INSERT INTO public.contacts (id, name, phone, email, whatsapp_connection_id, assigned_to) VALUES ('e76bca57-b8d4-4082-a92d-343e269d1546', 'MOCK_Natan Carvalho', '+55119888700013', 'mock_natan.carvalho@example.com', '7b6dd712-9428-4531-b46c-e8e7daacf9a1', 'b70992ab-4c75-4ebd-9b7f-8c9b0c053e90') ON CONFLICT (phone) DO NOTHING;
INSERT INTO public.conversations (id, contact_id, status, assigned_to, priority, message_count) VALUES ('a559e48f-a820-4a28-b8da-dbced9457ba9', 'e76bca57-b8d4-4082-a92d-343e269d1546', 'closed', 'b70992ab-4c75-4ebd-9b7f-8c9b0c053e90', 'high', 10);
INSERT INTO public.messages (id, contact_id, sender, content, message_type, media_url, is_read, whatsapp_connection_id, agent_id, status, created_at) VALUES ('46f20c34-befa-46f9-ac5f-4a75eb4f3282', 'e76bca57-b8d4-4082-a92d-343e269d1546', 'agent', 'Olá, sou um dado mock!', 'text', NULL, true, '7b6dd712-9428-4531-b46c-e8e7daacf9a1', 'b70992ab-4c75-4ebd-9b7f-8c9b0c053e90', 'sent', '2026-05-04T00:51:44.019103');
INSERT INTO public.messages (id, contact_id, sender, content, message_type, media_url, is_read, whatsapp_connection_id, agent_id, status, created_at) VALUES ('87fecc40-2237-44b9-8a52-adb9d82500c5', 'e76bca57-b8d4-4082-a92d-343e269d1546', 'contact', 'Testando a funcionalidade de chat.', 'text', NULL, true, '7b6dd712-9428-4531-b46c-e8e7daacf9a1', 'b70992ab-4c75-4ebd-9b7f-8c9b0c053e90', 'sent', '2026-05-03T22:25:44.019113');
INSERT INTO public.messages (id, contact_id, sender, content, message_type, media_url, is_read, whatsapp_connection_id, agent_id, status, created_at) VALUES ('6010660e-ce38-4026-b27a-575260d3159b', 'e76bca57-b8d4-4082-a92d-343e269d1546', 'contact', 'Esta é uma mensagem de teste.', 'text', NULL, false, '7b6dd712-9428-4531-b46c-e8e7daacf9a1', 'b70992ab-4c75-4ebd-9b7f-8c9b0c053e90', 'sent', '2026-05-04T02:15:44.019124');
INSERT INTO public.messages (id, contact_id, sender, content, message_type, media_url, is_read, whatsapp_connection_id, agent_id, status, created_at) VALUES ('95c588f9-d1a1-4fa5-bac3-7d5aac62a4b7', 'e76bca57-b8d4-4082-a92d-343e269d1546', 'agent', 'Como está o sistema hoje?', 'text', NULL, true, '7b6dd712-9428-4531-b46c-e8e7daacf9a1', 'b70992ab-4c75-4ebd-9b7f-8c9b0c053e90', 'sent', '2026-05-03T16:03:44.019134');
INSERT INTO public.messages (id, contact_id, sender, content, message_type, media_url, is_read, whatsapp_connection_id, agent_id, status, created_at) VALUES ('c0ea8588-7e2c-4083-842b-7a297fc52f3d', 'e76bca57-b8d4-4082-a92d-343e269d1546', 'agent', 'Imagem de teste', 'image', 'https://picsum.photos/400/300', true, '7b6dd712-9428-4531-b46c-e8e7daacf9a1', 'b70992ab-4c75-4ebd-9b7f-8c9b0c053e90', 'sent', '2026-05-06T03:38:44.019144');
INSERT INTO public.messages (id, contact_id, sender, content, message_type, media_url, is_read, whatsapp_connection_id, agent_id, status, created_at) VALUES ('df5d67c1-a23e-42da-9d06-ecc66f378c3d', 'e76bca57-b8d4-4082-a92d-343e269d1546', 'contact', 'Gostaria de saber mais sobre as novas features.', 'text', NULL, false, '7b6dd712-9428-4531-b46c-e8e7daacf9a1', 'b70992ab-4c75-4ebd-9b7f-8c9b0c053e90', 'sent', '2026-05-03T17:16:44.019154');
INSERT INTO public.messages (id, contact_id, sender, content, message_type, media_url, is_read, whatsapp_connection_id, agent_id, status, created_at) VALUES ('942628d4-c0c8-4d3a-a2ab-e067d7905830', 'e76bca57-b8d4-4082-a92d-343e269d1546', 'agent', 'Pode me ajudar com uma dúvida?', 'text', NULL, true, '7b6dd712-9428-4531-b46c-e8e7daacf9a1', 'b70992ab-4c75-4ebd-9b7f-8c9b0c053e90', 'sent', '2026-05-01T16:12:44.019165');
INSERT INTO public.messages (id, contact_id, sender, content, message_type, media_url, is_read, whatsapp_connection_id, agent_id, status, created_at) VALUES ('85180980-ff8e-4619-89d0-524756969509', 'e76bca57-b8d4-4082-a92d-343e269d1546', 'contact', 'Claro, qual seria?', 'text', NULL, true, '7b6dd712-9428-4531-b46c-e8e7daacf9a1', 'b70992ab-4c75-4ebd-9b7f-8c9b0c053e90', 'sent', '2026-05-06T18:14:44.019175');
INSERT INTO public.messages (id, contact_id, sender, content, message_type, media_url, is_read, whatsapp_connection_id, agent_id, status, created_at) VALUES ('e13a49db-a9b5-4231-b7b8-76ea139b0e62', 'e76bca57-b8d4-4082-a92d-343e269d1546', 'contact', 'Obrigado pelo excelente atendimento!', 'text', NULL, false, '7b6dd712-9428-4531-b46c-e8e7daacf9a1', 'b70992ab-4c75-4ebd-9b7f-8c9b0c053e90', 'sent', '2026-05-01T05:38:44.019187');
INSERT INTO public.messages (id, contact_id, sender, content, message_type, media_url, is_read, whatsapp_connection_id, agent_id, status, created_at) VALUES ('0be7b02c-62ca-4ca4-aaf6-9fbd5e2ba8bd', 'e76bca57-b8d4-4082-a92d-343e269d1546', 'contact', 'Até logo!', 'text', NULL, true, '7b6dd712-9428-4531-b46c-e8e7daacf9a1', 'b70992ab-4c75-4ebd-9b7f-8c9b0c053e90', 'sent', '2026-04-30T02:05:44.019200');
INSERT INTO public.contacts (id, name, phone, email, whatsapp_connection_id, assigned_to) VALUES ('4529522b-c7aa-4df1-bbe0-c6505f636de1', 'MOCK_Olivia Melo', '+55119884050014', 'mock_olivia.melo@example.com', '7b6dd712-9428-4531-b46c-e8e7daacf9a1', 'b70992ab-4c75-4ebd-9b7f-8c9b0c053e90') ON CONFLICT (phone) DO NOTHING;
INSERT INTO public.conversations (id, contact_id, status, assigned_to, priority, message_count) VALUES ('949e09ea-bd3d-44e8-9348-81c7e2026292', '4529522b-c7aa-4df1-bbe0-c6505f636de1', 'closed', 'b70992ab-4c75-4ebd-9b7f-8c9b0c053e90', 'medium', 10);
INSERT INTO public.messages (id, contact_id, sender, content, message_type, media_url, is_read, whatsapp_connection_id, agent_id, status, created_at) VALUES ('0b78c9c9-36c2-40fe-b9bd-5cac1e663265', '4529522b-c7aa-4df1-bbe0-c6505f636de1', 'contact', 'Olá, sou um dado mock!', 'text', NULL, true, '7b6dd712-9428-4531-b46c-e8e7daacf9a1', 'b70992ab-4c75-4ebd-9b7f-8c9b0c053e90', 'sent', '2026-05-05T23:23:44.019225');
INSERT INTO public.messages (id, contact_id, sender, content, message_type, media_url, is_read, whatsapp_connection_id, agent_id, status, created_at) VALUES ('c26b5862-d472-4c1c-8656-e816528d18ae', '4529522b-c7aa-4df1-bbe0-c6505f636de1', 'contact', 'Testando a funcionalidade de chat.', 'text', NULL, false, '7b6dd712-9428-4531-b46c-e8e7daacf9a1', 'b70992ab-4c75-4ebd-9b7f-8c9b0c053e90', 'sent', '2026-05-02T07:14:44.019243');
INSERT INTO public.messages (id, contact_id, sender, content, message_type, media_url, is_read, whatsapp_connection_id, agent_id, status, created_at) VALUES ('ec45d51c-0a7c-4d3d-bd7d-40bf952d96ba', '4529522b-c7aa-4df1-bbe0-c6505f636de1', 'agent', 'Esta é uma mensagem de teste.', 'text', NULL, true, '7b6dd712-9428-4531-b46c-e8e7daacf9a1', 'b70992ab-4c75-4ebd-9b7f-8c9b0c053e90', 'sent', '2026-05-02T13:34:44.019276');
INSERT INTO public.messages (id, contact_id, sender, content, message_type, media_url, is_read, whatsapp_connection_id, agent_id, status, created_at) VALUES ('edda3d7a-177c-462f-af99-39203d0a301f', '4529522b-c7aa-4df1-bbe0-c6505f636de1', 'contact', 'Como está o sistema hoje?', 'text', NULL, true, '7b6dd712-9428-4531-b46c-e8e7daacf9a1', 'b70992ab-4c75-4ebd-9b7f-8c9b0c053e90', 'sent', '2026-05-06T18:04:44.019289');
INSERT INTO public.messages (id, contact_id, sender, content, message_type, media_url, is_read, whatsapp_connection_id, agent_id, status, created_at) VALUES ('a0dc9a69-2a08-498d-92a2-27f99f5e65fb', '4529522b-c7aa-4df1-bbe0-c6505f636de1', 'contact', 'Imagem de teste', 'image', 'https://picsum.photos/400/300', false, '7b6dd712-9428-4531-b46c-e8e7daacf9a1', 'b70992ab-4c75-4ebd-9b7f-8c9b0c053e90', 'sent', '2026-05-06T03:52:44.019299');
INSERT INTO public.messages (id, contact_id, sender, content, message_type, media_url, is_read, whatsapp_connection_id, agent_id, status, created_at) VALUES ('8a162ba6-9580-4711-ab45-cf40d1cd4561', '4529522b-c7aa-4df1-bbe0-c6505f636de1', 'contact', 'Gostaria de saber mais sobre as novas features.', 'text', NULL, true, '7b6dd712-9428-4531-b46c-e8e7daacf9a1', 'b70992ab-4c75-4ebd-9b7f-8c9b0c053e90', 'sent', '2026-04-29T10:38:44.019310');
INSERT INTO public.messages (id, contact_id, sender, content, message_type, media_url, is_read, whatsapp_connection_id, agent_id, status, created_at) VALUES ('26d467e6-0e92-4131-9485-0d8081628890', '4529522b-c7aa-4df1-bbe0-c6505f636de1', 'agent', 'Pode me ajudar com uma dúvida?', 'text', NULL, true, '7b6dd712-9428-4531-b46c-e8e7daacf9a1', 'b70992ab-4c75-4ebd-9b7f-8c9b0c053e90', 'sent', '2026-04-29T05:22:44.019321');
INSERT INTO public.messages (id, contact_id, sender, content, message_type, media_url, is_read, whatsapp_connection_id, agent_id, status, created_at) VALUES ('aeed2503-5b90-41b1-b7db-d7522a7e1913', '4529522b-c7aa-4df1-bbe0-c6505f636de1', 'contact', 'Claro, qual seria?', 'text', NULL, false, '7b6dd712-9428-4531-b46c-e8e7daacf9a1', 'b70992ab-4c75-4ebd-9b7f-8c9b0c053e90', 'sent', '2026-05-06T13:29:44.019331');
INSERT INTO public.messages (id, contact_id, sender, content, message_type, media_url, is_read, whatsapp_connection_id, agent_id, status, created_at) VALUES ('a407fca2-d9f4-41c7-9a0a-53534c543012', '4529522b-c7aa-4df1-bbe0-c6505f636de1', 'contact', 'Obrigado pelo excelente atendimento!', 'text', NULL, true, '7b6dd712-9428-4531-b46c-e8e7daacf9a1', 'b70992ab-4c75-4ebd-9b7f-8c9b0c053e90', 'sent', '2026-05-01T02:26:44.019342');
INSERT INTO public.messages (id, contact_id, sender, content, message_type, media_url, is_read, whatsapp_connection_id, agent_id, status, created_at) VALUES ('198f146d-c3dd-42b8-af57-813d810f1420', '4529522b-c7aa-4df1-bbe0-c6505f636de1', 'agent', 'Até logo!', 'text', NULL, true, '7b6dd712-9428-4531-b46c-e8e7daacf9a1', 'b70992ab-4c75-4ebd-9b7f-8c9b0c053e90', 'sent', '2026-05-02T10:46:44.019353');
INSERT INTO public.contacts (id, name, phone, email, whatsapp_connection_id, assigned_to) VALUES ('cbeea3f0-d1c6-43fa-9175-9e3369c2d740', 'MOCK_Pedro Araujo', '+55119884100015', 'mock_pedro.araujo@example.com', '7b6dd712-9428-4531-b46c-e8e7daacf9a1', 'b70992ab-4c75-4ebd-9b7f-8c9b0c053e90') ON CONFLICT (phone) DO NOTHING;
INSERT INTO public.conversations (id, contact_id, status, assigned_to, priority, message_count) VALUES ('53549918-023f-4244-8394-4125ffa65277', 'cbeea3f0-d1c6-43fa-9175-9e3369c2d740', 'pending', 'b70992ab-4c75-4ebd-9b7f-8c9b0c053e90', 'low', 10);
INSERT INTO public.messages (id, contact_id, sender, content, message_type, media_url, is_read, whatsapp_connection_id, agent_id, status, created_at) VALUES ('b0ad8081-83f6-40ea-bd2a-545b6f999bcd', 'cbeea3f0-d1c6-43fa-9175-9e3369c2d740', 'contact', 'Olá, sou um dado mock!', 'text', NULL, true, '7b6dd712-9428-4531-b46c-e8e7daacf9a1', 'b70992ab-4c75-4ebd-9b7f-8c9b0c053e90', 'sent', '2026-05-05T03:02:44.019378');
INSERT INTO public.messages (id, contact_id, sender, content, message_type, media_url, is_read, whatsapp_connection_id, agent_id, status, created_at) VALUES ('1985721e-f6b2-41de-a61b-819a30a80824', 'cbeea3f0-d1c6-43fa-9175-9e3369c2d740', 'contact', 'Testando a funcionalidade de chat.', 'text', NULL, true, '7b6dd712-9428-4531-b46c-e8e7daacf9a1', 'b70992ab-4c75-4ebd-9b7f-8c9b0c053e90', 'sent', '2026-05-02T04:44:44.019391');
INSERT INTO public.messages (id, contact_id, sender, content, message_type, media_url, is_read, whatsapp_connection_id, agent_id, status, created_at) VALUES ('976a085f-3efa-4947-bedf-4dfa05a84e53', 'cbeea3f0-d1c6-43fa-9175-9e3369c2d740', 'contact', 'Esta é uma mensagem de teste.', 'text', NULL, true, '7b6dd712-9428-4531-b46c-e8e7daacf9a1', 'b70992ab-4c75-4ebd-9b7f-8c9b0c053e90', 'sent', '2026-05-03T10:25:44.019402');
INSERT INTO public.messages (id, contact_id, sender, content, message_type, media_url, is_read, whatsapp_connection_id, agent_id, status, created_at) VALUES ('ef5d086d-ffc5-4dc5-a593-e46972f72bd9', 'cbeea3f0-d1c6-43fa-9175-9e3369c2d740', 'agent', 'Como está o sistema hoje?', 'text', NULL, true, '7b6dd712-9428-4531-b46c-e8e7daacf9a1', 'b70992ab-4c75-4ebd-9b7f-8c9b0c053e90', 'sent', '2026-05-01T00:57:44.019412');
INSERT INTO public.messages (id, contact_id, sender, content, message_type, media_url, is_read, whatsapp_connection_id, agent_id, status, created_at) VALUES ('8a464ff5-7e94-47b2-a868-1336f362fd02', 'cbeea3f0-d1c6-43fa-9175-9e3369c2d740', 'contact', 'Imagem de teste', 'image', 'https://picsum.photos/400/300', false, '7b6dd712-9428-4531-b46c-e8e7daacf9a1', 'b70992ab-4c75-4ebd-9b7f-8c9b0c053e90', 'sent', '2026-04-30T20:50:44.019422');
INSERT INTO public.messages (id, contact_id, sender, content, message_type, media_url, is_read, whatsapp_connection_id, agent_id, status, created_at) VALUES ('67473c4f-6c2a-4ea6-810b-7211b231502f', 'cbeea3f0-d1c6-43fa-9175-9e3369c2d740', 'agent', 'Gostaria de saber mais sobre as novas features.', 'text', NULL, true, '7b6dd712-9428-4531-b46c-e8e7daacf9a1', 'b70992ab-4c75-4ebd-9b7f-8c9b0c053e90', 'sent', '2026-04-30T20:02:44.019433');
INSERT INTO public.messages (id, contact_id, sender, content, message_type, media_url, is_read, whatsapp_connection_id, agent_id, status, created_at) VALUES ('3bfb61e2-639f-4dc0-a2db-7f4ed7167c9b', 'cbeea3f0-d1c6-43fa-9175-9e3369c2d740', 'agent', 'Pode me ajudar com uma dúvida?', 'text', NULL, true, '7b6dd712-9428-4531-b46c-e8e7daacf9a1', 'b70992ab-4c75-4ebd-9b7f-8c9b0c053e90', 'sent', '2026-04-29T13:42:44.019443');
INSERT INTO public.messages (id, contact_id, sender, content, message_type, media_url, is_read, whatsapp_connection_id, agent_id, status, created_at) VALUES ('071546d3-15fc-4f56-ac55-6c03d78b53bf', 'cbeea3f0-d1c6-43fa-9175-9e3369c2d740', 'contact', 'Claro, qual seria?', 'text', NULL, false, '7b6dd712-9428-4531-b46c-e8e7daacf9a1', 'b70992ab-4c75-4ebd-9b7f-8c9b0c053e90', 'sent', '2026-04-30T04:15:44.019453');
INSERT INTO public.messages (id, contact_id, sender, content, message_type, media_url, is_read, whatsapp_connection_id, agent_id, status, created_at) VALUES ('f563a0dc-3060-4efd-8f4f-dcf646475d03', 'cbeea3f0-d1c6-43fa-9175-9e3369c2d740', 'agent', 'Obrigado pelo excelente atendimento!', 'text', NULL, true, '7b6dd712-9428-4531-b46c-e8e7daacf9a1', 'b70992ab-4c75-4ebd-9b7f-8c9b0c053e90', 'sent', '2026-04-28T19:11:44.019464');
INSERT INTO public.messages (id, contact_id, sender, content, message_type, media_url, is_read, whatsapp_connection_id, agent_id, status, created_at) VALUES ('78c6ff8a-e432-48ed-90cd-4b3aa259f760', 'cbeea3f0-d1c6-43fa-9175-9e3369c2d740', 'agent', 'Até logo!', 'text', NULL, true, '7b6dd712-9428-4531-b46c-e8e7daacf9a1', 'b70992ab-4c75-4ebd-9b7f-8c9b0c053e90', 'sent', '2026-05-02T03:33:44.019474');
INSERT INTO public.contacts (id, name, phone, email, whatsapp_connection_id, assigned_to) VALUES ('70168f89-6045-47e3-8e72-b8c5649afe25', 'MOCK_Quenia Lopes', '+55119881450016', 'mock_quenia.lopes@example.com', '7b6dd712-9428-4531-b46c-e8e7daacf9a1', 'b70992ab-4c75-4ebd-9b7f-8c9b0c053e90') ON CONFLICT (phone) DO NOTHING;
INSERT INTO public.conversations (id, contact_id, status, assigned_to, priority, message_count) VALUES ('84d81897-c3d4-48b4-816c-a032446aaa33', '70168f89-6045-47e3-8e72-b8c5649afe25', 'open', 'b70992ab-4c75-4ebd-9b7f-8c9b0c053e90', 'urgent', 10);
INSERT INTO public.messages (id, contact_id, sender, content, message_type, media_url, is_read, whatsapp_connection_id, agent_id, status, created_at) VALUES ('ce9fee64-ec54-49be-b703-3df5040041cc', '70168f89-6045-47e3-8e72-b8c5649afe25', 'agent', 'Olá, sou um dado mock!', 'text', NULL, true, '7b6dd712-9428-4531-b46c-e8e7daacf9a1', 'b70992ab-4c75-4ebd-9b7f-8c9b0c053e90', 'sent', '2026-05-02T17:09:44.019509');
INSERT INTO public.messages (id, contact_id, sender, content, message_type, media_url, is_read, whatsapp_connection_id, agent_id, status, created_at) VALUES ('05a72df8-ba4c-4e36-be37-d756a03b55d3', '70168f89-6045-47e3-8e72-b8c5649afe25', 'agent', 'Testando a funcionalidade de chat.', 'text', NULL, true, '7b6dd712-9428-4531-b46c-e8e7daacf9a1', 'b70992ab-4c75-4ebd-9b7f-8c9b0c053e90', 'sent', '2026-05-04T05:57:44.019523');
INSERT INTO public.messages (id, contact_id, sender, content, message_type, media_url, is_read, whatsapp_connection_id, agent_id, status, created_at) VALUES ('ec840287-3fd2-40de-9758-6ae6e107eb3b', '70168f89-6045-47e3-8e72-b8c5649afe25', 'contact', 'Esta é uma mensagem de teste.', 'text', NULL, false, '7b6dd712-9428-4531-b46c-e8e7daacf9a1', 'b70992ab-4c75-4ebd-9b7f-8c9b0c053e90', 'sent', '2026-04-30T08:07:44.019533');
INSERT INTO public.messages (id, contact_id, sender, content, message_type, media_url, is_read, whatsapp_connection_id, agent_id, status, created_at) VALUES ('de4940f0-1b96-44f9-bd03-f751786d8299', '70168f89-6045-47e3-8e72-b8c5649afe25', 'contact', 'Como está o sistema hoje?', 'text', NULL, false, '7b6dd712-9428-4531-b46c-e8e7daacf9a1', 'b70992ab-4c75-4ebd-9b7f-8c9b0c053e90', 'sent', '2026-05-02T00:21:44.019544');
INSERT INTO public.messages (id, contact_id, sender, content, message_type, media_url, is_read, whatsapp_connection_id, agent_id, status, created_at) VALUES ('3e29aced-fac3-46f8-984d-69baf328691c', '70168f89-6045-47e3-8e72-b8c5649afe25', 'agent', 'Imagem de teste', 'image', 'https://picsum.photos/400/300', true, '7b6dd712-9428-4531-b46c-e8e7daacf9a1', 'b70992ab-4c75-4ebd-9b7f-8c9b0c053e90', 'sent', '2026-04-29T18:31:44.019555');
INSERT INTO public.messages (id, contact_id, sender, content, message_type, media_url, is_read, whatsapp_connection_id, agent_id, status, created_at) VALUES ('efe1cbe1-6e2a-4b8c-af2f-fb042cf4029c', '70168f89-6045-47e3-8e72-b8c5649afe25', 'contact', 'Gostaria de saber mais sobre as novas features.', 'text', NULL, false, '7b6dd712-9428-4531-b46c-e8e7daacf9a1', 'b70992ab-4c75-4ebd-9b7f-8c9b0c053e90', 'sent', '2026-05-05T13:38:44.019565');
INSERT INTO public.messages (id, contact_id, sender, content, message_type, media_url, is_read, whatsapp_connection_id, agent_id, status, created_at) VALUES ('43ddac28-212e-4097-b25c-dd1389f75b76', '70168f89-6045-47e3-8e72-b8c5649afe25', 'contact', 'Pode me ajudar com uma dúvida?', 'text', NULL, true, '7b6dd712-9428-4531-b46c-e8e7daacf9a1', 'b70992ab-4c75-4ebd-9b7f-8c9b0c053e90', 'sent', '2026-05-06T03:20:44.019576');
INSERT INTO public.messages (id, contact_id, sender, content, message_type, media_url, is_read, whatsapp_connection_id, agent_id, status, created_at) VALUES ('7f8e09e3-1944-491b-8048-c5ec7129bf84', '70168f89-6045-47e3-8e72-b8c5649afe25', 'agent', 'Claro, qual seria?', 'text', NULL, true, '7b6dd712-9428-4531-b46c-e8e7daacf9a1', 'b70992ab-4c75-4ebd-9b7f-8c9b0c053e90', 'sent', '2026-05-05T22:40:44.019587');
INSERT INTO public.messages (id, contact_id, sender, content, message_type, media_url, is_read, whatsapp_connection_id, agent_id, status, created_at) VALUES ('21e450ea-9905-462e-9c84-02672dc31587', '70168f89-6045-47e3-8e72-b8c5649afe25', 'contact', 'Obrigado pelo excelente atendimento!', 'text', NULL, true, '7b6dd712-9428-4531-b46c-e8e7daacf9a1', 'b70992ab-4c75-4ebd-9b7f-8c9b0c053e90', 'sent', '2026-05-01T15:58:44.019598');
INSERT INTO public.messages (id, contact_id, sender, content, message_type, media_url, is_read, whatsapp_connection_id, agent_id, status, created_at) VALUES ('d0b9023f-0277-4fb7-99f3-744c59580189', '70168f89-6045-47e3-8e72-b8c5649afe25', 'agent', 'Até logo!', 'text', NULL, true, '7b6dd712-9428-4531-b46c-e8e7daacf9a1', 'b70992ab-4c75-4ebd-9b7f-8c9b0c053e90', 'sent', '2026-04-30T11:06:44.019608');
INSERT INTO public.contacts (id, name, phone, email, whatsapp_connection_id, assigned_to) VALUES ('b728afb2-3fd9-47cc-80d1-f9037243f2e9', 'MOCK_Rafael Cardoso', '+55119888810017', 'mock_rafael.cardoso@example.com', '7b6dd712-9428-4531-b46c-e8e7daacf9a1', 'b70992ab-4c75-4ebd-9b7f-8c9b0c053e90') ON CONFLICT (phone) DO NOTHING;
INSERT INTO public.conversations (id, contact_id, status, assigned_to, priority, message_count) VALUES ('12fad3f5-f28c-4b19-b559-6c34e7d0eb0b', 'b728afb2-3fd9-47cc-80d1-f9037243f2e9', 'pending', 'b70992ab-4c75-4ebd-9b7f-8c9b0c053e90', 'medium', 10);
INSERT INTO public.messages (id, contact_id, sender, content, message_type, media_url, is_read, whatsapp_connection_id, agent_id, status, created_at) VALUES ('da217ac6-61d3-42ac-802e-27fd2d92d256', 'b728afb2-3fd9-47cc-80d1-f9037243f2e9', 'contact', 'Olá, sou um dado mock!', 'text', NULL, true, '7b6dd712-9428-4531-b46c-e8e7daacf9a1', 'b70992ab-4c75-4ebd-9b7f-8c9b0c053e90', 'sent', '2026-05-06T17:36:44.019632');
INSERT INTO public.messages (id, contact_id, sender, content, message_type, media_url, is_read, whatsapp_connection_id, agent_id, status, created_at) VALUES ('48360b90-adf0-4bd2-82bd-a8a50387fc37', 'b728afb2-3fd9-47cc-80d1-f9037243f2e9', 'agent', 'Testando a funcionalidade de chat.', 'text', NULL, true, '7b6dd712-9428-4531-b46c-e8e7daacf9a1', 'b70992ab-4c75-4ebd-9b7f-8c9b0c053e90', 'sent', '2026-05-04T03:48:44.019643');
INSERT INTO public.messages (id, contact_id, sender, content, message_type, media_url, is_read, whatsapp_connection_id, agent_id, status, created_at) VALUES ('a6162639-be26-4809-bae2-27fcad6bbc5c', 'b728afb2-3fd9-47cc-80d1-f9037243f2e9', 'agent', 'Esta é uma mensagem de teste.', 'text', NULL, true, '7b6dd712-9428-4531-b46c-e8e7daacf9a1', 'b70992ab-4c75-4ebd-9b7f-8c9b0c053e90', 'sent', '2026-05-03T11:23:44.019653');
INSERT INTO public.messages (id, contact_id, sender, content, message_type, media_url, is_read, whatsapp_connection_id, agent_id, status, created_at) VALUES ('1cacdac0-b229-479c-98cc-4d24ff071c93', 'b728afb2-3fd9-47cc-80d1-f9037243f2e9', 'agent', 'Como está o sistema hoje?', 'text', NULL, true, '7b6dd712-9428-4531-b46c-e8e7daacf9a1', 'b70992ab-4c75-4ebd-9b7f-8c9b0c053e90', 'sent', '2026-04-30T00:15:44.019665');
INSERT INTO public.messages (id, contact_id, sender, content, message_type, media_url, is_read, whatsapp_connection_id, agent_id, status, created_at) VALUES ('7fc34932-9b30-46e9-9946-d615bcbc7f71', 'b728afb2-3fd9-47cc-80d1-f9037243f2e9', 'contact', 'Imagem de teste', 'image', 'https://picsum.photos/400/300', true, '7b6dd712-9428-4531-b46c-e8e7daacf9a1', 'b70992ab-4c75-4ebd-9b7f-8c9b0c053e90', 'sent', '2026-05-04T04:15:44.019675');
INSERT INTO public.messages (id, contact_id, sender, content, message_type, media_url, is_read, whatsapp_connection_id, agent_id, status, created_at) VALUES ('94aa1350-13c0-454e-b748-0f91b01a5957', 'b728afb2-3fd9-47cc-80d1-f9037243f2e9', 'contact', 'Gostaria de saber mais sobre as novas features.', 'text', NULL, true, '7b6dd712-9428-4531-b46c-e8e7daacf9a1', 'b70992ab-4c75-4ebd-9b7f-8c9b0c053e90', 'sent', '2026-05-03T04:26:44.019687');
INSERT INTO public.messages (id, contact_id, sender, content, message_type, media_url, is_read, whatsapp_connection_id, agent_id, status, created_at) VALUES ('1aa24ceb-9ee8-4497-adf3-ffb540bfa62a', 'b728afb2-3fd9-47cc-80d1-f9037243f2e9', 'contact', 'Pode me ajudar com uma dúvida?', 'text', NULL, true, '7b6dd712-9428-4531-b46c-e8e7daacf9a1', 'b70992ab-4c75-4ebd-9b7f-8c9b0c053e90', 'sent', '2026-05-05T20:31:44.019697');
INSERT INTO public.messages (id, contact_id, sender, content, message_type, media_url, is_read, whatsapp_connection_id, agent_id, status, created_at) VALUES ('2d8ab845-db48-480a-b79b-d56745903e91', 'b728afb2-3fd9-47cc-80d1-f9037243f2e9', 'agent', 'Claro, qual seria?', 'text', NULL, true, '7b6dd712-9428-4531-b46c-e8e7daacf9a1', 'b70992ab-4c75-4ebd-9b7f-8c9b0c053e90', 'sent', '2026-05-03T04:48:44.019708');
INSERT INTO public.messages (id, contact_id, sender, content, message_type, media_url, is_read, whatsapp_connection_id, agent_id, status, created_at) VALUES ('7ad64439-1c6e-4fb7-bcce-89fb37794151', 'b728afb2-3fd9-47cc-80d1-f9037243f2e9', 'contact', 'Obrigado pelo excelente atendimento!', 'text', NULL, false, '7b6dd712-9428-4531-b46c-e8e7daacf9a1', 'b70992ab-4c75-4ebd-9b7f-8c9b0c053e90', 'sent', '2026-05-05T23:05:44.019718');
INSERT INTO public.messages (id, contact_id, sender, content, message_type, media_url, is_read, whatsapp_connection_id, agent_id, status, created_at) VALUES ('fb635e77-5270-4c5d-9551-bbd8b5fafa9c', 'b728afb2-3fd9-47cc-80d1-f9037243f2e9', 'agent', 'Até logo!', 'text', NULL, true, '7b6dd712-9428-4531-b46c-e8e7daacf9a1', 'b70992ab-4c75-4ebd-9b7f-8c9b0c053e90', 'sent', '2026-04-30T23:34:44.019731');
INSERT INTO public.contacts (id, name, phone, email, whatsapp_connection_id, assigned_to) VALUES ('07c0f065-708b-4950-a8f5-856a88c15ccb', 'MOCK_Sara Teixeira', '+55119888320018', 'mock_sara.teixeira@example.com', '7b6dd712-9428-4531-b46c-e8e7daacf9a1', 'b70992ab-4c75-4ebd-9b7f-8c9b0c053e90') ON CONFLICT (phone) DO NOTHING;
INSERT INTO public.conversations (id, contact_id, status, assigned_to, priority, message_count) VALUES ('f7713dc0-0192-4e5f-8486-fbfcb8d9ddff', '07c0f065-708b-4950-a8f5-856a88c15ccb', 'closed', 'b70992ab-4c75-4ebd-9b7f-8c9b0c053e90', 'urgent', 10);
INSERT INTO public.messages (id, contact_id, sender, content, message_type, media_url, is_read, whatsapp_connection_id, agent_id, status, created_at) VALUES ('52324d57-1d48-4604-ac07-154a75540277', '07c0f065-708b-4950-a8f5-856a88c15ccb', 'contact', 'Olá, sou um dado mock!', 'text', NULL, false, '7b6dd712-9428-4531-b46c-e8e7daacf9a1', 'b70992ab-4c75-4ebd-9b7f-8c9b0c053e90', 'sent', '2026-05-02T18:57:44.019758');
INSERT INTO public.messages (id, contact_id, sender, content, message_type, media_url, is_read, whatsapp_connection_id, agent_id, status, created_at) VALUES ('2f48a3f7-6513-425f-a0db-82936e851783', '07c0f065-708b-4950-a8f5-856a88c15ccb', 'agent', 'Testando a funcionalidade de chat.', 'text', NULL, true, '7b6dd712-9428-4531-b46c-e8e7daacf9a1', 'b70992ab-4c75-4ebd-9b7f-8c9b0c053e90', 'sent', '2026-05-06T08:57:44.019769');
INSERT INTO public.messages (id, contact_id, sender, content, message_type, media_url, is_read, whatsapp_connection_id, agent_id, status, created_at) VALUES ('dde05986-072e-4168-b357-1de92bc02962', '07c0f065-708b-4950-a8f5-856a88c15ccb', 'agent', 'Esta é uma mensagem de teste.', 'text', NULL, true, '7b6dd712-9428-4531-b46c-e8e7daacf9a1', 'b70992ab-4c75-4ebd-9b7f-8c9b0c053e90', 'sent', '2026-05-06T15:29:44.019779');
INSERT INTO public.messages (id, contact_id, sender, content, message_type, media_url, is_read, whatsapp_connection_id, agent_id, status, created_at) VALUES ('e3172d30-cd2f-404d-aacd-a8b8590d63db', '07c0f065-708b-4950-a8f5-856a88c15ccb', 'agent', 'Como está o sistema hoje?', 'text', NULL, true, '7b6dd712-9428-4531-b46c-e8e7daacf9a1', 'b70992ab-4c75-4ebd-9b7f-8c9b0c053e90', 'sent', '2026-05-04T17:11:44.019788');
INSERT INTO public.messages (id, contact_id, sender, content, message_type, media_url, is_read, whatsapp_connection_id, agent_id, status, created_at) VALUES ('5180f939-1668-4a51-b995-c61878dc1b9e', '07c0f065-708b-4950-a8f5-856a88c15ccb', 'contact', 'Imagem de teste', 'image', 'https://picsum.photos/400/300', true, '7b6dd712-9428-4531-b46c-e8e7daacf9a1', 'b70992ab-4c75-4ebd-9b7f-8c9b0c053e90', 'sent', '2026-05-02T22:56:44.019810');
INSERT INTO public.messages (id, contact_id, sender, content, message_type, media_url, is_read, whatsapp_connection_id, agent_id, status, created_at) VALUES ('5f6b2d36-250a-46f7-a1dd-210a24942199', '07c0f065-708b-4950-a8f5-856a88c15ccb', 'agent', 'Gostaria de saber mais sobre as novas features.', 'text', NULL, true, '7b6dd712-9428-4531-b46c-e8e7daacf9a1', 'b70992ab-4c75-4ebd-9b7f-8c9b0c053e90', 'sent', '2026-05-04T11:38:44.019828');
INSERT INTO public.messages (id, contact_id, sender, content, message_type, media_url, is_read, whatsapp_connection_id, agent_id, status, created_at) VALUES ('12ce586c-ccce-4bfd-a657-13f3dc69489a', '07c0f065-708b-4950-a8f5-856a88c15ccb', 'contact', 'Pode me ajudar com uma dúvida?', 'text', NULL, true, '7b6dd712-9428-4531-b46c-e8e7daacf9a1', 'b70992ab-4c75-4ebd-9b7f-8c9b0c053e90', 'sent', '2026-05-05T01:01:44.019838');
INSERT INTO public.messages (id, contact_id, sender, content, message_type, media_url, is_read, whatsapp_connection_id, agent_id, status, created_at) VALUES ('c88bc719-47e9-48b3-8b1f-939316d37385', '07c0f065-708b-4950-a8f5-856a88c15ccb', 'contact', 'Claro, qual seria?', 'text', NULL, false, '7b6dd712-9428-4531-b46c-e8e7daacf9a1', 'b70992ab-4c75-4ebd-9b7f-8c9b0c053e90', 'sent', '2026-05-01T08:37:44.019849');
INSERT INTO public.messages (id, contact_id, sender, content, message_type, media_url, is_read, whatsapp_connection_id, agent_id, status, created_at) VALUES ('7f6ee558-fecb-4456-8c62-05c4d68cdf07', '07c0f065-708b-4950-a8f5-856a88c15ccb', 'agent', 'Obrigado pelo excelente atendimento!', 'text', NULL, true, '7b6dd712-9428-4531-b46c-e8e7daacf9a1', 'b70992ab-4c75-4ebd-9b7f-8c9b0c053e90', 'sent', '2026-04-30T14:53:44.019859');
INSERT INTO public.messages (id, contact_id, sender, content, message_type, media_url, is_read, whatsapp_connection_id, agent_id, status, created_at) VALUES ('2d7cd1df-6e56-40d2-ab60-2247e1ebcfb7', '07c0f065-708b-4950-a8f5-856a88c15ccb', 'agent', 'Até logo!', 'text', NULL, true, '7b6dd712-9428-4531-b46c-e8e7daacf9a1', 'b70992ab-4c75-4ebd-9b7f-8c9b0c053e90', 'sent', '2026-04-29T10:23:44.019869');
INSERT INTO public.contacts (id, name, phone, email, whatsapp_connection_id, assigned_to) VALUES ('703d1f6a-8941-4d02-89c7-d2ad266f2fdf', 'MOCK_Tiago Machado', '+55119883000019', 'mock_tiago.machado@example.com', '7b6dd712-9428-4531-b46c-e8e7daacf9a1', 'b70992ab-4c75-4ebd-9b7f-8c9b0c053e90') ON CONFLICT (phone) DO NOTHING;
INSERT INTO public.conversations (id, contact_id, status, assigned_to, priority, message_count) VALUES ('3edb690e-0867-4712-93f4-600d77e3f3c0', '703d1f6a-8941-4d02-89c7-d2ad266f2fdf', 'closed', 'b70992ab-4c75-4ebd-9b7f-8c9b0c053e90', 'high', 10);
INSERT INTO public.messages (id, contact_id, sender, content, message_type, media_url, is_read, whatsapp_connection_id, agent_id, status, created_at) VALUES ('12f3f325-c306-490f-b520-45a19aaa3314', '703d1f6a-8941-4d02-89c7-d2ad266f2fdf', 'contact', 'Olá, sou um dado mock!', 'text', NULL, false, '7b6dd712-9428-4531-b46c-e8e7daacf9a1', 'b70992ab-4c75-4ebd-9b7f-8c9b0c053e90', 'sent', '2026-04-30T00:00:44.019893');
INSERT INTO public.messages (id, contact_id, sender, content, message_type, media_url, is_read, whatsapp_connection_id, agent_id, status, created_at) VALUES ('837ac490-e014-49a2-8a00-3c279c8e4ddc', '703d1f6a-8941-4d02-89c7-d2ad266f2fdf', 'agent', 'Testando a funcionalidade de chat.', 'text', NULL, true, '7b6dd712-9428-4531-b46c-e8e7daacf9a1', 'b70992ab-4c75-4ebd-9b7f-8c9b0c053e90', 'sent', '2026-05-02T21:15:44.019904');
INSERT INTO public.messages (id, contact_id, sender, content, message_type, media_url, is_read, whatsapp_connection_id, agent_id, status, created_at) VALUES ('7b5f2634-7560-4db3-a2ca-c2d0f329b5a9', '703d1f6a-8941-4d02-89c7-d2ad266f2fdf', 'agent', 'Esta é uma mensagem de teste.', 'text', NULL, true, '7b6dd712-9428-4531-b46c-e8e7daacf9a1', 'b70992ab-4c75-4ebd-9b7f-8c9b0c053e90', 'sent', '2026-05-04T19:34:44.019914');
INSERT INTO public.messages (id, contact_id, sender, content, message_type, media_url, is_read, whatsapp_connection_id, agent_id, status, created_at) VALUES ('83a5bfab-ccc6-47e4-8f13-9a5d7173e434', '703d1f6a-8941-4d02-89c7-d2ad266f2fdf', 'agent', 'Como está o sistema hoje?', 'text', NULL, true, '7b6dd712-9428-4531-b46c-e8e7daacf9a1', 'b70992ab-4c75-4ebd-9b7f-8c9b0c053e90', 'sent', '2026-05-02T12:57:44.019924');
INSERT INTO public.messages (id, contact_id, sender, content, message_type, media_url, is_read, whatsapp_connection_id, agent_id, status, created_at) VALUES ('826e577e-4209-4b8e-b01d-2d3426635c4a', '703d1f6a-8941-4d02-89c7-d2ad266f2fdf', 'contact', 'Imagem de teste', 'image', 'https://picsum.photos/400/300', false, '7b6dd712-9428-4531-b46c-e8e7daacf9a1', 'b70992ab-4c75-4ebd-9b7f-8c9b0c053e90', 'sent', '2026-05-05T02:32:44.019934');
INSERT INTO public.messages (id, contact_id, sender, content, message_type, media_url, is_read, whatsapp_connection_id, agent_id, status, created_at) VALUES ('cf53fddb-5599-4a07-836f-f7155d0ca1c6', '703d1f6a-8941-4d02-89c7-d2ad266f2fdf', 'agent', 'Gostaria de saber mais sobre as novas features.', 'text', NULL, true, '7b6dd712-9428-4531-b46c-e8e7daacf9a1', 'b70992ab-4c75-4ebd-9b7f-8c9b0c053e90', 'sent', '2026-05-05T09:15:44.019945');
INSERT INTO public.messages (id, contact_id, sender, content, message_type, media_url, is_read, whatsapp_connection_id, agent_id, status, created_at) VALUES ('0fe745bc-bc6d-493b-861f-9048b8828d6d', '703d1f6a-8941-4d02-89c7-d2ad266f2fdf', 'contact', 'Pode me ajudar com uma dúvida?', 'text', NULL, true, '7b6dd712-9428-4531-b46c-e8e7daacf9a1', 'b70992ab-4c75-4ebd-9b7f-8c9b0c053e90', 'sent', '2026-04-29T08:34:44.019955');
INSERT INTO public.messages (id, contact_id, sender, content, message_type, media_url, is_read, whatsapp_connection_id, agent_id, status, created_at) VALUES ('ffdeefea-7cd1-49e4-9a01-ea281e16b347', '703d1f6a-8941-4d02-89c7-d2ad266f2fdf', 'contact', 'Claro, qual seria?', 'text', NULL, false, '7b6dd712-9428-4531-b46c-e8e7daacf9a1', 'b70992ab-4c75-4ebd-9b7f-8c9b0c053e90', 'sent', '2026-05-05T20:07:44.019968');
INSERT INTO public.messages (id, contact_id, sender, content, message_type, media_url, is_read, whatsapp_connection_id, agent_id, status, created_at) VALUES ('e31e942e-5528-4883-9c46-910f8913b6ef', '703d1f6a-8941-4d02-89c7-d2ad266f2fdf', 'agent', 'Obrigado pelo excelente atendimento!', 'text', NULL, true, '7b6dd712-9428-4531-b46c-e8e7daacf9a1', 'b70992ab-4c75-4ebd-9b7f-8c9b0c053e90', 'sent', '2026-05-03T08:49:44.019979');
INSERT INTO public.messages (id, contact_id, sender, content, message_type, media_url, is_read, whatsapp_connection_id, agent_id, status, created_at) VALUES ('ad642fb7-0cc0-47bd-9281-43ea753e2d98', '703d1f6a-8941-4d02-89c7-d2ad266f2fdf', 'contact', 'Até logo!', 'text', NULL, true, '7b6dd712-9428-4531-b46c-e8e7daacf9a1', 'b70992ab-4c75-4ebd-9b7f-8c9b0c053e90', 'sent', '2026-04-29T13:56:44.019989');
INSERT INTO public.contacts (id, name, phone, email, whatsapp_connection_id, assigned_to) VALUES ('18646e4b-a063-4f0f-99ab-0aab85678e1f', 'MOCK_Ursula Bernardes', '+55119885950020', 'mock_ursula.bernardes@example.com', '7b6dd712-9428-4531-b46c-e8e7daacf9a1', 'b70992ab-4c75-4ebd-9b7f-8c9b0c053e90') ON CONFLICT (phone) DO NOTHING;
INSERT INTO public.conversations (id, contact_id, status, assigned_to, priority, message_count) VALUES ('852f3d57-7a63-4001-a603-75700c1c11db', '18646e4b-a063-4f0f-99ab-0aab85678e1f', 'open', 'b70992ab-4c75-4ebd-9b7f-8c9b0c053e90', 'medium', 10);
INSERT INTO public.messages (id, contact_id, sender, content, message_type, media_url, is_read, whatsapp_connection_id, agent_id, status, created_at) VALUES ('a1212e05-35e6-4781-98fc-7ddd8142f437', '18646e4b-a063-4f0f-99ab-0aab85678e1f', 'contact', 'Olá, sou um dado mock!', 'text', NULL, true, '7b6dd712-9428-4531-b46c-e8e7daacf9a1', 'b70992ab-4c75-4ebd-9b7f-8c9b0c053e90', 'sent', '2026-05-02T07:45:44.020013');
INSERT INTO public.messages (id, contact_id, sender, content, message_type, media_url, is_read, whatsapp_connection_id, agent_id, status, created_at) VALUES ('de7c6068-4db0-4d2e-bd20-9e4dd7a43b9b', '18646e4b-a063-4f0f-99ab-0aab85678e1f', 'contact', 'Testando a funcionalidade de chat.', 'text', NULL, true, '7b6dd712-9428-4531-b46c-e8e7daacf9a1', 'b70992ab-4c75-4ebd-9b7f-8c9b0c053e90', 'sent', '2026-05-06T08:32:44.020025');
INSERT INTO public.messages (id, contact_id, sender, content, message_type, media_url, is_read, whatsapp_connection_id, agent_id, status, created_at) VALUES ('66d3b528-1b43-4685-a370-c10affcebbed', '18646e4b-a063-4f0f-99ab-0aab85678e1f', 'agent', 'Esta é uma mensagem de teste.', 'text', NULL, true, '7b6dd712-9428-4531-b46c-e8e7daacf9a1', 'b70992ab-4c75-4ebd-9b7f-8c9b0c053e90', 'sent', '2026-04-30T16:28:44.020045');
INSERT INTO public.messages (id, contact_id, sender, content, message_type, media_url, is_read, whatsapp_connection_id, agent_id, status, created_at) VALUES ('f06f4663-002d-44f6-80d2-9751a5659a45', '18646e4b-a063-4f0f-99ab-0aab85678e1f', 'agent', 'Como está o sistema hoje?', 'text', NULL, true, '7b6dd712-9428-4531-b46c-e8e7daacf9a1', 'b70992ab-4c75-4ebd-9b7f-8c9b0c053e90', 'sent', '2026-04-30T09:45:44.020055');
INSERT INTO public.messages (id, contact_id, sender, content, message_type, media_url, is_read, whatsapp_connection_id, agent_id, status, created_at) VALUES ('8d269180-9ecc-4ba8-ad33-6f1227c4ed43', '18646e4b-a063-4f0f-99ab-0aab85678e1f', 'agent', 'Imagem de teste', 'image', 'https://picsum.photos/400/300', true, '7b6dd712-9428-4531-b46c-e8e7daacf9a1', 'b70992ab-4c75-4ebd-9b7f-8c9b0c053e90', 'sent', '2026-04-29T18:28:44.020065');
INSERT INTO public.messages (id, contact_id, sender, content, message_type, media_url, is_read, whatsapp_connection_id, agent_id, status, created_at) VALUES ('1758a8a5-bec4-4190-a1dc-670c8a2e6413', '18646e4b-a063-4f0f-99ab-0aab85678e1f', 'contact', 'Gostaria de saber mais sobre as novas features.', 'text', NULL, true, '7b6dd712-9428-4531-b46c-e8e7daacf9a1', 'b70992ab-4c75-4ebd-9b7f-8c9b0c053e90', 'sent', '2026-04-29T21:37:44.020076');
INSERT INTO public.messages (id, contact_id, sender, content, message_type, media_url, is_read, whatsapp_connection_id, agent_id, status, created_at) VALUES ('ff0b3ea9-f8c2-4271-8b61-23ad30e7a59e', '18646e4b-a063-4f0f-99ab-0aab85678e1f', 'contact', 'Pode me ajudar com uma dúvida?', 'text', NULL, false, '7b6dd712-9428-4531-b46c-e8e7daacf9a1', 'b70992ab-4c75-4ebd-9b7f-8c9b0c053e90', 'sent', '2026-05-01T13:48:44.020087');
INSERT INTO public.messages (id, contact_id, sender, content, message_type, media_url, is_read, whatsapp_connection_id, agent_id, status, created_at) VALUES ('b6b1e833-199e-4aa9-836c-fd29778390f1', '18646e4b-a063-4f0f-99ab-0aab85678e1f', 'agent', 'Claro, qual seria?', 'text', NULL, true, '7b6dd712-9428-4531-b46c-e8e7daacf9a1', 'b70992ab-4c75-4ebd-9b7f-8c9b0c053e90', 'sent', '2026-05-03T12:08:44.020100');
INSERT INTO public.messages (id, contact_id, sender, content, message_type, media_url, is_read, whatsapp_connection_id, agent_id, status, created_at) VALUES ('dc58e785-39da-4bf3-beaf-76c3e8341cfc', '18646e4b-a063-4f0f-99ab-0aab85678e1f', 'agent', 'Obrigado pelo excelente atendimento!', 'text', NULL, true, '7b6dd712-9428-4531-b46c-e8e7daacf9a1', 'b70992ab-4c75-4ebd-9b7f-8c9b0c053e90', 'sent', '2026-05-02T15:00:44.020111');
INSERT INTO public.messages (id, contact_id, sender, content, message_type, media_url, is_read, whatsapp_connection_id, agent_id, status, created_at) VALUES ('322f40c0-9773-4a62-9a7f-ff68cf3fdb99', '18646e4b-a063-4f0f-99ab-0aab85678e1f', 'contact', 'Até logo!', 'text', NULL, true, '7b6dd712-9428-4531-b46c-e8e7daacf9a1', 'b70992ab-4c75-4ebd-9b7f-8c9b0c053e90', 'sent', '2026-04-30T19:21:44.020121');
INSERT INTO public.contacts (id, name, phone, email, whatsapp_connection_id, assigned_to) VALUES ('c0f20122-2d06-4b64-83b6-c570a62c0e1a', 'MOCK_Vitor Barros', '+55119882210021', 'mock_vitor.barros@example.com', '7b6dd712-9428-4531-b46c-e8e7daacf9a1', 'b70992ab-4c75-4ebd-9b7f-8c9b0c053e90') ON CONFLICT (phone) DO NOTHING;
INSERT INTO public.conversations (id, contact_id, status, assigned_to, priority, message_count) VALUES ('2acf5bd0-d1a7-4c24-87ab-6596844c0dd6', 'c0f20122-2d06-4b64-83b6-c570a62c0e1a', 'pending', 'b70992ab-4c75-4ebd-9b7f-8c9b0c053e90', 'medium', 10);
INSERT INTO public.messages (id, contact_id, sender, content, message_type, media_url, is_read, whatsapp_connection_id, agent_id, status, created_at) VALUES ('b81ae3a5-29fb-4c8b-aca7-c685edf239b0', 'c0f20122-2d06-4b64-83b6-c570a62c0e1a', 'contact', 'Olá, sou um dado mock!', 'text', NULL, true, '7b6dd712-9428-4531-b46c-e8e7daacf9a1', 'b70992ab-4c75-4ebd-9b7f-8c9b0c053e90', 'sent', '2026-05-01T20:40:44.020144');
INSERT INTO public.messages (id, contact_id, sender, content, message_type, media_url, is_read, whatsapp_connection_id, agent_id, status, created_at) VALUES ('48e6e647-376c-4606-b350-487e6cfa142a', 'c0f20122-2d06-4b64-83b6-c570a62c0e1a', 'agent', 'Testando a funcionalidade de chat.', 'text', NULL, true, '7b6dd712-9428-4531-b46c-e8e7daacf9a1', 'b70992ab-4c75-4ebd-9b7f-8c9b0c053e90', 'sent', '2026-04-30T04:01:44.020155');
INSERT INTO public.messages (id, contact_id, sender, content, message_type, media_url, is_read, whatsapp_connection_id, agent_id, status, created_at) VALUES ('60bdb184-9731-4855-bd62-3cc8012ed76f', 'c0f20122-2d06-4b64-83b6-c570a62c0e1a', 'contact', 'Esta é uma mensagem de teste.', 'text', NULL, false, '7b6dd712-9428-4531-b46c-e8e7daacf9a1', 'b70992ab-4c75-4ebd-9b7f-8c9b0c053e90', 'sent', '2026-05-01T15:31:44.020165');
INSERT INTO public.messages (id, contact_id, sender, content, message_type, media_url, is_read, whatsapp_connection_id, agent_id, status, created_at) VALUES ('0f3f1a8a-ed88-4717-a430-74a19283a963', 'c0f20122-2d06-4b64-83b6-c570a62c0e1a', 'agent', 'Como está o sistema hoje?', 'text', NULL, true, '7b6dd712-9428-4531-b46c-e8e7daacf9a1', 'b70992ab-4c75-4ebd-9b7f-8c9b0c053e90', 'sent', '2026-04-30T03:51:44.020176');
INSERT INTO public.messages (id, contact_id, sender, content, message_type, media_url, is_read, whatsapp_connection_id, agent_id, status, created_at) VALUES ('ab583592-8016-4102-b4ec-e59cc7978f67', 'c0f20122-2d06-4b64-83b6-c570a62c0e1a', 'contact', 'Imagem de teste', 'image', 'https://picsum.photos/400/300', true, '7b6dd712-9428-4531-b46c-e8e7daacf9a1', 'b70992ab-4c75-4ebd-9b7f-8c9b0c053e90', 'sent', '2026-04-30T21:25:44.020185');
INSERT INTO public.messages (id, contact_id, sender, content, message_type, media_url, is_read, whatsapp_connection_id, agent_id, status, created_at) VALUES ('cae14ce8-4cd7-4eef-a050-93313a00f731', 'c0f20122-2d06-4b64-83b6-c570a62c0e1a', 'contact', 'Gostaria de saber mais sobre as novas features.', 'text', NULL, true, '7b6dd712-9428-4531-b46c-e8e7daacf9a1', 'b70992ab-4c75-4ebd-9b7f-8c9b0c053e90', 'sent', '2026-05-05T06:01:44.020196');
INSERT INTO public.messages (id, contact_id, sender, content, message_type, media_url, is_read, whatsapp_connection_id, agent_id, status, created_at) VALUES ('cd648d8f-9fc9-441e-9077-9d4cfa97f231', 'c0f20122-2d06-4b64-83b6-c570a62c0e1a', 'contact', 'Pode me ajudar com uma dúvida?', 'text', NULL, false, '7b6dd712-9428-4531-b46c-e8e7daacf9a1', 'b70992ab-4c75-4ebd-9b7f-8c9b0c053e90', 'sent', '2026-04-28T20:33:44.020207');
INSERT INTO public.messages (id, contact_id, sender, content, message_type, media_url, is_read, whatsapp_connection_id, agent_id, status, created_at) VALUES ('effb9c6a-24b0-45d2-b4d2-1361c3678146', 'c0f20122-2d06-4b64-83b6-c570a62c0e1a', 'contact', 'Claro, qual seria?', 'text', NULL, true, '7b6dd712-9428-4531-b46c-e8e7daacf9a1', 'b70992ab-4c75-4ebd-9b7f-8c9b0c053e90', 'sent', '2026-04-28T18:54:44.020217');
INSERT INTO public.messages (id, contact_id, sender, content, message_type, media_url, is_read, whatsapp_connection_id, agent_id, status, created_at) VALUES ('1a00233c-e74f-4633-9433-8ce2807773eb', 'c0f20122-2d06-4b64-83b6-c570a62c0e1a', 'agent', 'Obrigado pelo excelente atendimento!', 'text', NULL, true, '7b6dd712-9428-4531-b46c-e8e7daacf9a1', 'b70992ab-4c75-4ebd-9b7f-8c9b0c053e90', 'sent', '2026-04-29T07:14:44.020230');
INSERT INTO public.messages (id, contact_id, sender, content, message_type, media_url, is_read, whatsapp_connection_id, agent_id, status, created_at) VALUES ('30464cb1-33d8-4f5e-a1dd-84c6f7f59fc4', 'c0f20122-2d06-4b64-83b6-c570a62c0e1a', 'contact', 'Até logo!', 'text', NULL, false, '7b6dd712-9428-4531-b46c-e8e7daacf9a1', 'b70992ab-4c75-4ebd-9b7f-8c9b0c053e90', 'sent', '2026-05-01T12:09:44.020243');
INSERT INTO public.contacts (id, name, phone, email, whatsapp_connection_id, assigned_to) VALUES ('253db546-cf34-4a3b-b6b3-1c026a9e8c7a', 'MOCK_Wagner Antunes', '+55119888840022', 'mock_wagner.antunes@example.com', '7b6dd712-9428-4531-b46c-e8e7daacf9a1', 'b70992ab-4c75-4ebd-9b7f-8c9b0c053e90') ON CONFLICT (phone) DO NOTHING;
INSERT INTO public.conversations (id, contact_id, status, assigned_to, priority, message_count) VALUES ('b02acefa-aa31-4925-9a97-a7966abf9f97', '253db546-cf34-4a3b-b6b3-1c026a9e8c7a', 'pending', 'b70992ab-4c75-4ebd-9b7f-8c9b0c053e90', 'high', 10);
INSERT INTO public.messages (id, contact_id, sender, content, message_type, media_url, is_read, whatsapp_connection_id, agent_id, status, created_at) VALUES ('99b41e30-9dac-468c-a079-1353ddc00a77', '253db546-cf34-4a3b-b6b3-1c026a9e8c7a', 'contact', 'Olá, sou um dado mock!', 'text', NULL, true, '7b6dd712-9428-4531-b46c-e8e7daacf9a1', 'b70992ab-4c75-4ebd-9b7f-8c9b0c053e90', 'sent', '2026-05-02T01:13:44.020266');
INSERT INTO public.messages (id, contact_id, sender, content, message_type, media_url, is_read, whatsapp_connection_id, agent_id, status, created_at) VALUES ('d4d18706-6c4c-43b0-9da5-0c0e2aeac2e6', '253db546-cf34-4a3b-b6b3-1c026a9e8c7a', 'contact', 'Testando a funcionalidade de chat.', 'text', NULL, false, '7b6dd712-9428-4531-b46c-e8e7daacf9a1', 'b70992ab-4c75-4ebd-9b7f-8c9b0c053e90', 'sent', '2026-05-06T01:40:44.020277');
INSERT INTO public.messages (id, contact_id, sender, content, message_type, media_url, is_read, whatsapp_connection_id, agent_id, status, created_at) VALUES ('5be8262b-05d4-467d-b06b-81eb0a683f2c', '253db546-cf34-4a3b-b6b3-1c026a9e8c7a', 'contact', 'Esta é uma mensagem de teste.', 'text', NULL, false, '7b6dd712-9428-4531-b46c-e8e7daacf9a1', 'b70992ab-4c75-4ebd-9b7f-8c9b0c053e90', 'sent', '2026-05-03T06:25:44.020287');
INSERT INTO public.messages (id, contact_id, sender, content, message_type, media_url, is_read, whatsapp_connection_id, agent_id, status, created_at) VALUES ('17cfd03c-135b-4f2d-8c63-868fe21ad3d0', '253db546-cf34-4a3b-b6b3-1c026a9e8c7a', 'contact', 'Como está o sistema hoje?', 'text', NULL, true, '7b6dd712-9428-4531-b46c-e8e7daacf9a1', 'b70992ab-4c75-4ebd-9b7f-8c9b0c053e90', 'sent', '2026-05-03T22:15:44.020298');
INSERT INTO public.messages (id, contact_id, sender, content, message_type, media_url, is_read, whatsapp_connection_id, agent_id, status, created_at) VALUES ('119bc54c-7c6b-4804-8b66-a7f3c3ae8692', '253db546-cf34-4a3b-b6b3-1c026a9e8c7a', 'contact', 'Imagem de teste', 'image', 'https://picsum.photos/400/300', true, '7b6dd712-9428-4531-b46c-e8e7daacf9a1', 'b70992ab-4c75-4ebd-9b7f-8c9b0c053e90', 'sent', '2026-05-06T15:48:44.020308');
INSERT INTO public.messages (id, contact_id, sender, content, message_type, media_url, is_read, whatsapp_connection_id, agent_id, status, created_at) VALUES ('4b12ffab-b2d3-4ed6-917e-40160bd7fabe', '253db546-cf34-4a3b-b6b3-1c026a9e8c7a', 'contact', 'Gostaria de saber mais sobre as novas features.', 'text', NULL, true, '7b6dd712-9428-4531-b46c-e8e7daacf9a1', 'b70992ab-4c75-4ebd-9b7f-8c9b0c053e90', 'sent', '2026-05-03T21:16:44.020319');
INSERT INTO public.messages (id, contact_id, sender, content, message_type, media_url, is_read, whatsapp_connection_id, agent_id, status, created_at) VALUES ('1e9f75bd-15d8-4ece-a463-becd22d564de', '253db546-cf34-4a3b-b6b3-1c026a9e8c7a', 'contact', 'Pode me ajudar com uma dúvida?', 'text', NULL, false, '7b6dd712-9428-4531-b46c-e8e7daacf9a1', 'b70992ab-4c75-4ebd-9b7f-8c9b0c053e90', 'sent', '2026-05-04T17:28:44.020329');
INSERT INTO public.messages (id, contact_id, sender, content, message_type, media_url, is_read, whatsapp_connection_id, agent_id, status, created_at) VALUES ('57d36574-6a7d-419f-871b-9d509cafdedd', '253db546-cf34-4a3b-b6b3-1c026a9e8c7a', 'contact', 'Claro, qual seria?', 'text', NULL, true, '7b6dd712-9428-4531-b46c-e8e7daacf9a1', 'b70992ab-4c75-4ebd-9b7f-8c9b0c053e90', 'sent', '2026-04-29T05:10:44.020340');
INSERT INTO public.messages (id, contact_id, sender, content, message_type, media_url, is_read, whatsapp_connection_id, agent_id, status, created_at) VALUES ('ef9d3359-a30f-4288-80b1-02e3feb89b95', '253db546-cf34-4a3b-b6b3-1c026a9e8c7a', 'contact', 'Obrigado pelo excelente atendimento!', 'text', NULL, true, '7b6dd712-9428-4531-b46c-e8e7daacf9a1', 'b70992ab-4c75-4ebd-9b7f-8c9b0c053e90', 'sent', '2026-04-30T08:17:44.020350');
INSERT INTO public.messages (id, contact_id, sender, content, message_type, media_url, is_read, whatsapp_connection_id, agent_id, status, created_at) VALUES ('76927243-e59a-403f-a161-960a94e783fd', '253db546-cf34-4a3b-b6b3-1c026a9e8c7a', 'agent', 'Até logo!', 'text', NULL, true, '7b6dd712-9428-4531-b46c-e8e7daacf9a1', 'b70992ab-4c75-4ebd-9b7f-8c9b0c053e90', 'sent', '2026-04-29T02:59:44.020361');
INSERT INTO public.contacts (id, name, phone, email, whatsapp_connection_id, assigned_to) VALUES ('0342d443-e971-4d2f-85da-cfe7893889ae', 'MOCK_Xavier Nazario', '+55119881000023', 'mock_xavier.nazario@example.com', '7b6dd712-9428-4531-b46c-e8e7daacf9a1', 'b70992ab-4c75-4ebd-9b7f-8c9b0c053e90') ON CONFLICT (phone) DO NOTHING;
INSERT INTO public.conversations (id, contact_id, status, assigned_to, priority, message_count) VALUES ('9c64af37-c92f-4498-b946-9e0d4972ad84', '0342d443-e971-4d2f-85da-cfe7893889ae', 'open', 'b70992ab-4c75-4ebd-9b7f-8c9b0c053e90', 'medium', 10);
INSERT INTO public.messages (id, contact_id, sender, content, message_type, media_url, is_read, whatsapp_connection_id, agent_id, status, created_at) VALUES ('13e0a2f4-6172-4bb6-8842-afca34b08018', '0342d443-e971-4d2f-85da-cfe7893889ae', 'agent', 'Olá, sou um dado mock!', 'text', NULL, true, '7b6dd712-9428-4531-b46c-e8e7daacf9a1', 'b70992ab-4c75-4ebd-9b7f-8c9b0c053e90', 'sent', '2026-05-06T08:50:44.020384');
INSERT INTO public.messages (id, contact_id, sender, content, message_type, media_url, is_read, whatsapp_connection_id, agent_id, status, created_at) VALUES ('4288e358-78fc-4eb9-98ed-68f2b6ef6b3d', '0342d443-e971-4d2f-85da-cfe7893889ae', 'agent', 'Testando a funcionalidade de chat.', 'text', NULL, true, '7b6dd712-9428-4531-b46c-e8e7daacf9a1', 'b70992ab-4c75-4ebd-9b7f-8c9b0c053e90', 'sent', '2026-04-29T22:48:44.020396');
INSERT INTO public.messages (id, contact_id, sender, content, message_type, media_url, is_read, whatsapp_connection_id, agent_id, status, created_at) VALUES ('f71e8dfc-96e4-44a8-abdc-444e1390cf9d', '0342d443-e971-4d2f-85da-cfe7893889ae', 'contact', 'Esta é uma mensagem de teste.', 'text', NULL, true, '7b6dd712-9428-4531-b46c-e8e7daacf9a1', 'b70992ab-4c75-4ebd-9b7f-8c9b0c053e90', 'sent', '2026-05-02T12:04:44.020406');
INSERT INTO public.messages (id, contact_id, sender, content, message_type, media_url, is_read, whatsapp_connection_id, agent_id, status, created_at) VALUES ('5be4df1a-8b8a-4130-8ea4-8a353868b68d', '0342d443-e971-4d2f-85da-cfe7893889ae', 'contact', 'Como está o sistema hoje?', 'text', NULL, true, '7b6dd712-9428-4531-b46c-e8e7daacf9a1', 'b70992ab-4c75-4ebd-9b7f-8c9b0c053e90', 'sent', '2026-04-30T07:26:44.020417');
INSERT INTO public.messages (id, contact_id, sender, content, message_type, media_url, is_read, whatsapp_connection_id, agent_id, status, created_at) VALUES ('d4c5fb96-8130-484e-a112-cca94aa260bc', '0342d443-e971-4d2f-85da-cfe7893889ae', 'agent', 'Imagem de teste', 'image', 'https://picsum.photos/400/300', true, '7b6dd712-9428-4531-b46c-e8e7daacf9a1', 'b70992ab-4c75-4ebd-9b7f-8c9b0c053e90', 'sent', '2026-04-30T12:03:44.020427');
INSERT INTO public.messages (id, contact_id, sender, content, message_type, media_url, is_read, whatsapp_connection_id, agent_id, status, created_at) VALUES ('c9805ba7-65ad-4cf0-9f28-b103eeb36b33', '0342d443-e971-4d2f-85da-cfe7893889ae', 'contact', 'Gostaria de saber mais sobre as novas features.', 'text', NULL, false, '7b6dd712-9428-4531-b46c-e8e7daacf9a1', 'b70992ab-4c75-4ebd-9b7f-8c9b0c053e90', 'sent', '2026-05-06T12:27:44.020438');
INSERT INTO public.messages (id, contact_id, sender, content, message_type, media_url, is_read, whatsapp_connection_id, agent_id, status, created_at) VALUES ('c8f4b031-9a13-4f74-b4a9-6b17c147486c', '0342d443-e971-4d2f-85da-cfe7893889ae', 'contact', 'Pode me ajudar com uma dúvida?', 'text', NULL, false, '7b6dd712-9428-4531-b46c-e8e7daacf9a1', 'b70992ab-4c75-4ebd-9b7f-8c9b0c053e90', 'sent', '2026-04-29T22:27:44.020464');
INSERT INTO public.messages (id, contact_id, sender, content, message_type, media_url, is_read, whatsapp_connection_id, agent_id, status, created_at) VALUES ('172d72c8-ea26-40e0-85b9-2e079e2f9dbe', '0342d443-e971-4d2f-85da-cfe7893889ae', 'contact', 'Claro, qual seria?', 'text', NULL, false, '7b6dd712-9428-4531-b46c-e8e7daacf9a1', 'b70992ab-4c75-4ebd-9b7f-8c9b0c053e90', 'sent', '2026-04-30T13:00:44.020476');
INSERT INTO public.messages (id, contact_id, sender, content, message_type, media_url, is_read, whatsapp_connection_id, agent_id, status, created_at) VALUES ('6371a5d6-87da-43a1-b35a-8ceb43c3f2e2', '0342d443-e971-4d2f-85da-cfe7893889ae', 'contact', 'Obrigado pelo excelente atendimento!', 'text', NULL, false, '7b6dd712-9428-4531-b46c-e8e7daacf9a1', 'b70992ab-4c75-4ebd-9b7f-8c9b0c053e90', 'sent', '2026-05-06T06:52:44.020486');
INSERT INTO public.messages (id, contact_id, sender, content, message_type, media_url, is_read, whatsapp_connection_id, agent_id, status, created_at) VALUES ('b5d48906-db1d-40e2-8118-0ca1a33d73f4', '0342d443-e971-4d2f-85da-cfe7893889ae', 'agent', 'Até logo!', 'text', NULL, true, '7b6dd712-9428-4531-b46c-e8e7daacf9a1', 'b70992ab-4c75-4ebd-9b7f-8c9b0c053e90', 'sent', '2026-04-29T03:08:44.020506');
INSERT INTO public.contacts (id, name, phone, email, whatsapp_connection_id, assigned_to) VALUES ('e256a546-eecf-4b4e-aa1f-fb99eea5ff79', 'MOCK_Yara Pinheiro', '+55119883450024', 'mock_yara.pinheiro@example.com', '7b6dd712-9428-4531-b46c-e8e7daacf9a1', 'b70992ab-4c75-4ebd-9b7f-8c9b0c053e90') ON CONFLICT (phone) DO NOTHING;
INSERT INTO public.conversations (id, contact_id, status, assigned_to, priority, message_count) VALUES ('88129a00-80ae-40d7-baa1-b15d60f62b7f', 'e256a546-eecf-4b4e-aa1f-fb99eea5ff79', 'open', 'b70992ab-4c75-4ebd-9b7f-8c9b0c053e90', 'low', 10);
INSERT INTO public.messages (id, contact_id, sender, content, message_type, media_url, is_read, whatsapp_connection_id, agent_id, status, created_at) VALUES ('606fd5d7-840c-4c99-958b-9c3802a52e7c', 'e256a546-eecf-4b4e-aa1f-fb99eea5ff79', 'agent', 'Olá, sou um dado mock!', 'text', NULL, true, '7b6dd712-9428-4531-b46c-e8e7daacf9a1', 'b70992ab-4c75-4ebd-9b7f-8c9b0c053e90', 'sent', '2026-05-04T13:10:44.020531');
INSERT INTO public.messages (id, contact_id, sender, content, message_type, media_url, is_read, whatsapp_connection_id, agent_id, status, created_at) VALUES ('dd05f036-1cf6-438c-aae5-6f57e00d387c', 'e256a546-eecf-4b4e-aa1f-fb99eea5ff79', 'contact', 'Testando a funcionalidade de chat.', 'text', NULL, true, '7b6dd712-9428-4531-b46c-e8e7daacf9a1', 'b70992ab-4c75-4ebd-9b7f-8c9b0c053e90', 'sent', '2026-05-01T06:36:44.020541');
INSERT INTO public.messages (id, contact_id, sender, content, message_type, media_url, is_read, whatsapp_connection_id, agent_id, status, created_at) VALUES ('bcc7f381-b8b7-4384-b748-3b201a66339b', 'e256a546-eecf-4b4e-aa1f-fb99eea5ff79', 'contact', 'Esta é uma mensagem de teste.', 'text', NULL, true, '7b6dd712-9428-4531-b46c-e8e7daacf9a1', 'b70992ab-4c75-4ebd-9b7f-8c9b0c053e90', 'sent', '2026-05-06T09:16:44.020552');
INSERT INTO public.messages (id, contact_id, sender, content, message_type, media_url, is_read, whatsapp_connection_id, agent_id, status, created_at) VALUES ('c369ec3a-1c1c-4b35-8a4a-0964d6a9c515', 'e256a546-eecf-4b4e-aa1f-fb99eea5ff79', 'contact', 'Como está o sistema hoje?', 'text', NULL, false, '7b6dd712-9428-4531-b46c-e8e7daacf9a1', 'b70992ab-4c75-4ebd-9b7f-8c9b0c053e90', 'sent', '2026-05-01T04:15:44.020567');
INSERT INTO public.messages (id, contact_id, sender, content, message_type, media_url, is_read, whatsapp_connection_id, agent_id, status, created_at) VALUES ('0d3b9cf0-7af9-4ede-aa2b-605ef294b21d', 'e256a546-eecf-4b4e-aa1f-fb99eea5ff79', 'agent', 'Imagem de teste', 'image', 'https://picsum.photos/400/300', true, '7b6dd712-9428-4531-b46c-e8e7daacf9a1', 'b70992ab-4c75-4ebd-9b7f-8c9b0c053e90', 'sent', '2026-05-01T01:25:44.020578');
INSERT INTO public.messages (id, contact_id, sender, content, message_type, media_url, is_read, whatsapp_connection_id, agent_id, status, created_at) VALUES ('7e0bf27a-3234-4f69-a1c7-9b203fb6b251', 'e256a546-eecf-4b4e-aa1f-fb99eea5ff79', 'agent', 'Gostaria de saber mais sobre as novas features.', 'text', NULL, true, '7b6dd712-9428-4531-b46c-e8e7daacf9a1', 'b70992ab-4c75-4ebd-9b7f-8c9b0c053e90', 'sent', '2026-05-02T19:23:44.020588');
INSERT INTO public.messages (id, contact_id, sender, content, message_type, media_url, is_read, whatsapp_connection_id, agent_id, status, created_at) VALUES ('c0c35a06-5d41-4e3e-97c5-ad64b18f71f6', 'e256a546-eecf-4b4e-aa1f-fb99eea5ff79', 'agent', 'Pode me ajudar com uma dúvida?', 'text', NULL, true, '7b6dd712-9428-4531-b46c-e8e7daacf9a1', 'b70992ab-4c75-4ebd-9b7f-8c9b0c053e90', 'sent', '2026-05-03T22:31:44.020598');
INSERT INTO public.messages (id, contact_id, sender, content, message_type, media_url, is_read, whatsapp_connection_id, agent_id, status, created_at) VALUES ('6eb4ff10-baa3-42e6-859b-54027bea91b3', 'e256a546-eecf-4b4e-aa1f-fb99eea5ff79', 'agent', 'Claro, qual seria?', 'text', NULL, true, '7b6dd712-9428-4531-b46c-e8e7daacf9a1', 'b70992ab-4c75-4ebd-9b7f-8c9b0c053e90', 'sent', '2026-05-05T16:42:44.020608');
INSERT INTO public.messages (id, contact_id, sender, content, message_type, media_url, is_read, whatsapp_connection_id, agent_id, status, created_at) VALUES ('0795a5e8-da03-4ad4-b31d-491d63ffb483', 'e256a546-eecf-4b4e-aa1f-fb99eea5ff79', 'contact', 'Obrigado pelo excelente atendimento!', 'text', NULL, false, '7b6dd712-9428-4531-b46c-e8e7daacf9a1', 'b70992ab-4c75-4ebd-9b7f-8c9b0c053e90', 'sent', '2026-05-01T06:20:44.020618');
INSERT INTO public.messages (id, contact_id, sender, content, message_type, media_url, is_read, whatsapp_connection_id, agent_id, status, created_at) VALUES ('ffd0357d-6402-4fad-926a-a3ca82ab584c', 'e256a546-eecf-4b4e-aa1f-fb99eea5ff79', 'agent', 'Até logo!', 'text', NULL, true, '7b6dd712-9428-4531-b46c-e8e7daacf9a1', 'b70992ab-4c75-4ebd-9b7f-8c9b0c053e90', 'sent', '2026-05-05T04:29:44.020628');
INSERT INTO public.contacts (id, name, phone, email, whatsapp_connection_id, assigned_to) VALUES ('082a6e25-8a95-4ad3-bd81-67f83e6bb0b4', 'MOCK_Zeca Pagodinho', '+55119885320025', 'mock_zeca.pagodinho@example.com', '7b6dd712-9428-4531-b46c-e8e7daacf9a1', 'b70992ab-4c75-4ebd-9b7f-8c9b0c053e90') ON CONFLICT (phone) DO NOTHING;
INSERT INTO public.conversations (id, contact_id, status, assigned_to, priority, message_count) VALUES ('e53324a1-93a2-49df-bf3a-90edd035596f', '082a6e25-8a95-4ad3-bd81-67f83e6bb0b4', 'pending', 'b70992ab-4c75-4ebd-9b7f-8c9b0c053e90', 'medium', 10);
INSERT INTO public.messages (id, contact_id, sender, content, message_type, media_url, is_read, whatsapp_connection_id, agent_id, status, created_at) VALUES ('446072f3-eb0d-4c98-99f0-5779e6071008', '082a6e25-8a95-4ad3-bd81-67f83e6bb0b4', 'contact', 'Olá, sou um dado mock!', 'text', NULL, false, '7b6dd712-9428-4531-b46c-e8e7daacf9a1', 'b70992ab-4c75-4ebd-9b7f-8c9b0c053e90', 'sent', '2026-05-06T02:34:44.020662');
INSERT INTO public.messages (id, contact_id, sender, content, message_type, media_url, is_read, whatsapp_connection_id, agent_id, status, created_at) VALUES ('aa4e2388-2a74-472c-98bd-dda1acf33652', '082a6e25-8a95-4ad3-bd81-67f83e6bb0b4', 'agent', 'Testando a funcionalidade de chat.', 'text', NULL, true, '7b6dd712-9428-4531-b46c-e8e7daacf9a1', 'b70992ab-4c75-4ebd-9b7f-8c9b0c053e90', 'sent', '2026-05-02T23:24:44.020697');
INSERT INTO public.messages (id, contact_id, sender, content, message_type, media_url, is_read, whatsapp_connection_id, agent_id, status, created_at) VALUES ('e817d88d-df67-456f-8425-274ab3157688', '082a6e25-8a95-4ad3-bd81-67f83e6bb0b4', 'contact', 'Esta é uma mensagem de teste.', 'text', NULL, false, '7b6dd712-9428-4531-b46c-e8e7daacf9a1', 'b70992ab-4c75-4ebd-9b7f-8c9b0c053e90', 'sent', '2026-04-30T16:03:44.020712');
INSERT INTO public.messages (id, contact_id, sender, content, message_type, media_url, is_read, whatsapp_connection_id, agent_id, status, created_at) VALUES ('a6c0d853-4ac4-47e2-9a83-6cc956107881', '082a6e25-8a95-4ad3-bd81-67f83e6bb0b4', 'agent', 'Como está o sistema hoje?', 'text', NULL, true, '7b6dd712-9428-4531-b46c-e8e7daacf9a1', 'b70992ab-4c75-4ebd-9b7f-8c9b0c053e90', 'sent', '2026-05-05T16:32:44.020723');
INSERT INTO public.messages (id, contact_id, sender, content, message_type, media_url, is_read, whatsapp_connection_id, agent_id, status, created_at) VALUES ('40cdd9a8-c315-4344-a2c2-b723512a1222', '082a6e25-8a95-4ad3-bd81-67f83e6bb0b4', 'agent', 'Imagem de teste', 'image', 'https://picsum.photos/400/300', true, '7b6dd712-9428-4531-b46c-e8e7daacf9a1', 'b70992ab-4c75-4ebd-9b7f-8c9b0c053e90', 'sent', '2026-05-06T01:36:44.020735');
INSERT INTO public.messages (id, contact_id, sender, content, message_type, media_url, is_read, whatsapp_connection_id, agent_id, status, created_at) VALUES ('d3974afc-60b3-4585-9acd-f3cb26f12119', '082a6e25-8a95-4ad3-bd81-67f83e6bb0b4', 'agent', 'Gostaria de saber mais sobre as novas features.', 'text', NULL, true, '7b6dd712-9428-4531-b46c-e8e7daacf9a1', 'b70992ab-4c75-4ebd-9b7f-8c9b0c053e90', 'sent', '2026-04-30T17:51:44.020745');
INSERT INTO public.messages (id, contact_id, sender, content, message_type, media_url, is_read, whatsapp_connection_id, agent_id, status, created_at) VALUES ('b92d37a0-651f-435e-8021-ca4c77b929ab', '082a6e25-8a95-4ad3-bd81-67f83e6bb0b4', 'contact', 'Pode me ajudar com uma dúvida?', 'text', NULL, true, '7b6dd712-9428-4531-b46c-e8e7daacf9a1', 'b70992ab-4c75-4ebd-9b7f-8c9b0c053e90', 'sent', '2026-05-01T16:52:44.020755');
INSERT INTO public.messages (id, contact_id, sender, content, message_type, media_url, is_read, whatsapp_connection_id, agent_id, status, created_at) VALUES ('304c68ab-4084-412c-acde-a314b8484549', '082a6e25-8a95-4ad3-bd81-67f83e6bb0b4', 'agent', 'Claro, qual seria?', 'text', NULL, true, '7b6dd712-9428-4531-b46c-e8e7daacf9a1', 'b70992ab-4c75-4ebd-9b7f-8c9b0c053e90', 'sent', '2026-05-01T12:30:44.020766');
INSERT INTO public.messages (id, contact_id, sender, content, message_type, media_url, is_read, whatsapp_connection_id, agent_id, status, created_at) VALUES ('338bda9d-8c59-483b-94e8-962be105c7f0', '082a6e25-8a95-4ad3-bd81-67f83e6bb0b4', 'agent', 'Obrigado pelo excelente atendimento!', 'text', NULL, true, '7b6dd712-9428-4531-b46c-e8e7daacf9a1', 'b70992ab-4c75-4ebd-9b7f-8c9b0c053e90', 'sent', '2026-05-01T19:59:44.020777');
INSERT INTO public.messages (id, contact_id, sender, content, message_type, media_url, is_read, whatsapp_connection_id, agent_id, status, created_at) VALUES ('a2037e37-7ef5-42ac-82ad-a98ab6f6d806', '082a6e25-8a95-4ad3-bd81-67f83e6bb0b4', 'agent', 'Até logo!', 'text', NULL, true, '7b6dd712-9428-4531-b46c-e8e7daacf9a1', 'b70992ab-4c75-4ebd-9b7f-8c9b0c053e90', 'sent', '2026-05-05T15:09:44.020787');
INSERT INTO public.contacts (id, name, phone, email, whatsapp_connection_id, assigned_to) VALUES ('96a55373-a3e9-41a8-9b96-8bdbf21320a5', 'MOCK_Alice Wonder', '+55119887680026', 'mock_alice.wonder@example.com', '7b6dd712-9428-4531-b46c-e8e7daacf9a1', 'b70992ab-4c75-4ebd-9b7f-8c9b0c053e90') ON CONFLICT (phone) DO NOTHING;
INSERT INTO public.conversations (id, contact_id, status, assigned_to, priority, message_count) VALUES ('0b3ee17c-6ab8-4feb-aa01-cb5d52ad4a4c', '96a55373-a3e9-41a8-9b96-8bdbf21320a5', 'closed', 'b70992ab-4c75-4ebd-9b7f-8c9b0c053e90', 'urgent', 10);
INSERT INTO public.messages (id, contact_id, sender, content, message_type, media_url, is_read, whatsapp_connection_id, agent_id, status, created_at) VALUES ('3174f1ad-83fd-453c-b082-72ec3851c5cb', '96a55373-a3e9-41a8-9b96-8bdbf21320a5', 'agent', 'Olá, sou um dado mock!', 'text', NULL, true, '7b6dd712-9428-4531-b46c-e8e7daacf9a1', 'b70992ab-4c75-4ebd-9b7f-8c9b0c053e90', 'sent', '2026-05-03T09:50:44.020830');
INSERT INTO public.messages (id, contact_id, sender, content, message_type, media_url, is_read, whatsapp_connection_id, agent_id, status, created_at) VALUES ('905d536a-c98b-4478-b71f-01ed4651f9ea', '96a55373-a3e9-41a8-9b96-8bdbf21320a5', 'agent', 'Testando a funcionalidade de chat.', 'text', NULL, true, '7b6dd712-9428-4531-b46c-e8e7daacf9a1', 'b70992ab-4c75-4ebd-9b7f-8c9b0c053e90', 'sent', '2026-05-01T19:58:44.020841');
INSERT INTO public.messages (id, contact_id, sender, content, message_type, media_url, is_read, whatsapp_connection_id, agent_id, status, created_at) VALUES ('2c935024-3383-40bd-aca7-504206322f9f', '96a55373-a3e9-41a8-9b96-8bdbf21320a5', 'agent', 'Esta é uma mensagem de teste.', 'text', NULL, true, '7b6dd712-9428-4531-b46c-e8e7daacf9a1', 'b70992ab-4c75-4ebd-9b7f-8c9b0c053e90', 'sent', '2026-04-30T22:43:44.020851');
INSERT INTO public.messages (id, contact_id, sender, content, message_type, media_url, is_read, whatsapp_connection_id, agent_id, status, created_at) VALUES ('d9abdebe-1127-4c2d-af24-1251708288dd', '96a55373-a3e9-41a8-9b96-8bdbf21320a5', 'contact', 'Como está o sistema hoje?', 'text', NULL, false, '7b6dd712-9428-4531-b46c-e8e7daacf9a1', 'b70992ab-4c75-4ebd-9b7f-8c9b0c053e90', 'sent', '2026-05-03T14:26:44.020861');
INSERT INTO public.messages (id, contact_id, sender, content, message_type, media_url, is_read, whatsapp_connection_id, agent_id, status, created_at) VALUES ('b03efd1b-ac46-4557-b2b3-6d2e2066327b', '96a55373-a3e9-41a8-9b96-8bdbf21320a5', 'contact', 'Imagem de teste', 'image', 'https://picsum.photos/400/300', false, '7b6dd712-9428-4531-b46c-e8e7daacf9a1', 'b70992ab-4c75-4ebd-9b7f-8c9b0c053e90', 'sent', '2026-04-30T02:07:44.020872');
INSERT INTO public.messages (id, contact_id, sender, content, message_type, media_url, is_read, whatsapp_connection_id, agent_id, status, created_at) VALUES ('8bf8e73a-6355-40ca-ae97-92c5f57d5949', '96a55373-a3e9-41a8-9b96-8bdbf21320a5', 'agent', 'Gostaria de saber mais sobre as novas features.', 'text', NULL, true, '7b6dd712-9428-4531-b46c-e8e7daacf9a1', 'b70992ab-4c75-4ebd-9b7f-8c9b0c053e90', 'sent', '2026-05-05T06:22:44.020886');
INSERT INTO public.messages (id, contact_id, sender, content, message_type, media_url, is_read, whatsapp_connection_id, agent_id, status, created_at) VALUES ('a63e8072-5294-4bdc-99ff-5fc05dea161c', '96a55373-a3e9-41a8-9b96-8bdbf21320a5', 'contact', 'Pode me ajudar com uma dúvida?', 'text', NULL, false, '7b6dd712-9428-4531-b46c-e8e7daacf9a1', 'b70992ab-4c75-4ebd-9b7f-8c9b0c053e90', 'sent', '2026-05-02T22:21:44.020900');
INSERT INTO public.messages (id, contact_id, sender, content, message_type, media_url, is_read, whatsapp_connection_id, agent_id, status, created_at) VALUES ('1870bc81-d383-4989-965e-c93404ad6619', '96a55373-a3e9-41a8-9b96-8bdbf21320a5', 'contact', 'Claro, qual seria?', 'text', NULL, false, '7b6dd712-9428-4531-b46c-e8e7daacf9a1', 'b70992ab-4c75-4ebd-9b7f-8c9b0c053e90', 'sent', '2026-05-06T14:12:44.020950');
INSERT INTO public.messages (id, contact_id, sender, content, message_type, media_url, is_read, whatsapp_connection_id, agent_id, status, created_at) VALUES ('b7aecd68-6ef3-443f-8701-d54269ace472', '96a55373-a3e9-41a8-9b96-8bdbf21320a5', 'contact', 'Obrigado pelo excelente atendimento!', 'text', NULL, true, '7b6dd712-9428-4531-b46c-e8e7daacf9a1', 'b70992ab-4c75-4ebd-9b7f-8c9b0c053e90', 'sent', '2026-05-04T02:07:44.020969');
INSERT INTO public.messages (id, contact_id, sender, content, message_type, media_url, is_read, whatsapp_connection_id, agent_id, status, created_at) VALUES ('df367411-5b45-464b-976f-aec4f975ec0f', '96a55373-a3e9-41a8-9b96-8bdbf21320a5', 'agent', 'Até logo!', 'text', NULL, true, '7b6dd712-9428-4531-b46c-e8e7daacf9a1', 'b70992ab-4c75-4ebd-9b7f-8c9b0c053e90', 'sent', '2026-05-03T03:39:44.020980');
INSERT INTO public.contacts (id, name, phone, email, whatsapp_connection_id, assigned_to) VALUES ('39c4fd33-5ab1-4a7d-94f8-9da6c6080c4b', 'MOCK_Bob Builder', '+55119884240027', 'mock_bob.builder@example.com', '7b6dd712-9428-4531-b46c-e8e7daacf9a1', 'b70992ab-4c75-4ebd-9b7f-8c9b0c053e90') ON CONFLICT (phone) DO NOTHING;
INSERT INTO public.conversations (id, contact_id, status, assigned_to, priority, message_count) VALUES ('8673c59e-8d42-4ffd-ba88-f789c13b6717', '39c4fd33-5ab1-4a7d-94f8-9da6c6080c4b', 'pending', 'b70992ab-4c75-4ebd-9b7f-8c9b0c053e90', 'urgent', 10);
INSERT INTO public.messages (id, contact_id, sender, content, message_type, media_url, is_read, whatsapp_connection_id, agent_id, status, created_at) VALUES ('e9bbdd9b-3cf7-4e01-8fbb-32871faa205c', '39c4fd33-5ab1-4a7d-94f8-9da6c6080c4b', 'agent', 'Olá, sou um dado mock!', 'text', NULL, true, '7b6dd712-9428-4531-b46c-e8e7daacf9a1', 'b70992ab-4c75-4ebd-9b7f-8c9b0c053e90', 'sent', '2026-04-30T19:27:44.021005');
INSERT INTO public.messages (id, contact_id, sender, content, message_type, media_url, is_read, whatsapp_connection_id, agent_id, status, created_at) VALUES ('549f4291-2971-433b-ab9c-f8787d44ff25', '39c4fd33-5ab1-4a7d-94f8-9da6c6080c4b', 'agent', 'Testando a funcionalidade de chat.', 'text', NULL, true, '7b6dd712-9428-4531-b46c-e8e7daacf9a1', 'b70992ab-4c75-4ebd-9b7f-8c9b0c053e90', 'sent', '2026-05-05T22:52:44.021015');
INSERT INTO public.messages (id, contact_id, sender, content, message_type, media_url, is_read, whatsapp_connection_id, agent_id, status, created_at) VALUES ('1e6a0e7f-30eb-4d94-81b7-5dbe187d4e96', '39c4fd33-5ab1-4a7d-94f8-9da6c6080c4b', 'contact', 'Esta é uma mensagem de teste.', 'text', NULL, false, '7b6dd712-9428-4531-b46c-e8e7daacf9a1', 'b70992ab-4c75-4ebd-9b7f-8c9b0c053e90', 'sent', '2026-05-01T22:37:44.021025');
INSERT INTO public.messages (id, contact_id, sender, content, message_type, media_url, is_read, whatsapp_connection_id, agent_id, status, created_at) VALUES ('7a4aed82-465f-44eb-8c5a-2235e53519df', '39c4fd33-5ab1-4a7d-94f8-9da6c6080c4b', 'agent', 'Como está o sistema hoje?', 'text', NULL, true, '7b6dd712-9428-4531-b46c-e8e7daacf9a1', 'b70992ab-4c75-4ebd-9b7f-8c9b0c053e90', 'sent', '2026-05-01T05:59:44.021036');
INSERT INTO public.messages (id, contact_id, sender, content, message_type, media_url, is_read, whatsapp_connection_id, agent_id, status, created_at) VALUES ('015d4ee5-743f-4d8d-8e22-fd3edcb977ae', '39c4fd33-5ab1-4a7d-94f8-9da6c6080c4b', 'agent', 'Imagem de teste', 'image', 'https://picsum.photos/400/300', true, '7b6dd712-9428-4531-b46c-e8e7daacf9a1', 'b70992ab-4c75-4ebd-9b7f-8c9b0c053e90', 'sent', '2026-05-02T13:48:44.021047');
INSERT INTO public.messages (id, contact_id, sender, content, message_type, media_url, is_read, whatsapp_connection_id, agent_id, status, created_at) VALUES ('d7d49ab9-c3a1-4fb4-9b73-206920154f35', '39c4fd33-5ab1-4a7d-94f8-9da6c6080c4b', 'contact', 'Gostaria de saber mais sobre as novas features.', 'text', NULL, true, '7b6dd712-9428-4531-b46c-e8e7daacf9a1', 'b70992ab-4c75-4ebd-9b7f-8c9b0c053e90', 'sent', '2026-05-03T15:18:44.021057');
INSERT INTO public.messages (id, contact_id, sender, content, message_type, media_url, is_read, whatsapp_connection_id, agent_id, status, created_at) VALUES ('6d6a7bbb-979c-4c9a-b84c-111e1a13154f', '39c4fd33-5ab1-4a7d-94f8-9da6c6080c4b', 'contact', 'Pode me ajudar com uma dúvida?', 'text', NULL, true, '7b6dd712-9428-4531-b46c-e8e7daacf9a1', 'b70992ab-4c75-4ebd-9b7f-8c9b0c053e90', 'sent', '2026-05-06T12:51:44.021068');
INSERT INTO public.messages (id, contact_id, sender, content, message_type, media_url, is_read, whatsapp_connection_id, agent_id, status, created_at) VALUES ('1639e205-3f3c-4182-a73c-2c03cdaab268', '39c4fd33-5ab1-4a7d-94f8-9da6c6080c4b', 'contact', 'Claro, qual seria?', 'text', NULL, true, '7b6dd712-9428-4531-b46c-e8e7daacf9a1', 'b70992ab-4c75-4ebd-9b7f-8c9b0c053e90', 'sent', '2026-05-06T18:28:44.021081');
INSERT INTO public.messages (id, contact_id, sender, content, message_type, media_url, is_read, whatsapp_connection_id, agent_id, status, created_at) VALUES ('30618e60-2fe0-40b5-a548-ee3622c47be7', '39c4fd33-5ab1-4a7d-94f8-9da6c6080c4b', 'contact', 'Obrigado pelo excelente atendimento!', 'text', NULL, false, '7b6dd712-9428-4531-b46c-e8e7daacf9a1', 'b70992ab-4c75-4ebd-9b7f-8c9b0c053e90', 'sent', '2026-05-02T13:37:44.021092');
INSERT INTO public.messages (id, contact_id, sender, content, message_type, media_url, is_read, whatsapp_connection_id, agent_id, status, created_at) VALUES ('e28e71d8-6e8d-4d94-93bd-77da81906c6c', '39c4fd33-5ab1-4a7d-94f8-9da6c6080c4b', 'contact', 'Até logo!', 'text', NULL, false, '7b6dd712-9428-4531-b46c-e8e7daacf9a1', 'b70992ab-4c75-4ebd-9b7f-8c9b0c053e90', 'sent', '2026-05-02T12:14:44.021103');
INSERT INTO public.contacts (id, name, phone, email, whatsapp_connection_id, assigned_to) VALUES ('0b65ac50-0a3d-43d4-9f41-3fc40131ddcc', 'MOCK_Charlie Brown', '+55119889980028', 'mock_charlie.brown@example.com', '7b6dd712-9428-4531-b46c-e8e7daacf9a1', 'b70992ab-4c75-4ebd-9b7f-8c9b0c053e90') ON CONFLICT (phone) DO NOTHING;
INSERT INTO public.conversations (id, contact_id, status, assigned_to, priority, message_count) VALUES ('7400b59b-d5cc-4946-a292-4445b6752493', '0b65ac50-0a3d-43d4-9f41-3fc40131ddcc', 'pending', 'b70992ab-4c75-4ebd-9b7f-8c9b0c053e90', 'high', 10);
INSERT INTO public.messages (id, contact_id, sender, content, message_type, media_url, is_read, whatsapp_connection_id, agent_id, status, created_at) VALUES ('5e26a206-f7b6-47e3-994c-22139e5df8cd', '0b65ac50-0a3d-43d4-9f41-3fc40131ddcc', 'contact', 'Olá, sou um dado mock!', 'text', NULL, true, '7b6dd712-9428-4531-b46c-e8e7daacf9a1', 'b70992ab-4c75-4ebd-9b7f-8c9b0c053e90', 'sent', '2026-05-02T03:13:44.021128');
INSERT INTO public.messages (id, contact_id, sender, content, message_type, media_url, is_read, whatsapp_connection_id, agent_id, status, created_at) VALUES ('8896908c-f85b-43ea-8a1a-4c8d4a9d3ad2', '0b65ac50-0a3d-43d4-9f41-3fc40131ddcc', 'contact', 'Testando a funcionalidade de chat.', 'text', NULL, true, '7b6dd712-9428-4531-b46c-e8e7daacf9a1', 'b70992ab-4c75-4ebd-9b7f-8c9b0c053e90', 'sent', '2026-05-06T13:08:44.021140');
INSERT INTO public.messages (id, contact_id, sender, content, message_type, media_url, is_read, whatsapp_connection_id, agent_id, status, created_at) VALUES ('816e7910-55d2-47ad-ba43-62346fd32ed0', '0b65ac50-0a3d-43d4-9f41-3fc40131ddcc', 'contact', 'Esta é uma mensagem de teste.', 'text', NULL, false, '7b6dd712-9428-4531-b46c-e8e7daacf9a1', 'b70992ab-4c75-4ebd-9b7f-8c9b0c053e90', 'sent', '2026-04-30T18:11:44.021150');
INSERT INTO public.messages (id, contact_id, sender, content, message_type, media_url, is_read, whatsapp_connection_id, agent_id, status, created_at) VALUES ('34084e9c-daf5-41e0-938a-547c19fd9611', '0b65ac50-0a3d-43d4-9f41-3fc40131ddcc', 'agent', 'Como está o sistema hoje?', 'text', NULL, true, '7b6dd712-9428-4531-b46c-e8e7daacf9a1', 'b70992ab-4c75-4ebd-9b7f-8c9b0c053e90', 'sent', '2026-05-04T08:55:44.021161');
INSERT INTO public.messages (id, contact_id, sender, content, message_type, media_url, is_read, whatsapp_connection_id, agent_id, status, created_at) VALUES ('b5e1210e-6c0b-4746-890e-3525dc45efc0', '0b65ac50-0a3d-43d4-9f41-3fc40131ddcc', 'contact', 'Imagem de teste', 'image', 'https://picsum.photos/400/300', false, '7b6dd712-9428-4531-b46c-e8e7daacf9a1', 'b70992ab-4c75-4ebd-9b7f-8c9b0c053e90', 'sent', '2026-05-05T00:45:44.021171');
INSERT INTO public.messages (id, contact_id, sender, content, message_type, media_url, is_read, whatsapp_connection_id, agent_id, status, created_at) VALUES ('1ad2628c-7a2b-49d7-856d-fd00192c558c', '0b65ac50-0a3d-43d4-9f41-3fc40131ddcc', 'contact', 'Gostaria de saber mais sobre as novas features.', 'text', NULL, true, '7b6dd712-9428-4531-b46c-e8e7daacf9a1', 'b70992ab-4c75-4ebd-9b7f-8c9b0c053e90', 'sent', '2026-05-03T04:37:44.021182');
INSERT INTO public.messages (id, contact_id, sender, content, message_type, media_url, is_read, whatsapp_connection_id, agent_id, status, created_at) VALUES ('bd7e6f1b-1937-47a6-a80a-05b679d9b22a', '0b65ac50-0a3d-43d4-9f41-3fc40131ddcc', 'contact', 'Pode me ajudar com uma dúvida?', 'text', NULL, true, '7b6dd712-9428-4531-b46c-e8e7daacf9a1', 'b70992ab-4c75-4ebd-9b7f-8c9b0c053e90', 'sent', '2026-05-05T09:01:44.021193');
INSERT INTO public.messages (id, contact_id, sender, content, message_type, media_url, is_read, whatsapp_connection_id, agent_id, status, created_at) VALUES ('2bea4c6a-5969-4bc3-941a-27cccb15f57f', '0b65ac50-0a3d-43d4-9f41-3fc40131ddcc', 'agent', 'Claro, qual seria?', 'text', NULL, true, '7b6dd712-9428-4531-b46c-e8e7daacf9a1', 'b70992ab-4c75-4ebd-9b7f-8c9b0c053e90', 'sent', '2026-05-04T16:36:44.021204');
INSERT INTO public.messages (id, contact_id, sender, content, message_type, media_url, is_read, whatsapp_connection_id, agent_id, status, created_at) VALUES ('e2dbde46-1cc8-4250-b6e2-74681b94fef2', '0b65ac50-0a3d-43d4-9f41-3fc40131ddcc', 'contact', 'Obrigado pelo excelente atendimento!', 'text', NULL, true, '7b6dd712-9428-4531-b46c-e8e7daacf9a1', 'b70992ab-4c75-4ebd-9b7f-8c9b0c053e90', 'sent', '2026-05-03T11:44:44.021214');
INSERT INTO public.messages (id, contact_id, sender, content, message_type, media_url, is_read, whatsapp_connection_id, agent_id, status, created_at) VALUES ('010c6fe1-6e15-4a47-8954-9c00bcd33bda', '0b65ac50-0a3d-43d4-9f41-3fc40131ddcc', 'contact', 'Até logo!', 'text', NULL, false, '7b6dd712-9428-4531-b46c-e8e7daacf9a1', 'b70992ab-4c75-4ebd-9b7f-8c9b0c053e90', 'sent', '2026-05-06T11:38:44.021228');
INSERT INTO public.contacts (id, name, phone, email, whatsapp_connection_id, assigned_to) VALUES ('e8af134f-8c04-4757-b080-fe8a1599c772', 'MOCK_Diana Prince', '+55119888810029', 'mock_diana.prince@example.com', '7b6dd712-9428-4531-b46c-e8e7daacf9a1', 'b70992ab-4c75-4ebd-9b7f-8c9b0c053e90') ON CONFLICT (phone) DO NOTHING;
INSERT INTO public.conversations (id, contact_id, status, assigned_to, priority, message_count) VALUES ('6f0e6238-a28b-4f53-8bca-a6aab0f51750', 'e8af134f-8c04-4757-b080-fe8a1599c772', 'pending', 'b70992ab-4c75-4ebd-9b7f-8c9b0c053e90', 'high', 10);
INSERT INTO public.messages (id, contact_id, sender, content, message_type, media_url, is_read, whatsapp_connection_id, agent_id, status, created_at) VALUES ('4f04278e-2560-4aa2-8835-d7713f7f748f', 'e8af134f-8c04-4757-b080-fe8a1599c772', 'contact', 'Olá, sou um dado mock!', 'text', NULL, false, '7b6dd712-9428-4531-b46c-e8e7daacf9a1', 'b70992ab-4c75-4ebd-9b7f-8c9b0c053e90', 'sent', '2026-05-06T14:28:44.021254');
INSERT INTO public.messages (id, contact_id, sender, content, message_type, media_url, is_read, whatsapp_connection_id, agent_id, status, created_at) VALUES ('87f79b5e-71de-43f7-9760-dc9377da0413', 'e8af134f-8c04-4757-b080-fe8a1599c772', 'contact', 'Testando a funcionalidade de chat.', 'text', NULL, false, '7b6dd712-9428-4531-b46c-e8e7daacf9a1', 'b70992ab-4c75-4ebd-9b7f-8c9b0c053e90', 'sent', '2026-04-30T13:06:44.021265');
INSERT INTO public.messages (id, contact_id, sender, content, message_type, media_url, is_read, whatsapp_connection_id, agent_id, status, created_at) VALUES ('23fd5fda-4dd4-425b-9648-7478f5b5e1f0', 'e8af134f-8c04-4757-b080-fe8a1599c772', 'agent', 'Esta é uma mensagem de teste.', 'text', NULL, true, '7b6dd712-9428-4531-b46c-e8e7daacf9a1', 'b70992ab-4c75-4ebd-9b7f-8c9b0c053e90', 'sent', '2026-05-06T13:03:44.021275');
INSERT INTO public.messages (id, contact_id, sender, content, message_type, media_url, is_read, whatsapp_connection_id, agent_id, status, created_at) VALUES ('a5dc3fb6-db3e-4b78-ad83-2185584764a1', 'e8af134f-8c04-4757-b080-fe8a1599c772', 'contact', 'Como está o sistema hoje?', 'text', NULL, false, '7b6dd712-9428-4531-b46c-e8e7daacf9a1', 'b70992ab-4c75-4ebd-9b7f-8c9b0c053e90', 'sent', '2026-05-01T16:52:44.021286');
INSERT INTO public.messages (id, contact_id, sender, content, message_type, media_url, is_read, whatsapp_connection_id, agent_id, status, created_at) VALUES ('b458aa79-5757-4cf8-ae02-8c8a0b6f5484', 'e8af134f-8c04-4757-b080-fe8a1599c772', 'contact', 'Imagem de teste', 'image', 'https://picsum.photos/400/300', false, '7b6dd712-9428-4531-b46c-e8e7daacf9a1', 'b70992ab-4c75-4ebd-9b7f-8c9b0c053e90', 'sent', '2026-05-05T16:39:44.021296');
INSERT INTO public.messages (id, contact_id, sender, content, message_type, media_url, is_read, whatsapp_connection_id, agent_id, status, created_at) VALUES ('73752685-ed27-455d-a217-883d5b31f603', 'e8af134f-8c04-4757-b080-fe8a1599c772', 'agent', 'Gostaria de saber mais sobre as novas features.', 'text', NULL, true, '7b6dd712-9428-4531-b46c-e8e7daacf9a1', 'b70992ab-4c75-4ebd-9b7f-8c9b0c053e90', 'sent', '2026-04-30T08:15:44.021307');
INSERT INTO public.messages (id, contact_id, sender, content, message_type, media_url, is_read, whatsapp_connection_id, agent_id, status, created_at) VALUES ('0af21d92-13d1-4867-af70-2043423ccefb', 'e8af134f-8c04-4757-b080-fe8a1599c772', 'contact', 'Pode me ajudar com uma dúvida?', 'text', NULL, false, '7b6dd712-9428-4531-b46c-e8e7daacf9a1', 'b70992ab-4c75-4ebd-9b7f-8c9b0c053e90', 'sent', '2026-04-30T04:43:44.021318');
INSERT INTO public.messages (id, contact_id, sender, content, message_type, media_url, is_read, whatsapp_connection_id, agent_id, status, created_at) VALUES ('4b09a8ef-9f0b-4f21-acae-486c39dbdec1', 'e8af134f-8c04-4757-b080-fe8a1599c772', 'contact', 'Claro, qual seria?', 'text', NULL, true, '7b6dd712-9428-4531-b46c-e8e7daacf9a1', 'b70992ab-4c75-4ebd-9b7f-8c9b0c053e90', 'sent', '2026-05-01T06:59:44.021328');
INSERT INTO public.messages (id, contact_id, sender, content, message_type, media_url, is_read, whatsapp_connection_id, agent_id, status, created_at) VALUES ('cac97868-1967-4177-8761-0ea8cab86d5f', 'e8af134f-8c04-4757-b080-fe8a1599c772', 'agent', 'Obrigado pelo excelente atendimento!', 'text', NULL, true, '7b6dd712-9428-4531-b46c-e8e7daacf9a1', 'b70992ab-4c75-4ebd-9b7f-8c9b0c053e90', 'sent', '2026-05-04T07:05:44.021341');
INSERT INTO public.messages (id, contact_id, sender, content, message_type, media_url, is_read, whatsapp_connection_id, agent_id, status, created_at) VALUES ('bb28680b-0e84-47a9-ad7d-8bc88c47ce04', 'e8af134f-8c04-4757-b080-fe8a1599c772', 'agent', 'Até logo!', 'text', NULL, true, '7b6dd712-9428-4531-b46c-e8e7daacf9a1', 'b70992ab-4c75-4ebd-9b7f-8c9b0c053e90', 'sent', '2026-05-03T19:20:44.021354');
INSERT INTO public.contacts (id, name, phone, email, whatsapp_connection_id, assigned_to) VALUES ('1d55e520-e148-4ce4-8f89-4c0d753103f8', 'MOCK_Edward Stark', '+55119888450030', 'mock_edward.stark@example.com', '7b6dd712-9428-4531-b46c-e8e7daacf9a1', 'b70992ab-4c75-4ebd-9b7f-8c9b0c053e90') ON CONFLICT (phone) DO NOTHING;
INSERT INTO public.conversations (id, contact_id, status, assigned_to, priority, message_count) VALUES ('ad00bd45-1c41-425e-9c7e-088d8d0abeb4', '1d55e520-e148-4ce4-8f89-4c0d753103f8', 'open', 'b70992ab-4c75-4ebd-9b7f-8c9b0c053e90', 'medium', 10);
INSERT INTO public.messages (id, contact_id, sender, content, message_type, media_url, is_read, whatsapp_connection_id, agent_id, status, created_at) VALUES ('e7964c2d-afa5-476f-8010-478ff5c4195d', '1d55e520-e148-4ce4-8f89-4c0d753103f8', 'contact', 'Olá, sou um dado mock!', 'text', NULL, true, '7b6dd712-9428-4531-b46c-e8e7daacf9a1', 'b70992ab-4c75-4ebd-9b7f-8c9b0c053e90', 'sent', '2026-05-03T08:08:44.021378');
INSERT INTO public.messages (id, contact_id, sender, content, message_type, media_url, is_read, whatsapp_connection_id, agent_id, status, created_at) VALUES ('5a17a9a2-5c44-4635-bb78-60c36743d3a6', '1d55e520-e148-4ce4-8f89-4c0d753103f8', 'contact', 'Testando a funcionalidade de chat.', 'text', NULL, false, '7b6dd712-9428-4531-b46c-e8e7daacf9a1', 'b70992ab-4c75-4ebd-9b7f-8c9b0c053e90', 'sent', '2026-04-30T05:24:44.021388');
INSERT INTO public.messages (id, contact_id, sender, content, message_type, media_url, is_read, whatsapp_connection_id, agent_id, status, created_at) VALUES ('109b0532-3abb-4edd-901b-5f5415886bdc', '1d55e520-e148-4ce4-8f89-4c0d753103f8', 'contact', 'Esta é uma mensagem de teste.', 'text', NULL, true, '7b6dd712-9428-4531-b46c-e8e7daacf9a1', 'b70992ab-4c75-4ebd-9b7f-8c9b0c053e90', 'sent', '2026-05-01T09:20:44.021398');
INSERT INTO public.messages (id, contact_id, sender, content, message_type, media_url, is_read, whatsapp_connection_id, agent_id, status, created_at) VALUES ('567eff63-4b53-4df0-a45e-edf45fd537bf', '1d55e520-e148-4ce4-8f89-4c0d753103f8', 'contact', 'Como está o sistema hoje?', 'text', NULL, true, '7b6dd712-9428-4531-b46c-e8e7daacf9a1', 'b70992ab-4c75-4ebd-9b7f-8c9b0c053e90', 'sent', '2026-05-03T10:15:44.021409');
INSERT INTO public.messages (id, contact_id, sender, content, message_type, media_url, is_read, whatsapp_connection_id, agent_id, status, created_at) VALUES ('e1f216c0-7645-4de4-8dcf-ae1185657382', '1d55e520-e148-4ce4-8f89-4c0d753103f8', 'contact', 'Imagem de teste', 'image', 'https://picsum.photos/400/300', false, '7b6dd712-9428-4531-b46c-e8e7daacf9a1', 'b70992ab-4c75-4ebd-9b7f-8c9b0c053e90', 'sent', '2026-05-04T12:18:44.021419');
INSERT INTO public.messages (id, contact_id, sender, content, message_type, media_url, is_read, whatsapp_connection_id, agent_id, status, created_at) VALUES ('de309715-e808-497e-92e9-13e75d7b320e', '1d55e520-e148-4ce4-8f89-4c0d753103f8', 'agent', 'Gostaria de saber mais sobre as novas features.', 'text', NULL, true, '7b6dd712-9428-4531-b46c-e8e7daacf9a1', 'b70992ab-4c75-4ebd-9b7f-8c9b0c053e90', 'sent', '2026-05-04T08:56:44.021430');
INSERT INTO public.messages (id, contact_id, sender, content, message_type, media_url, is_read, whatsapp_connection_id, agent_id, status, created_at) VALUES ('a9f3575d-dba0-413f-8b8a-bde035c030bf', '1d55e520-e148-4ce4-8f89-4c0d753103f8', 'agent', 'Pode me ajudar com uma dúvida?', 'text', NULL, true, '7b6dd712-9428-4531-b46c-e8e7daacf9a1', 'b70992ab-4c75-4ebd-9b7f-8c9b0c053e90', 'sent', '2026-04-30T10:02:44.021440');
INSERT INTO public.messages (id, contact_id, sender, content, message_type, media_url, is_read, whatsapp_connection_id, agent_id, status, created_at) VALUES ('45c7d915-f5a8-4d70-9e9a-910249653330', '1d55e520-e148-4ce4-8f89-4c0d753103f8', 'contact', 'Claro, qual seria?', 'text', NULL, true, '7b6dd712-9428-4531-b46c-e8e7daacf9a1', 'b70992ab-4c75-4ebd-9b7f-8c9b0c053e90', 'sent', '2026-04-30T21:53:44.021450');
INSERT INTO public.messages (id, contact_id, sender, content, message_type, media_url, is_read, whatsapp_connection_id, agent_id, status, created_at) VALUES ('3ab7e5ba-a21c-449a-8ba8-8906b71dad9b', '1d55e520-e148-4ce4-8f89-4c0d753103f8', 'contact', 'Obrigado pelo excelente atendimento!', 'text', NULL, true, '7b6dd712-9428-4531-b46c-e8e7daacf9a1', 'b70992ab-4c75-4ebd-9b7f-8c9b0c053e90', 'sent', '2026-05-01T05:57:44.021460');
INSERT INTO public.messages (id, contact_id, sender, content, message_type, media_url, is_read, whatsapp_connection_id, agent_id, status, created_at) VALUES ('2e73bf45-a4bb-4089-96eb-cc8922f6bfbc', '1d55e520-e148-4ce4-8f89-4c0d753103f8', 'agent', 'Até logo!', 'text', NULL, true, '7b6dd712-9428-4531-b46c-e8e7daacf9a1', 'b70992ab-4c75-4ebd-9b7f-8c9b0c053e90', 'sent', '2026-05-05T23:25:44.021473');
INSERT INTO public.contacts (id, name, phone, email, whatsapp_connection_id, assigned_to) VALUES ('aa73644b-ce8a-42cd-88d1-84b2bcee69fd', 'MOCK_Fiona Apple', '+55119881320031', 'mock_fiona.apple@example.com', '7b6dd712-9428-4531-b46c-e8e7daacf9a1', 'b70992ab-4c75-4ebd-9b7f-8c9b0c053e90') ON CONFLICT (phone) DO NOTHING;
INSERT INTO public.conversations (id, contact_id, status, assigned_to, priority, message_count) VALUES ('19ce293a-7e7a-40bf-9fc3-8d6df9699037', 'aa73644b-ce8a-42cd-88d1-84b2bcee69fd', 'closed', 'b70992ab-4c75-4ebd-9b7f-8c9b0c053e90', 'urgent', 10);
INSERT INTO public.messages (id, contact_id, sender, content, message_type, media_url, is_read, whatsapp_connection_id, agent_id, status, created_at) VALUES ('31f2b3fc-4f67-4f5f-baa1-372116a1853e', 'aa73644b-ce8a-42cd-88d1-84b2bcee69fd', 'contact', 'Olá, sou um dado mock!', 'text', NULL, true, '7b6dd712-9428-4531-b46c-e8e7daacf9a1', 'b70992ab-4c75-4ebd-9b7f-8c9b0c053e90', 'sent', '2026-05-04T12:38:44.021503');
INSERT INTO public.messages (id, contact_id, sender, content, message_type, media_url, is_read, whatsapp_connection_id, agent_id, status, created_at) VALUES ('b5dbc5d7-73d2-40d1-a956-8b9ca74efd92', 'aa73644b-ce8a-42cd-88d1-84b2bcee69fd', 'agent', 'Testando a funcionalidade de chat.', 'text', NULL, true, '7b6dd712-9428-4531-b46c-e8e7daacf9a1', 'b70992ab-4c75-4ebd-9b7f-8c9b0c053e90', 'sent', '2026-05-06T15:00:44.021515');
INSERT INTO public.messages (id, contact_id, sender, content, message_type, media_url, is_read, whatsapp_connection_id, agent_id, status, created_at) VALUES ('bd10a33d-c6cf-4188-aabb-d2c17d3a9cf6', 'aa73644b-ce8a-42cd-88d1-84b2bcee69fd', 'agent', 'Esta é uma mensagem de teste.', 'text', NULL, true, '7b6dd712-9428-4531-b46c-e8e7daacf9a1', 'b70992ab-4c75-4ebd-9b7f-8c9b0c053e90', 'sent', '2026-05-02T22:55:44.021525');
INSERT INTO public.messages (id, contact_id, sender, content, message_type, media_url, is_read, whatsapp_connection_id, agent_id, status, created_at) VALUES ('d2db7e2e-e360-4d7d-bb64-fd1a12180305', 'aa73644b-ce8a-42cd-88d1-84b2bcee69fd', 'agent', 'Como está o sistema hoje?', 'text', NULL, true, '7b6dd712-9428-4531-b46c-e8e7daacf9a1', 'b70992ab-4c75-4ebd-9b7f-8c9b0c053e90', 'sent', '2026-04-29T17:13:44.021534');
INSERT INTO public.messages (id, contact_id, sender, content, message_type, media_url, is_read, whatsapp_connection_id, agent_id, status, created_at) VALUES ('023df7be-e903-43f0-8097-875e4c2e7f4e', 'aa73644b-ce8a-42cd-88d1-84b2bcee69fd', 'contact', 'Imagem de teste', 'image', 'https://picsum.photos/400/300', true, '7b6dd712-9428-4531-b46c-e8e7daacf9a1', 'b70992ab-4c75-4ebd-9b7f-8c9b0c053e90', 'sent', '2026-05-02T03:25:44.021545');
INSERT INTO public.messages (id, contact_id, sender, content, message_type, media_url, is_read, whatsapp_connection_id, agent_id, status, created_at) VALUES ('291d57bb-f07a-463a-81c6-39655fd3ff19', 'aa73644b-ce8a-42cd-88d1-84b2bcee69fd', 'contact', 'Gostaria de saber mais sobre as novas features.', 'text', NULL, true, '7b6dd712-9428-4531-b46c-e8e7daacf9a1', 'b70992ab-4c75-4ebd-9b7f-8c9b0c053e90', 'sent', '2026-05-01T06:35:44.021556');
INSERT INTO public.messages (id, contact_id, sender, content, message_type, media_url, is_read, whatsapp_connection_id, agent_id, status, created_at) VALUES ('8706ca7f-25e0-49b9-9e84-4381e4ee4015', 'aa73644b-ce8a-42cd-88d1-84b2bcee69fd', 'agent', 'Pode me ajudar com uma dúvida?', 'text', NULL, true, '7b6dd712-9428-4531-b46c-e8e7daacf9a1', 'b70992ab-4c75-4ebd-9b7f-8c9b0c053e90', 'sent', '2026-04-29T04:38:44.021566');
INSERT INTO public.messages (id, contact_id, sender, content, message_type, media_url, is_read, whatsapp_connection_id, agent_id, status, created_at) VALUES ('42766eb0-0d25-452d-b717-fabb7ac80f58', 'aa73644b-ce8a-42cd-88d1-84b2bcee69fd', 'contact', 'Claro, qual seria?', 'text', NULL, true, '7b6dd712-9428-4531-b46c-e8e7daacf9a1', 'b70992ab-4c75-4ebd-9b7f-8c9b0c053e90', 'sent', '2026-05-02T02:07:44.021577');
INSERT INTO public.messages (id, contact_id, sender, content, message_type, media_url, is_read, whatsapp_connection_id, agent_id, status, created_at) VALUES ('5303198e-8796-4084-ab5a-6938b3b80ebd', 'aa73644b-ce8a-42cd-88d1-84b2bcee69fd', 'agent', 'Obrigado pelo excelente atendimento!', 'text', NULL, true, '7b6dd712-9428-4531-b46c-e8e7daacf9a1', 'b70992ab-4c75-4ebd-9b7f-8c9b0c053e90', 'sent', '2026-05-05T16:35:44.021587');
INSERT INTO public.messages (id, contact_id, sender, content, message_type, media_url, is_read, whatsapp_connection_id, agent_id, status, created_at) VALUES ('65f2dadf-c0f5-4ace-b32d-aeb817e8f734', 'aa73644b-ce8a-42cd-88d1-84b2bcee69fd', 'agent', 'Até logo!', 'text', NULL, true, '7b6dd712-9428-4531-b46c-e8e7daacf9a1', 'b70992ab-4c75-4ebd-9b7f-8c9b0c053e90', 'sent', '2026-05-06T17:38:44.021597');
INSERT INTO public.contacts (id, name, phone, email, whatsapp_connection_id, assigned_to) VALUES ('b71b94fa-2a17-443a-898b-9d15a6757e9e', 'MOCK_George Lucas', '+55119882220032', 'mock_george.lucas@example.com', '7b6dd712-9428-4531-b46c-e8e7daacf9a1', 'b70992ab-4c75-4ebd-9b7f-8c9b0c053e90') ON CONFLICT (phone) DO NOTHING;
INSERT INTO public.conversations (id, contact_id, status, assigned_to, priority, message_count) VALUES ('ac68ca69-42df-425b-835a-98b0cdcb40ff', 'b71b94fa-2a17-443a-898b-9d15a6757e9e', 'closed', 'b70992ab-4c75-4ebd-9b7f-8c9b0c053e90', 'low', 10);
INSERT INTO public.messages (id, contact_id, sender, content, message_type, media_url, is_read, whatsapp_connection_id, agent_id, status, created_at) VALUES ('8d28a095-97e9-4964-9ece-207558a3e08d', 'b71b94fa-2a17-443a-898b-9d15a6757e9e', 'contact', 'Olá, sou um dado mock!', 'text', NULL, true, '7b6dd712-9428-4531-b46c-e8e7daacf9a1', 'b70992ab-4c75-4ebd-9b7f-8c9b0c053e90', 'sent', '2026-05-02T00:43:44.021621');
INSERT INTO public.messages (id, contact_id, sender, content, message_type, media_url, is_read, whatsapp_connection_id, agent_id, status, created_at) VALUES ('adb173df-107f-42c3-a42c-e56aa43fb3f8', 'b71b94fa-2a17-443a-898b-9d15a6757e9e', 'contact', 'Testando a funcionalidade de chat.', 'text', NULL, true, '7b6dd712-9428-4531-b46c-e8e7daacf9a1', 'b70992ab-4c75-4ebd-9b7f-8c9b0c053e90', 'sent', '2026-05-01T02:45:44.021631');
INSERT INTO public.messages (id, contact_id, sender, content, message_type, media_url, is_read, whatsapp_connection_id, agent_id, status, created_at) VALUES ('93a8129e-b3fe-4753-a6cc-bd11881cddd8', 'b71b94fa-2a17-443a-898b-9d15a6757e9e', 'contact', 'Esta é uma mensagem de teste.', 'text', NULL, true, '7b6dd712-9428-4531-b46c-e8e7daacf9a1', 'b70992ab-4c75-4ebd-9b7f-8c9b0c053e90', 'sent', '2026-05-05T12:52:44.021644');
INSERT INTO public.messages (id, contact_id, sender, content, message_type, media_url, is_read, whatsapp_connection_id, agent_id, status, created_at) VALUES ('73286f3f-6e39-4efe-85c3-1f3ed33e973a', 'b71b94fa-2a17-443a-898b-9d15a6757e9e', 'contact', 'Como está o sistema hoje?', 'text', NULL, false, '7b6dd712-9428-4531-b46c-e8e7daacf9a1', 'b70992ab-4c75-4ebd-9b7f-8c9b0c053e90', 'sent', '2026-05-04T11:03:44.021654');
INSERT INTO public.messages (id, contact_id, sender, content, message_type, media_url, is_read, whatsapp_connection_id, agent_id, status, created_at) VALUES ('2b0f14dd-f090-443a-a1ff-80b31f43b00d', 'b71b94fa-2a17-443a-898b-9d15a6757e9e', 'agent', 'Imagem de teste', 'image', 'https://picsum.photos/400/300', true, '7b6dd712-9428-4531-b46c-e8e7daacf9a1', 'b70992ab-4c75-4ebd-9b7f-8c9b0c053e90', 'sent', '2026-04-29T08:55:44.021665');
INSERT INTO public.messages (id, contact_id, sender, content, message_type, media_url, is_read, whatsapp_connection_id, agent_id, status, created_at) VALUES ('bd5da55f-9cc3-4540-a17f-a0222dd7109e', 'b71b94fa-2a17-443a-898b-9d15a6757e9e', 'contact', 'Gostaria de saber mais sobre as novas features.', 'text', NULL, false, '7b6dd712-9428-4531-b46c-e8e7daacf9a1', 'b70992ab-4c75-4ebd-9b7f-8c9b0c053e90', 'sent', '2026-05-04T19:37:44.021675');
INSERT INTO public.messages (id, contact_id, sender, content, message_type, media_url, is_read, whatsapp_connection_id, agent_id, status, created_at) VALUES ('a3b70850-b788-4c22-ab95-a4907a0cd147', 'b71b94fa-2a17-443a-898b-9d15a6757e9e', 'agent', 'Pode me ajudar com uma dúvida?', 'text', NULL, true, '7b6dd712-9428-4531-b46c-e8e7daacf9a1', 'b70992ab-4c75-4ebd-9b7f-8c9b0c053e90', 'sent', '2026-04-30T11:51:44.021686');
INSERT INTO public.messages (id, contact_id, sender, content, message_type, media_url, is_read, whatsapp_connection_id, agent_id, status, created_at) VALUES ('76262465-5eae-4afa-8b87-0fd60cfd591d', 'b71b94fa-2a17-443a-898b-9d15a6757e9e', 'agent', 'Claro, qual seria?', 'text', NULL, true, '7b6dd712-9428-4531-b46c-e8e7daacf9a1', 'b70992ab-4c75-4ebd-9b7f-8c9b0c053e90', 'sent', '2026-05-03T22:27:44.021696');
INSERT INTO public.messages (id, contact_id, sender, content, message_type, media_url, is_read, whatsapp_connection_id, agent_id, status, created_at) VALUES ('fa05b31e-256d-4527-b4b6-ae631a715d03', 'b71b94fa-2a17-443a-898b-9d15a6757e9e', 'agent', 'Obrigado pelo excelente atendimento!', 'text', NULL, true, '7b6dd712-9428-4531-b46c-e8e7daacf9a1', 'b70992ab-4c75-4ebd-9b7f-8c9b0c053e90', 'sent', '2026-04-29T18:42:44.021706');
INSERT INTO public.messages (id, contact_id, sender, content, message_type, media_url, is_read, whatsapp_connection_id, agent_id, status, created_at) VALUES ('762754d9-8197-4a0b-bcb2-566d1fcb2188', 'b71b94fa-2a17-443a-898b-9d15a6757e9e', 'agent', 'Até logo!', 'text', NULL, true, '7b6dd712-9428-4531-b46c-e8e7daacf9a1', 'b70992ab-4c75-4ebd-9b7f-8c9b0c053e90', 'sent', '2026-04-30T19:26:44.021716');
INSERT INTO public.contacts (id, name, phone, email, whatsapp_connection_id, assigned_to) VALUES ('46dd0a2f-cf5d-4704-9c86-b380dd0135a2', 'MOCK_Hannah Baker', '+55119884340033', 'mock_hannah.baker@example.com', '7b6dd712-9428-4531-b46c-e8e7daacf9a1', 'b70992ab-4c75-4ebd-9b7f-8c9b0c053e90') ON CONFLICT (phone) DO NOTHING;
INSERT INTO public.conversations (id, contact_id, status, assigned_to, priority, message_count) VALUES ('038eff05-d072-42bf-847e-0f18ee2751a7', '46dd0a2f-cf5d-4704-9c86-b380dd0135a2', 'closed', 'b70992ab-4c75-4ebd-9b7f-8c9b0c053e90', 'urgent', 10);
INSERT INTO public.messages (id, contact_id, sender, content, message_type, media_url, is_read, whatsapp_connection_id, agent_id, status, created_at) VALUES ('e43728f0-9cb0-4b89-bce2-eaa9517e6acf', '46dd0a2f-cf5d-4704-9c86-b380dd0135a2', 'contact', 'Olá, sou um dado mock!', 'text', NULL, true, '7b6dd712-9428-4531-b46c-e8e7daacf9a1', 'b70992ab-4c75-4ebd-9b7f-8c9b0c053e90', 'sent', '2026-05-05T14:30:44.021739');
INSERT INTO public.messages (id, contact_id, sender, content, message_type, media_url, is_read, whatsapp_connection_id, agent_id, status, created_at) VALUES ('90f9aa5b-8259-4228-a2c9-e3aaaa9f112b', '46dd0a2f-cf5d-4704-9c86-b380dd0135a2', 'contact', 'Testando a funcionalidade de chat.', 'text', NULL, false, '7b6dd712-9428-4531-b46c-e8e7daacf9a1', 'b70992ab-4c75-4ebd-9b7f-8c9b0c053e90', 'sent', '2026-05-04T23:55:44.021750');
INSERT INTO public.messages (id, contact_id, sender, content, message_type, media_url, is_read, whatsapp_connection_id, agent_id, status, created_at) VALUES ('d13e6505-d317-43b0-a75a-ff845320fd32', '46dd0a2f-cf5d-4704-9c86-b380dd0135a2', 'agent', 'Esta é uma mensagem de teste.', 'text', NULL, true, '7b6dd712-9428-4531-b46c-e8e7daacf9a1', 'b70992ab-4c75-4ebd-9b7f-8c9b0c053e90', 'sent', '2026-05-04T20:32:44.021761');
INSERT INTO public.messages (id, contact_id, sender, content, message_type, media_url, is_read, whatsapp_connection_id, agent_id, status, created_at) VALUES ('d48de364-f635-413b-873b-66e6c5677a72', '46dd0a2f-cf5d-4704-9c86-b380dd0135a2', 'agent', 'Como está o sistema hoje?', 'text', NULL, true, '7b6dd712-9428-4531-b46c-e8e7daacf9a1', 'b70992ab-4c75-4ebd-9b7f-8c9b0c053e90', 'sent', '2026-05-04T11:11:44.021771');
INSERT INTO public.messages (id, contact_id, sender, content, message_type, media_url, is_read, whatsapp_connection_id, agent_id, status, created_at) VALUES ('3a61fef6-a97b-4f2e-ad93-bcd5624ad942', '46dd0a2f-cf5d-4704-9c86-b380dd0135a2', 'agent', 'Imagem de teste', 'image', 'https://picsum.photos/400/300', true, '7b6dd712-9428-4531-b46c-e8e7daacf9a1', 'b70992ab-4c75-4ebd-9b7f-8c9b0c053e90', 'sent', '2026-04-29T12:37:44.021781');
INSERT INTO public.messages (id, contact_id, sender, content, message_type, media_url, is_read, whatsapp_connection_id, agent_id, status, created_at) VALUES ('d547a121-0c25-4873-8b76-18f3cd58d7d3', '46dd0a2f-cf5d-4704-9c86-b380dd0135a2', 'contact', 'Gostaria de saber mais sobre as novas features.', 'text', NULL, true, '7b6dd712-9428-4531-b46c-e8e7daacf9a1', 'b70992ab-4c75-4ebd-9b7f-8c9b0c053e90', 'sent', '2026-05-04T14:52:44.021791');
INSERT INTO public.messages (id, contact_id, sender, content, message_type, media_url, is_read, whatsapp_connection_id, agent_id, status, created_at) VALUES ('4b14146a-26d4-4cdd-95ae-0c01c1960c22', '46dd0a2f-cf5d-4704-9c86-b380dd0135a2', 'agent', 'Pode me ajudar com uma dúvida?', 'text', NULL, true, '7b6dd712-9428-4531-b46c-e8e7daacf9a1', 'b70992ab-4c75-4ebd-9b7f-8c9b0c053e90', 'sent', '2026-05-06T17:55:44.021814');
INSERT INTO public.messages (id, contact_id, sender, content, message_type, media_url, is_read, whatsapp_connection_id, agent_id, status, created_at) VALUES ('16c94b1a-f820-4658-a5c4-b0e41cea7936', '46dd0a2f-cf5d-4704-9c86-b380dd0135a2', 'agent', 'Claro, qual seria?', 'text', NULL, true, '7b6dd712-9428-4531-b46c-e8e7daacf9a1', 'b70992ab-4c75-4ebd-9b7f-8c9b0c053e90', 'sent', '2026-04-30T06:46:44.021825');
INSERT INTO public.messages (id, contact_id, sender, content, message_type, media_url, is_read, whatsapp_connection_id, agent_id, status, created_at) VALUES ('81ada00f-7cd0-42f2-8b1b-f123c6bc9502', '46dd0a2f-cf5d-4704-9c86-b380dd0135a2', 'agent', 'Obrigado pelo excelente atendimento!', 'text', NULL, true, '7b6dd712-9428-4531-b46c-e8e7daacf9a1', 'b70992ab-4c75-4ebd-9b7f-8c9b0c053e90', 'sent', '2026-05-04T18:02:44.021835');
INSERT INTO public.messages (id, contact_id, sender, content, message_type, media_url, is_read, whatsapp_connection_id, agent_id, status, created_at) VALUES ('73b4fb06-3af0-4d3b-bad7-23e28166bb87', '46dd0a2f-cf5d-4704-9c86-b380dd0135a2', 'contact', 'Até logo!', 'text', NULL, false, '7b6dd712-9428-4531-b46c-e8e7daacf9a1', 'b70992ab-4c75-4ebd-9b7f-8c9b0c053e90', 'sent', '2026-04-29T02:29:44.021845');
INSERT INTO public.contacts (id, name, phone, email, whatsapp_connection_id, assigned_to) VALUES ('6065e349-51cd-4f5d-b552-bc45bb70ae6b', 'MOCK_Ian Curtis', '+55119885140034', 'mock_ian.curtis@example.com', '7b6dd712-9428-4531-b46c-e8e7daacf9a1', 'b70992ab-4c75-4ebd-9b7f-8c9b0c053e90') ON CONFLICT (phone) DO NOTHING;
INSERT INTO public.conversations (id, contact_id, status, assigned_to, priority, message_count) VALUES ('390094e5-b1f7-4e59-8261-509d51fbc373', '6065e349-51cd-4f5d-b552-bc45bb70ae6b', 'closed', 'b70992ab-4c75-4ebd-9b7f-8c9b0c053e90', 'low', 10);
INSERT INTO public.messages (id, contact_id, sender, content, message_type, media_url, is_read, whatsapp_connection_id, agent_id, status, created_at) VALUES ('e4ce3ff8-0fe7-41f1-bab3-25167d1179c4', '6065e349-51cd-4f5d-b552-bc45bb70ae6b', 'agent', 'Olá, sou um dado mock!', 'text', NULL, true, '7b6dd712-9428-4531-b46c-e8e7daacf9a1', 'b70992ab-4c75-4ebd-9b7f-8c9b0c053e90', 'sent', '2026-05-06T15:59:44.021870');
INSERT INTO public.messages (id, contact_id, sender, content, message_type, media_url, is_read, whatsapp_connection_id, agent_id, status, created_at) VALUES ('e58a71f3-fd12-48f5-ae3c-ab8da1f1fe78', '6065e349-51cd-4f5d-b552-bc45bb70ae6b', 'contact', 'Testando a funcionalidade de chat.', 'text', NULL, true, '7b6dd712-9428-4531-b46c-e8e7daacf9a1', 'b70992ab-4c75-4ebd-9b7f-8c9b0c053e90', 'sent', '2026-05-01T11:06:44.021880');
INSERT INTO public.messages (id, contact_id, sender, content, message_type, media_url, is_read, whatsapp_connection_id, agent_id, status, created_at) VALUES ('52436875-30a9-440d-8201-f9a3b552c4a0', '6065e349-51cd-4f5d-b552-bc45bb70ae6b', 'agent', 'Esta é uma mensagem de teste.', 'text', NULL, true, '7b6dd712-9428-4531-b46c-e8e7daacf9a1', 'b70992ab-4c75-4ebd-9b7f-8c9b0c053e90', 'sent', '2026-05-02T02:42:44.021890');
INSERT INTO public.messages (id, contact_id, sender, content, message_type, media_url, is_read, whatsapp_connection_id, agent_id, status, created_at) VALUES ('fdfa5147-1e44-40af-bbf6-2bb94be45ea6', '6065e349-51cd-4f5d-b552-bc45bb70ae6b', 'contact', 'Como está o sistema hoje?', 'text', NULL, true, '7b6dd712-9428-4531-b46c-e8e7daacf9a1', 'b70992ab-4c75-4ebd-9b7f-8c9b0c053e90', 'sent', '2026-05-06T02:54:44.021902');
INSERT INTO public.messages (id, contact_id, sender, content, message_type, media_url, is_read, whatsapp_connection_id, agent_id, status, created_at) VALUES ('8efaf315-4bdb-4a75-92ad-6e881f59fa36', '6065e349-51cd-4f5d-b552-bc45bb70ae6b', 'agent', 'Imagem de teste', 'image', 'https://picsum.photos/400/300', true, '7b6dd712-9428-4531-b46c-e8e7daacf9a1', 'b70992ab-4c75-4ebd-9b7f-8c9b0c053e90', 'sent', '2026-04-30T15:41:44.021913');
INSERT INTO public.messages (id, contact_id, sender, content, message_type, media_url, is_read, whatsapp_connection_id, agent_id, status, created_at) VALUES ('cb3101f2-4654-469f-b190-7f957a38d7bc', '6065e349-51cd-4f5d-b552-bc45bb70ae6b', 'agent', 'Gostaria de saber mais sobre as novas features.', 'text', NULL, true, '7b6dd712-9428-4531-b46c-e8e7daacf9a1', 'b70992ab-4c75-4ebd-9b7f-8c9b0c053e90', 'sent', '2026-04-29T21:11:44.021923');
INSERT INTO public.messages (id, contact_id, sender, content, message_type, media_url, is_read, whatsapp_connection_id, agent_id, status, created_at) VALUES ('f021c94f-0dd7-426f-887d-9ec491d49b10', '6065e349-51cd-4f5d-b552-bc45bb70ae6b', 'agent', 'Pode me ajudar com uma dúvida?', 'text', NULL, true, '7b6dd712-9428-4531-b46c-e8e7daacf9a1', 'b70992ab-4c75-4ebd-9b7f-8c9b0c053e90', 'sent', '2026-04-30T13:59:44.021933');
INSERT INTO public.messages (id, contact_id, sender, content, message_type, media_url, is_read, whatsapp_connection_id, agent_id, status, created_at) VALUES ('df6f6f6a-1de4-423e-a6be-36cc38451ac7', '6065e349-51cd-4f5d-b552-bc45bb70ae6b', 'contact', 'Claro, qual seria?', 'text', NULL, true, '7b6dd712-9428-4531-b46c-e8e7daacf9a1', 'b70992ab-4c75-4ebd-9b7f-8c9b0c053e90', 'sent', '2026-05-02T02:18:44.021943');
INSERT INTO public.messages (id, contact_id, sender, content, message_type, media_url, is_read, whatsapp_connection_id, agent_id, status, created_at) VALUES ('f24ca579-f936-498c-8293-78a06233ef3d', '6065e349-51cd-4f5d-b552-bc45bb70ae6b', 'contact', 'Obrigado pelo excelente atendimento!', 'text', NULL, false, '7b6dd712-9428-4531-b46c-e8e7daacf9a1', 'b70992ab-4c75-4ebd-9b7f-8c9b0c053e90', 'sent', '2026-05-06T06:37:44.021956');
INSERT INTO public.messages (id, contact_id, sender, content, message_type, media_url, is_read, whatsapp_connection_id, agent_id, status, created_at) VALUES ('e9d70491-f44b-41b4-8db5-592228d1f8ff', '6065e349-51cd-4f5d-b552-bc45bb70ae6b', 'agent', 'Até logo!', 'text', NULL, true, '7b6dd712-9428-4531-b46c-e8e7daacf9a1', 'b70992ab-4c75-4ebd-9b7f-8c9b0c053e90', 'sent', '2026-05-05T23:28:44.021967');
INSERT INTO public.contacts (id, name, phone, email, whatsapp_connection_id, assigned_to) VALUES ('751125f1-a7d6-46e9-831c-b161454b56b5', 'MOCK_Julia Roberts', '+55119888820035', 'mock_julia.roberts@example.com', '7b6dd712-9428-4531-b46c-e8e7daacf9a1', 'b70992ab-4c75-4ebd-9b7f-8c9b0c053e90') ON CONFLICT (phone) DO NOTHING;
INSERT INTO public.conversations (id, contact_id, status, assigned_to, priority, message_count) VALUES ('9775268b-5853-49c3-a3e5-ce7814476aa2', '751125f1-a7d6-46e9-831c-b161454b56b5', 'open', 'b70992ab-4c75-4ebd-9b7f-8c9b0c053e90', 'low', 10);
INSERT INTO public.messages (id, contact_id, sender, content, message_type, media_url, is_read, whatsapp_connection_id, agent_id, status, created_at) VALUES ('0cd1de44-8d84-4d03-a5c3-3504b5031dce', '751125f1-a7d6-46e9-831c-b161454b56b5', 'agent', 'Olá, sou um dado mock!', 'text', NULL, true, '7b6dd712-9428-4531-b46c-e8e7daacf9a1', 'b70992ab-4c75-4ebd-9b7f-8c9b0c053e90', 'sent', '2026-04-30T03:52:44.021990');
INSERT INTO public.messages (id, contact_id, sender, content, message_type, media_url, is_read, whatsapp_connection_id, agent_id, status, created_at) VALUES ('dd4aca07-53f9-4e53-9907-ad0ac07b10d4', '751125f1-a7d6-46e9-831c-b161454b56b5', 'agent', 'Testando a funcionalidade de chat.', 'text', NULL, true, '7b6dd712-9428-4531-b46c-e8e7daacf9a1', 'b70992ab-4c75-4ebd-9b7f-8c9b0c053e90', 'sent', '2026-05-03T08:02:44.022000');
INSERT INTO public.messages (id, contact_id, sender, content, message_type, media_url, is_read, whatsapp_connection_id, agent_id, status, created_at) VALUES ('02e6fd16-43bd-499e-bc61-7b9f591f9b01', '751125f1-a7d6-46e9-831c-b161454b56b5', 'contact', 'Esta é uma mensagem de teste.', 'text', NULL, false, '7b6dd712-9428-4531-b46c-e8e7daacf9a1', 'b70992ab-4c75-4ebd-9b7f-8c9b0c053e90', 'sent', '2026-04-29T18:15:44.022010');
INSERT INTO public.messages (id, contact_id, sender, content, message_type, media_url, is_read, whatsapp_connection_id, agent_id, status, created_at) VALUES ('35a8ac12-fea4-4547-8a08-5c286be20d5b', '751125f1-a7d6-46e9-831c-b161454b56b5', 'agent', 'Como está o sistema hoje?', 'text', NULL, true, '7b6dd712-9428-4531-b46c-e8e7daacf9a1', 'b70992ab-4c75-4ebd-9b7f-8c9b0c053e90', 'sent', '2026-05-04T13:32:44.022021');
INSERT INTO public.messages (id, contact_id, sender, content, message_type, media_url, is_read, whatsapp_connection_id, agent_id, status, created_at) VALUES ('5d237c93-796f-4211-946b-41d02e2df0a1', '751125f1-a7d6-46e9-831c-b161454b56b5', 'contact', 'Imagem de teste', 'image', 'https://picsum.photos/400/300', true, '7b6dd712-9428-4531-b46c-e8e7daacf9a1', 'b70992ab-4c75-4ebd-9b7f-8c9b0c053e90', 'sent', '2026-04-30T21:19:44.022033');
INSERT INTO public.messages (id, contact_id, sender, content, message_type, media_url, is_read, whatsapp_connection_id, agent_id, status, created_at) VALUES ('c64acf10-77a1-4431-92e4-f26ba855d1c1', '751125f1-a7d6-46e9-831c-b161454b56b5', 'agent', 'Gostaria de saber mais sobre as novas features.', 'text', NULL, true, '7b6dd712-9428-4531-b46c-e8e7daacf9a1', 'b70992ab-4c75-4ebd-9b7f-8c9b0c053e90', 'sent', '2026-04-30T05:42:44.022045');
INSERT INTO public.messages (id, contact_id, sender, content, message_type, media_url, is_read, whatsapp_connection_id, agent_id, status, created_at) VALUES ('6e7c4c5d-032c-4535-a25f-bc3317e6b78d', '751125f1-a7d6-46e9-831c-b161454b56b5', 'agent', 'Pode me ajudar com uma dúvida?', 'text', NULL, true, '7b6dd712-9428-4531-b46c-e8e7daacf9a1', 'b70992ab-4c75-4ebd-9b7f-8c9b0c053e90', 'sent', '2026-05-03T11:29:44.022055');
INSERT INTO public.messages (id, contact_id, sender, content, message_type, media_url, is_read, whatsapp_connection_id, agent_id, status, created_at) VALUES ('34d1bf66-1eec-4897-b459-e9245819ce7c', '751125f1-a7d6-46e9-831c-b161454b56b5', 'contact', 'Claro, qual seria?', 'text', NULL, false, '7b6dd712-9428-4531-b46c-e8e7daacf9a1', 'b70992ab-4c75-4ebd-9b7f-8c9b0c053e90', 'sent', '2026-05-03T06:49:44.022065');
INSERT INTO public.messages (id, contact_id, sender, content, message_type, media_url, is_read, whatsapp_connection_id, agent_id, status, created_at) VALUES ('1c81db20-b61b-4961-8250-a21f48164848', '751125f1-a7d6-46e9-831c-b161454b56b5', 'contact', 'Obrigado pelo excelente atendimento!', 'text', NULL, true, '7b6dd712-9428-4531-b46c-e8e7daacf9a1', 'b70992ab-4c75-4ebd-9b7f-8c9b0c053e90', 'sent', '2026-05-01T15:29:44.022075');
INSERT INTO public.messages (id, contact_id, sender, content, message_type, media_url, is_read, whatsapp_connection_id, agent_id, status, created_at) VALUES ('b5c55050-7d3d-4b71-9313-712e223e4d93', '751125f1-a7d6-46e9-831c-b161454b56b5', 'contact', 'Até logo!', 'text', NULL, false, '7b6dd712-9428-4531-b46c-e8e7daacf9a1', 'b70992ab-4c75-4ebd-9b7f-8c9b0c053e90', 'sent', '2026-05-04T02:14:44.022085');
INSERT INTO public.contacts (id, name, phone, email, whatsapp_connection_id, assigned_to) VALUES ('53c0f8e0-e8be-4931-9593-6aab235d2090', 'MOCK_Kevin Hart', '+55119888240036', 'mock_kevin.hart@example.com', '7b6dd712-9428-4531-b46c-e8e7daacf9a1', 'b70992ab-4c75-4ebd-9b7f-8c9b0c053e90') ON CONFLICT (phone) DO NOTHING;
INSERT INTO public.conversations (id, contact_id, status, assigned_to, priority, message_count) VALUES ('4b1bc188-1841-4c27-8683-9cbdfda7947c', '53c0f8e0-e8be-4931-9593-6aab235d2090', 'open', 'b70992ab-4c75-4ebd-9b7f-8c9b0c053e90', 'high', 10);
INSERT INTO public.messages (id, contact_id, sender, content, message_type, media_url, is_read, whatsapp_connection_id, agent_id, status, created_at) VALUES ('9487cf5f-edec-4ae8-a837-7aec2776cf2d', '53c0f8e0-e8be-4931-9593-6aab235d2090', 'contact', 'Olá, sou um dado mock!', 'text', NULL, false, '7b6dd712-9428-4531-b46c-e8e7daacf9a1', 'b70992ab-4c75-4ebd-9b7f-8c9b0c053e90', 'sent', '2026-04-28T22:39:44.022110');
INSERT INTO public.messages (id, contact_id, sender, content, message_type, media_url, is_read, whatsapp_connection_id, agent_id, status, created_at) VALUES ('aa067ef4-c025-432f-b681-5002c434dc00', '53c0f8e0-e8be-4931-9593-6aab235d2090', 'contact', 'Testando a funcionalidade de chat.', 'text', NULL, true, '7b6dd712-9428-4531-b46c-e8e7daacf9a1', 'b70992ab-4c75-4ebd-9b7f-8c9b0c053e90', 'sent', '2026-05-01T11:34:44.022123');
INSERT INTO public.messages (id, contact_id, sender, content, message_type, media_url, is_read, whatsapp_connection_id, agent_id, status, created_at) VALUES ('51bf4e26-62cf-4d07-a946-a8c672e0d243', '53c0f8e0-e8be-4931-9593-6aab235d2090', 'contact', 'Esta é uma mensagem de teste.', 'text', NULL, true, '7b6dd712-9428-4531-b46c-e8e7daacf9a1', 'b70992ab-4c75-4ebd-9b7f-8c9b0c053e90', 'sent', '2026-05-04T02:01:44.022133');
INSERT INTO public.messages (id, contact_id, sender, content, message_type, media_url, is_read, whatsapp_connection_id, agent_id, status, created_at) VALUES ('be56a541-625a-4925-8790-77e2922f5a18', '53c0f8e0-e8be-4931-9593-6aab235d2090', 'agent', 'Como está o sistema hoje?', 'text', NULL, true, '7b6dd712-9428-4531-b46c-e8e7daacf9a1', 'b70992ab-4c75-4ebd-9b7f-8c9b0c053e90', 'sent', '2026-04-30T21:10:44.022144');
INSERT INTO public.messages (id, contact_id, sender, content, message_type, media_url, is_read, whatsapp_connection_id, agent_id, status, created_at) VALUES ('d49287d9-fe91-4fb9-b5b6-67a83b8cc00b', '53c0f8e0-e8be-4931-9593-6aab235d2090', 'contact', 'Imagem de teste', 'image', 'https://picsum.photos/400/300', true, '7b6dd712-9428-4531-b46c-e8e7daacf9a1', 'b70992ab-4c75-4ebd-9b7f-8c9b0c053e90', 'sent', '2026-05-02T08:57:44.022154');
INSERT INTO public.messages (id, contact_id, sender, content, message_type, media_url, is_read, whatsapp_connection_id, agent_id, status, created_at) VALUES ('b030abc9-e5d9-48d0-b348-71de68d5e416', '53c0f8e0-e8be-4931-9593-6aab235d2090', 'agent', 'Gostaria de saber mais sobre as novas features.', 'text', NULL, true, '7b6dd712-9428-4531-b46c-e8e7daacf9a1', 'b70992ab-4c75-4ebd-9b7f-8c9b0c053e90', 'sent', '2026-05-03T23:46:44.022166');
INSERT INTO public.messages (id, contact_id, sender, content, message_type, media_url, is_read, whatsapp_connection_id, agent_id, status, created_at) VALUES ('f99d8d17-085a-4711-a7b0-9a3d409eac3a', '53c0f8e0-e8be-4931-9593-6aab235d2090', 'contact', 'Pode me ajudar com uma dúvida?', 'text', NULL, true, '7b6dd712-9428-4531-b46c-e8e7daacf9a1', 'b70992ab-4c75-4ebd-9b7f-8c9b0c053e90', 'sent', '2026-05-04T07:45:44.022176');
INSERT INTO public.messages (id, contact_id, sender, content, message_type, media_url, is_read, whatsapp_connection_id, agent_id, status, created_at) VALUES ('5f9be912-e7bc-4565-9020-a1091a204dbd', '53c0f8e0-e8be-4931-9593-6aab235d2090', 'agent', 'Claro, qual seria?', 'text', NULL, true, '7b6dd712-9428-4531-b46c-e8e7daacf9a1', 'b70992ab-4c75-4ebd-9b7f-8c9b0c053e90', 'sent', '2026-05-02T21:56:44.022187');
INSERT INTO public.messages (id, contact_id, sender, content, message_type, media_url, is_read, whatsapp_connection_id, agent_id, status, created_at) VALUES ('6ac2f99e-bfdf-4e4e-a75d-996fde6ac041', '53c0f8e0-e8be-4931-9593-6aab235d2090', 'agent', 'Obrigado pelo excelente atendimento!', 'text', NULL, true, '7b6dd712-9428-4531-b46c-e8e7daacf9a1', 'b70992ab-4c75-4ebd-9b7f-8c9b0c053e90', 'sent', '2026-05-01T13:44:44.022197');
INSERT INTO public.messages (id, contact_id, sender, content, message_type, media_url, is_read, whatsapp_connection_id, agent_id, status, created_at) VALUES ('fc369807-bfeb-421f-a0e9-f22636795eff', '53c0f8e0-e8be-4931-9593-6aab235d2090', 'agent', 'Até logo!', 'text', NULL, true, '7b6dd712-9428-4531-b46c-e8e7daacf9a1', 'b70992ab-4c75-4ebd-9b7f-8c9b0c053e90', 'sent', '2026-05-05T04:31:44.022207');
INSERT INTO public.contacts (id, name, phone, email, whatsapp_connection_id, assigned_to) VALUES ('2d772509-6bc4-41f2-bc6b-7c91ee2a136e', 'MOCK_Lana Del Rey', '+55119886540037', 'mock_lana.del.rey@example.com', '7b6dd712-9428-4531-b46c-e8e7daacf9a1', 'b70992ab-4c75-4ebd-9b7f-8c9b0c053e90') ON CONFLICT (phone) DO NOTHING;
INSERT INTO public.conversations (id, contact_id, status, assigned_to, priority, message_count) VALUES ('22bea869-d255-460e-a8e7-a494b8f3100e', '2d772509-6bc4-41f2-bc6b-7c91ee2a136e', 'pending', 'b70992ab-4c75-4ebd-9b7f-8c9b0c053e90', 'high', 10);
INSERT INTO public.messages (id, contact_id, sender, content, message_type, media_url, is_read, whatsapp_connection_id, agent_id, status, created_at) VALUES ('0aa4197d-1b22-4f49-853a-4565cd745e0c', '2d772509-6bc4-41f2-bc6b-7c91ee2a136e', 'agent', 'Olá, sou um dado mock!', 'text', NULL, true, '7b6dd712-9428-4531-b46c-e8e7daacf9a1', 'b70992ab-4c75-4ebd-9b7f-8c9b0c053e90', 'sent', '2026-04-30T17:54:44.022230');
INSERT INTO public.messages (id, contact_id, sender, content, message_type, media_url, is_read, whatsapp_connection_id, agent_id, status, created_at) VALUES ('eb6a42ed-038b-4eeb-9143-4ae9fb31d3f2', '2d772509-6bc4-41f2-bc6b-7c91ee2a136e', 'agent', 'Testando a funcionalidade de chat.', 'text', NULL, true, '7b6dd712-9428-4531-b46c-e8e7daacf9a1', 'b70992ab-4c75-4ebd-9b7f-8c9b0c053e90', 'sent', '2026-04-29T17:34:44.022240');
INSERT INTO public.messages (id, contact_id, sender, content, message_type, media_url, is_read, whatsapp_connection_id, agent_id, status, created_at) VALUES ('20c76830-21d5-468e-9689-2d3d76aa4171', '2d772509-6bc4-41f2-bc6b-7c91ee2a136e', 'agent', 'Esta é uma mensagem de teste.', 'text', NULL, true, '7b6dd712-9428-4531-b46c-e8e7daacf9a1', 'b70992ab-4c75-4ebd-9b7f-8c9b0c053e90', 'sent', '2026-04-29T06:35:44.022250');
INSERT INTO public.messages (id, contact_id, sender, content, message_type, media_url, is_read, whatsapp_connection_id, agent_id, status, created_at) VALUES ('eecaaa62-8444-40b3-91d6-abfb2ebb8b23', '2d772509-6bc4-41f2-bc6b-7c91ee2a136e', 'agent', 'Como está o sistema hoje?', 'text', NULL, true, '7b6dd712-9428-4531-b46c-e8e7daacf9a1', 'b70992ab-4c75-4ebd-9b7f-8c9b0c053e90', 'sent', '2026-05-02T18:06:44.022260');
INSERT INTO public.messages (id, contact_id, sender, content, message_type, media_url, is_read, whatsapp_connection_id, agent_id, status, created_at) VALUES ('2aa8e6c6-71c9-4303-a9d7-71bf7498d14d', '2d772509-6bc4-41f2-bc6b-7c91ee2a136e', 'agent', 'Imagem de teste', 'image', 'https://picsum.photos/400/300', true, '7b6dd712-9428-4531-b46c-e8e7daacf9a1', 'b70992ab-4c75-4ebd-9b7f-8c9b0c053e90', 'sent', '2026-05-04T23:27:44.022269');
INSERT INTO public.messages (id, contact_id, sender, content, message_type, media_url, is_read, whatsapp_connection_id, agent_id, status, created_at) VALUES ('beb52528-37f8-417d-b521-ad04c194d7f9', '2d772509-6bc4-41f2-bc6b-7c91ee2a136e', 'contact', 'Gostaria de saber mais sobre as novas features.', 'text', NULL, true, '7b6dd712-9428-4531-b46c-e8e7daacf9a1', 'b70992ab-4c75-4ebd-9b7f-8c9b0c053e90', 'sent', '2026-05-05T04:54:44.022279');
INSERT INTO public.messages (id, contact_id, sender, content, message_type, media_url, is_read, whatsapp_connection_id, agent_id, status, created_at) VALUES ('fc296661-6c25-4aee-b83f-2407c9cb4db8', '2d772509-6bc4-41f2-bc6b-7c91ee2a136e', 'agent', 'Pode me ajudar com uma dúvida?', 'text', NULL, true, '7b6dd712-9428-4531-b46c-e8e7daacf9a1', 'b70992ab-4c75-4ebd-9b7f-8c9b0c053e90', 'sent', '2026-04-29T13:50:44.022290');
INSERT INTO public.messages (id, contact_id, sender, content, message_type, media_url, is_read, whatsapp_connection_id, agent_id, status, created_at) VALUES ('d9bc2e8a-49ab-4f13-b15f-9c753374d8b5', '2d772509-6bc4-41f2-bc6b-7c91ee2a136e', 'agent', 'Claro, qual seria?', 'text', NULL, true, '7b6dd712-9428-4531-b46c-e8e7daacf9a1', 'b70992ab-4c75-4ebd-9b7f-8c9b0c053e90', 'sent', '2026-04-30T14:27:44.022300');
INSERT INTO public.messages (id, contact_id, sender, content, message_type, media_url, is_read, whatsapp_connection_id, agent_id, status, created_at) VALUES ('07008198-0f62-4b15-9844-15d2fe6c47c0', '2d772509-6bc4-41f2-bc6b-7c91ee2a136e', 'contact', 'Obrigado pelo excelente atendimento!', 'text', NULL, false, '7b6dd712-9428-4531-b46c-e8e7daacf9a1', 'b70992ab-4c75-4ebd-9b7f-8c9b0c053e90', 'sent', '2026-05-05T05:51:44.022310');
INSERT INTO public.messages (id, contact_id, sender, content, message_type, media_url, is_read, whatsapp_connection_id, agent_id, status, created_at) VALUES ('25d637c3-0082-4d59-b694-b84f8ff9cff8', '2d772509-6bc4-41f2-bc6b-7c91ee2a136e', 'contact', 'Até logo!', 'text', NULL, false, '7b6dd712-9428-4531-b46c-e8e7daacf9a1', 'b70992ab-4c75-4ebd-9b7f-8c9b0c053e90', 'sent', '2026-05-01T01:52:44.022322');
INSERT INTO public.contacts (id, name, phone, email, whatsapp_connection_id, assigned_to) VALUES ('e27812b3-cc05-4fef-9c3b-6b6df98aeb84', 'MOCK_Miles Davis', '+55119885220038', 'mock_miles.davis@example.com', '7b6dd712-9428-4531-b46c-e8e7daacf9a1', 'b70992ab-4c75-4ebd-9b7f-8c9b0c053e90') ON CONFLICT (phone) DO NOTHING;
INSERT INTO public.conversations (id, contact_id, status, assigned_to, priority, message_count) VALUES ('e52f5188-d610-4a4b-87fd-5114fdd7d914', 'e27812b3-cc05-4fef-9c3b-6b6df98aeb84', 'pending', 'b70992ab-4c75-4ebd-9b7f-8c9b0c053e90', 'low', 10);
INSERT INTO public.messages (id, contact_id, sender, content, message_type, media_url, is_read, whatsapp_connection_id, agent_id, status, created_at) VALUES ('ec4aba7d-b7be-44e7-be17-b4b5502c36bf', 'e27812b3-cc05-4fef-9c3b-6b6df98aeb84', 'contact', 'Olá, sou um dado mock!', 'text', NULL, false, '7b6dd712-9428-4531-b46c-e8e7daacf9a1', 'b70992ab-4c75-4ebd-9b7f-8c9b0c053e90', 'sent', '2026-04-29T13:12:44.022348');
INSERT INTO public.messages (id, contact_id, sender, content, message_type, media_url, is_read, whatsapp_connection_id, agent_id, status, created_at) VALUES ('0b985d0d-f959-4e79-909e-2abf6f338ea5', 'e27812b3-cc05-4fef-9c3b-6b6df98aeb84', 'contact', 'Testando a funcionalidade de chat.', 'text', NULL, false, '7b6dd712-9428-4531-b46c-e8e7daacf9a1', 'b70992ab-4c75-4ebd-9b7f-8c9b0c053e90', 'sent', '2026-05-06T07:47:44.022359');
INSERT INTO public.messages (id, contact_id, sender, content, message_type, media_url, is_read, whatsapp_connection_id, agent_id, status, created_at) VALUES ('b3335faa-98b8-4dc7-8b39-5b7eeef3486f', 'e27812b3-cc05-4fef-9c3b-6b6df98aeb84', 'contact', 'Esta é uma mensagem de teste.', 'text', NULL, true, '7b6dd712-9428-4531-b46c-e8e7daacf9a1', 'b70992ab-4c75-4ebd-9b7f-8c9b0c053e90', 'sent', '2026-05-05T13:49:44.022369');
INSERT INTO public.messages (id, contact_id, sender, content, message_type, media_url, is_read, whatsapp_connection_id, agent_id, status, created_at) VALUES ('48bddb97-70d6-4044-8482-6cb3aa6473dc', 'e27812b3-cc05-4fef-9c3b-6b6df98aeb84', 'contact', 'Como está o sistema hoje?', 'text', NULL, false, '7b6dd712-9428-4531-b46c-e8e7daacf9a1', 'b70992ab-4c75-4ebd-9b7f-8c9b0c053e90', 'sent', '2026-05-06T11:50:44.022380');
INSERT INTO public.messages (id, contact_id, sender, content, message_type, media_url, is_read, whatsapp_connection_id, agent_id, status, created_at) VALUES ('d01c947a-208e-4d51-af64-c221ac727342', 'e27812b3-cc05-4fef-9c3b-6b6df98aeb84', 'agent', 'Imagem de teste', 'image', 'https://picsum.photos/400/300', true, '7b6dd712-9428-4531-b46c-e8e7daacf9a1', 'b70992ab-4c75-4ebd-9b7f-8c9b0c053e90', 'sent', '2026-04-30T04:25:44.022390');
INSERT INTO public.messages (id, contact_id, sender, content, message_type, media_url, is_read, whatsapp_connection_id, agent_id, status, created_at) VALUES ('9ac4016c-e650-472e-a0e5-962f7a2266a3', 'e27812b3-cc05-4fef-9c3b-6b6df98aeb84', 'agent', 'Gostaria de saber mais sobre as novas features.', 'text', NULL, true, '7b6dd712-9428-4531-b46c-e8e7daacf9a1', 'b70992ab-4c75-4ebd-9b7f-8c9b0c053e90', 'sent', '2026-05-04T14:19:44.022400');
INSERT INTO public.messages (id, contact_id, sender, content, message_type, media_url, is_read, whatsapp_connection_id, agent_id, status, created_at) VALUES ('fdaf95a2-ddc0-4e1b-98c3-3f6e83bad7b7', 'e27812b3-cc05-4fef-9c3b-6b6df98aeb84', 'agent', 'Pode me ajudar com uma dúvida?', 'text', NULL, true, '7b6dd712-9428-4531-b46c-e8e7daacf9a1', 'b70992ab-4c75-4ebd-9b7f-8c9b0c053e90', 'sent', '2026-05-06T08:22:44.022410');
INSERT INTO public.messages (id, contact_id, sender, content, message_type, media_url, is_read, whatsapp_connection_id, agent_id, status, created_at) VALUES ('891984ac-9a8c-44b4-bae6-5258ce23d6e5', 'e27812b3-cc05-4fef-9c3b-6b6df98aeb84', 'contact', 'Claro, qual seria?', 'text', NULL, false, '7b6dd712-9428-4531-b46c-e8e7daacf9a1', 'b70992ab-4c75-4ebd-9b7f-8c9b0c053e90', 'sent', '2026-05-05T22:06:44.022423');
INSERT INTO public.messages (id, contact_id, sender, content, message_type, media_url, is_read, whatsapp_connection_id, agent_id, status, created_at) VALUES ('237bf2f3-01e4-4637-8c3b-03cb676d6d74', 'e27812b3-cc05-4fef-9c3b-6b6df98aeb84', 'agent', 'Obrigado pelo excelente atendimento!', 'text', NULL, true, '7b6dd712-9428-4531-b46c-e8e7daacf9a1', 'b70992ab-4c75-4ebd-9b7f-8c9b0c053e90', 'sent', '2026-05-01T10:19:44.022433');
INSERT INTO public.messages (id, contact_id, sender, content, message_type, media_url, is_read, whatsapp_connection_id, agent_id, status, created_at) VALUES ('348988b2-d442-4b22-94af-fb63cc943d4c', 'e27812b3-cc05-4fef-9c3b-6b6df98aeb84', 'agent', 'Até logo!', 'text', NULL, true, '7b6dd712-9428-4531-b46c-e8e7daacf9a1', 'b70992ab-4c75-4ebd-9b7f-8c9b0c053e90', 'sent', '2026-05-01T22:57:44.022443');
INSERT INTO public.contacts (id, name, phone, email, whatsapp_connection_id, assigned_to) VALUES ('41bd1ad2-67dc-4e2e-9cfe-6f700ec1b893', 'MOCK_Nina Simone', '+55119887360039', 'mock_nina.simone@example.com', '7b6dd712-9428-4531-b46c-e8e7daacf9a1', 'b70992ab-4c75-4ebd-9b7f-8c9b0c053e90') ON CONFLICT (phone) DO NOTHING;
INSERT INTO public.conversations (id, contact_id, status, assigned_to, priority, message_count) VALUES ('84bb678a-9e4f-4479-92c4-5527ac50cd55', '41bd1ad2-67dc-4e2e-9cfe-6f700ec1b893', 'open', 'b70992ab-4c75-4ebd-9b7f-8c9b0c053e90', 'urgent', 10);
INSERT INTO public.messages (id, contact_id, sender, content, message_type, media_url, is_read, whatsapp_connection_id, agent_id, status, created_at) VALUES ('3cdd53e4-e1e8-4f89-9ccf-18900a52d9c4', '41bd1ad2-67dc-4e2e-9cfe-6f700ec1b893', 'agent', 'Olá, sou um dado mock!', 'text', NULL, true, '7b6dd712-9428-4531-b46c-e8e7daacf9a1', 'b70992ab-4c75-4ebd-9b7f-8c9b0c053e90', 'sent', '2026-05-02T19:05:44.022466');
INSERT INTO public.messages (id, contact_id, sender, content, message_type, media_url, is_read, whatsapp_connection_id, agent_id, status, created_at) VALUES ('82fa5d5b-9e26-492e-9af6-a4d06bebd50c', '41bd1ad2-67dc-4e2e-9cfe-6f700ec1b893', 'agent', 'Testando a funcionalidade de chat.', 'text', NULL, true, '7b6dd712-9428-4531-b46c-e8e7daacf9a1', 'b70992ab-4c75-4ebd-9b7f-8c9b0c053e90', 'sent', '2026-05-04T04:21:44.022476');
INSERT INTO public.messages (id, contact_id, sender, content, message_type, media_url, is_read, whatsapp_connection_id, agent_id, status, created_at) VALUES ('b3012111-ea7c-46db-8210-ae47b7349613', '41bd1ad2-67dc-4e2e-9cfe-6f700ec1b893', 'contact', 'Esta é uma mensagem de teste.', 'text', NULL, true, '7b6dd712-9428-4531-b46c-e8e7daacf9a1', 'b70992ab-4c75-4ebd-9b7f-8c9b0c053e90', 'sent', '2026-04-29T00:21:44.022485');
INSERT INTO public.messages (id, contact_id, sender, content, message_type, media_url, is_read, whatsapp_connection_id, agent_id, status, created_at) VALUES ('ed23d395-4b31-4473-b58e-5f6ae0244ad0', '41bd1ad2-67dc-4e2e-9cfe-6f700ec1b893', 'contact', 'Como está o sistema hoje?', 'text', NULL, false, '7b6dd712-9428-4531-b46c-e8e7daacf9a1', 'b70992ab-4c75-4ebd-9b7f-8c9b0c053e90', 'sent', '2026-05-05T05:50:44.022505');
INSERT INTO public.messages (id, contact_id, sender, content, message_type, media_url, is_read, whatsapp_connection_id, agent_id, status, created_at) VALUES ('38aca423-1e0a-4f2b-9023-ee0e4f2d2f86', '41bd1ad2-67dc-4e2e-9cfe-6f700ec1b893', 'agent', 'Imagem de teste', 'image', 'https://picsum.photos/400/300', true, '7b6dd712-9428-4531-b46c-e8e7daacf9a1', 'b70992ab-4c75-4ebd-9b7f-8c9b0c053e90', 'sent', '2026-05-05T21:24:44.022516');
INSERT INTO public.messages (id, contact_id, sender, content, message_type, media_url, is_read, whatsapp_connection_id, agent_id, status, created_at) VALUES ('6ef99399-3869-4210-8116-d41db930a0c0', '41bd1ad2-67dc-4e2e-9cfe-6f700ec1b893', 'agent', 'Gostaria de saber mais sobre as novas features.', 'text', NULL, true, '7b6dd712-9428-4531-b46c-e8e7daacf9a1', 'b70992ab-4c75-4ebd-9b7f-8c9b0c053e90', 'sent', '2026-04-29T16:15:44.022529');
INSERT INTO public.messages (id, contact_id, sender, content, message_type, media_url, is_read, whatsapp_connection_id, agent_id, status, created_at) VALUES ('c0ba2148-09f3-4521-a332-b1826b23ff65', '41bd1ad2-67dc-4e2e-9cfe-6f700ec1b893', 'agent', 'Pode me ajudar com uma dúvida?', 'text', NULL, true, '7b6dd712-9428-4531-b46c-e8e7daacf9a1', 'b70992ab-4c75-4ebd-9b7f-8c9b0c053e90', 'sent', '2026-05-02T22:42:44.022545');
INSERT INTO public.messages (id, contact_id, sender, content, message_type, media_url, is_read, whatsapp_connection_id, agent_id, status, created_at) VALUES ('4c37dac5-7f14-4996-a3f7-79327c887a37', '41bd1ad2-67dc-4e2e-9cfe-6f700ec1b893', 'agent', 'Claro, qual seria?', 'text', NULL, true, '7b6dd712-9428-4531-b46c-e8e7daacf9a1', 'b70992ab-4c75-4ebd-9b7f-8c9b0c053e90', 'sent', '2026-05-06T15:41:44.022616');
INSERT INTO public.messages (id, contact_id, sender, content, message_type, media_url, is_read, whatsapp_connection_id, agent_id, status, created_at) VALUES ('394b3808-393f-4660-ac4f-0011e9ba3c60', '41bd1ad2-67dc-4e2e-9cfe-6f700ec1b893', 'agent', 'Obrigado pelo excelente atendimento!', 'text', NULL, true, '7b6dd712-9428-4531-b46c-e8e7daacf9a1', 'b70992ab-4c75-4ebd-9b7f-8c9b0c053e90', 'sent', '2026-04-28T21:06:44.022631');
INSERT INTO public.messages (id, contact_id, sender, content, message_type, media_url, is_read, whatsapp_connection_id, agent_id, status, created_at) VALUES ('12e0b18b-99a6-4649-965d-4663f7bf7613', '41bd1ad2-67dc-4e2e-9cfe-6f700ec1b893', 'agent', 'Até logo!', 'text', NULL, true, '7b6dd712-9428-4531-b46c-e8e7daacf9a1', 'b70992ab-4c75-4ebd-9b7f-8c9b0c053e90', 'sent', '2026-05-03T06:51:44.022643');
INSERT INTO public.contacts (id, name, phone, email, whatsapp_connection_id, assigned_to) VALUES ('95324d92-16da-4d81-a832-138b918f7b49', 'MOCK_Oscar Wilde', '+55119885190040', 'mock_oscar.wilde@example.com', '7b6dd712-9428-4531-b46c-e8e7daacf9a1', 'b70992ab-4c75-4ebd-9b7f-8c9b0c053e90') ON CONFLICT (phone) DO NOTHING;
INSERT INTO public.conversations (id, contact_id, status, assigned_to, priority, message_count) VALUES ('e68372d8-4cca-4bc3-abb9-1adead73743b', '95324d92-16da-4d81-a832-138b918f7b49', 'closed', 'b70992ab-4c75-4ebd-9b7f-8c9b0c053e90', 'high', 10);
INSERT INTO public.messages (id, contact_id, sender, content, message_type, media_url, is_read, whatsapp_connection_id, agent_id, status, created_at) VALUES ('e14e5ddd-6b12-4fae-8e3b-3c81a994c757', '95324d92-16da-4d81-a832-138b918f7b49', 'contact', 'Olá, sou um dado mock!', 'text', NULL, false, '7b6dd712-9428-4531-b46c-e8e7daacf9a1', 'b70992ab-4c75-4ebd-9b7f-8c9b0c053e90', 'sent', '2026-04-30T11:07:44.022670');
INSERT INTO public.messages (id, contact_id, sender, content, message_type, media_url, is_read, whatsapp_connection_id, agent_id, status, created_at) VALUES ('9f268b48-9125-4961-b433-774948773c4f', '95324d92-16da-4d81-a832-138b918f7b49', 'agent', 'Testando a funcionalidade de chat.', 'text', NULL, true, '7b6dd712-9428-4531-b46c-e8e7daacf9a1', 'b70992ab-4c75-4ebd-9b7f-8c9b0c053e90', 'sent', '2026-05-02T02:40:44.022681');
INSERT INTO public.messages (id, contact_id, sender, content, message_type, media_url, is_read, whatsapp_connection_id, agent_id, status, created_at) VALUES ('7e9f8f37-6f78-4b58-b61d-d551b02a7d91', '95324d92-16da-4d81-a832-138b918f7b49', 'contact', 'Esta é uma mensagem de teste.', 'text', NULL, true, '7b6dd712-9428-4531-b46c-e8e7daacf9a1', 'b70992ab-4c75-4ebd-9b7f-8c9b0c053e90', 'sent', '2026-04-28T22:42:44.022691');
INSERT INTO public.messages (id, contact_id, sender, content, message_type, media_url, is_read, whatsapp_connection_id, agent_id, status, created_at) VALUES ('d41a8fa3-233f-41d9-aeab-963dc062393e', '95324d92-16da-4d81-a832-138b918f7b49', 'contact', 'Como está o sistema hoje?', 'text', NULL, true, '7b6dd712-9428-4531-b46c-e8e7daacf9a1', 'b70992ab-4c75-4ebd-9b7f-8c9b0c053e90', 'sent', '2026-04-28T20:46:44.022702');
INSERT INTO public.messages (id, contact_id, sender, content, message_type, media_url, is_read, whatsapp_connection_id, agent_id, status, created_at) VALUES ('fb8ee54b-7660-457e-b324-779c06fb57c0', '95324d92-16da-4d81-a832-138b918f7b49', 'contact', 'Imagem de teste', 'image', 'https://picsum.photos/400/300', true, '7b6dd712-9428-4531-b46c-e8e7daacf9a1', 'b70992ab-4c75-4ebd-9b7f-8c9b0c053e90', 'sent', '2026-04-28T22:36:44.022713');
INSERT INTO public.messages (id, contact_id, sender, content, message_type, media_url, is_read, whatsapp_connection_id, agent_id, status, created_at) VALUES ('fa9ed47b-a8b1-441f-a981-82f5ed98f5e5', '95324d92-16da-4d81-a832-138b918f7b49', 'contact', 'Gostaria de saber mais sobre as novas features.', 'text', NULL, true, '7b6dd712-9428-4531-b46c-e8e7daacf9a1', 'b70992ab-4c75-4ebd-9b7f-8c9b0c053e90', 'sent', '2026-05-04T18:38:44.022724');
INSERT INTO public.messages (id, contact_id, sender, content, message_type, media_url, is_read, whatsapp_connection_id, agent_id, status, created_at) VALUES ('caacac51-a2ee-4274-a308-4ee8c50ba562', '95324d92-16da-4d81-a832-138b918f7b49', 'contact', 'Pode me ajudar com uma dúvida?', 'text', NULL, true, '7b6dd712-9428-4531-b46c-e8e7daacf9a1', 'b70992ab-4c75-4ebd-9b7f-8c9b0c053e90', 'sent', '2026-05-02T19:48:44.022735');
INSERT INTO public.messages (id, contact_id, sender, content, message_type, media_url, is_read, whatsapp_connection_id, agent_id, status, created_at) VALUES ('63a74b0e-2477-4f32-8f5e-659e13c78805', '95324d92-16da-4d81-a832-138b918f7b49', 'contact', 'Claro, qual seria?', 'text', NULL, true, '7b6dd712-9428-4531-b46c-e8e7daacf9a1', 'b70992ab-4c75-4ebd-9b7f-8c9b0c053e90', 'sent', '2026-04-29T08:19:44.022745');
INSERT INTO public.messages (id, contact_id, sender, content, message_type, media_url, is_read, whatsapp_connection_id, agent_id, status, created_at) VALUES ('e2059fc9-e3a9-49b0-8eda-7e3610a23307', '95324d92-16da-4d81-a832-138b918f7b49', 'contact', 'Obrigado pelo excelente atendimento!', 'text', NULL, true, '7b6dd712-9428-4531-b46c-e8e7daacf9a1', 'b70992ab-4c75-4ebd-9b7f-8c9b0c053e90', 'sent', '2026-04-30T10:45:44.022756');
INSERT INTO public.messages (id, contact_id, sender, content, message_type, media_url, is_read, whatsapp_connection_id, agent_id, status, created_at) VALUES ('86b747b3-8a18-4645-9862-f6e712f5884a', '95324d92-16da-4d81-a832-138b918f7b49', 'agent', 'Até logo!', 'text', NULL, true, '7b6dd712-9428-4531-b46c-e8e7daacf9a1', 'b70992ab-4c75-4ebd-9b7f-8c9b0c053e90', 'sent', '2026-05-01T00:29:44.022767');
INSERT INTO public.contacts (id, name, phone, email, whatsapp_connection_id, assigned_to) VALUES ('241e1280-116b-49b7-99b2-5209e3a69630', 'MOCK_Pablo Picasso', '+55119887880041', 'mock_pablo.picasso@example.com', '7b6dd712-9428-4531-b46c-e8e7daacf9a1', 'b70992ab-4c75-4ebd-9b7f-8c9b0c053e90') ON CONFLICT (phone) DO NOTHING;
INSERT INTO public.conversations (id, contact_id, status, assigned_to, priority, message_count) VALUES ('57da9500-8dbe-4ed3-930c-ca80f598be1f', '241e1280-116b-49b7-99b2-5209e3a69630', 'pending', 'b70992ab-4c75-4ebd-9b7f-8c9b0c053e90', 'medium', 10);
INSERT INTO public.messages (id, contact_id, sender, content, message_type, media_url, is_read, whatsapp_connection_id, agent_id, status, created_at) VALUES ('17b7d78c-5779-492e-aab1-cb5545649d62', '241e1280-116b-49b7-99b2-5209e3a69630', 'contact', 'Olá, sou um dado mock!', 'text', NULL, false, '7b6dd712-9428-4531-b46c-e8e7daacf9a1', 'b70992ab-4c75-4ebd-9b7f-8c9b0c053e90', 'sent', '2026-04-30T04:36:44.022790');
INSERT INTO public.messages (id, contact_id, sender, content, message_type, media_url, is_read, whatsapp_connection_id, agent_id, status, created_at) VALUES ('09b62c01-2a53-4375-b1bf-80b8a64d0ab1', '241e1280-116b-49b7-99b2-5209e3a69630', 'agent', 'Testando a funcionalidade de chat.', 'text', NULL, true, '7b6dd712-9428-4531-b46c-e8e7daacf9a1', 'b70992ab-4c75-4ebd-9b7f-8c9b0c053e90', 'sent', '2026-05-02T11:06:44.022813');
INSERT INTO public.messages (id, contact_id, sender, content, message_type, media_url, is_read, whatsapp_connection_id, agent_id, status, created_at) VALUES ('b9f906e1-8696-4327-98f0-2a6900ccfec7', '241e1280-116b-49b7-99b2-5209e3a69630', 'contact', 'Esta é uma mensagem de teste.', 'text', NULL, true, '7b6dd712-9428-4531-b46c-e8e7daacf9a1', 'b70992ab-4c75-4ebd-9b7f-8c9b0c053e90', 'sent', '2026-05-05T17:12:44.022824');
INSERT INTO public.messages (id, contact_id, sender, content, message_type, media_url, is_read, whatsapp_connection_id, agent_id, status, created_at) VALUES ('17fc4392-91f2-4d94-b183-3c26552f699c', '241e1280-116b-49b7-99b2-5209e3a69630', 'contact', 'Como está o sistema hoje?', 'text', NULL, true, '7b6dd712-9428-4531-b46c-e8e7daacf9a1', 'b70992ab-4c75-4ebd-9b7f-8c9b0c053e90', 'sent', '2026-04-28T22:47:44.022838');
INSERT INTO public.messages (id, contact_id, sender, content, message_type, media_url, is_read, whatsapp_connection_id, agent_id, status, created_at) VALUES ('97d9668b-7f29-49f5-a5fb-c02c86b815c1', '241e1280-116b-49b7-99b2-5209e3a69630', 'agent', 'Imagem de teste', 'image', 'https://picsum.photos/400/300', true, '7b6dd712-9428-4531-b46c-e8e7daacf9a1', 'b70992ab-4c75-4ebd-9b7f-8c9b0c053e90', 'sent', '2026-04-29T06:18:44.022849');
INSERT INTO public.messages (id, contact_id, sender, content, message_type, media_url, is_read, whatsapp_connection_id, agent_id, status, created_at) VALUES ('b546450b-63c2-488e-96f5-5e3798222ed8', '241e1280-116b-49b7-99b2-5209e3a69630', 'contact', 'Gostaria de saber mais sobre as novas features.', 'text', NULL, false, '7b6dd712-9428-4531-b46c-e8e7daacf9a1', 'b70992ab-4c75-4ebd-9b7f-8c9b0c053e90', 'sent', '2026-05-04T16:45:44.022859');
INSERT INTO public.messages (id, contact_id, sender, content, message_type, media_url, is_read, whatsapp_connection_id, agent_id, status, created_at) VALUES ('890a0a58-b573-4388-9e26-26c5ae3a7a59', '241e1280-116b-49b7-99b2-5209e3a69630', 'agent', 'Pode me ajudar com uma dúvida?', 'text', NULL, true, '7b6dd712-9428-4531-b46c-e8e7daacf9a1', 'b70992ab-4c75-4ebd-9b7f-8c9b0c053e90', 'sent', '2026-05-03T16:39:44.022878');
INSERT INTO public.messages (id, contact_id, sender, content, message_type, media_url, is_read, whatsapp_connection_id, agent_id, status, created_at) VALUES ('673ee6d5-fb39-4077-8cd6-1447c8ce900e', '241e1280-116b-49b7-99b2-5209e3a69630', 'agent', 'Claro, qual seria?', 'text', NULL, true, '7b6dd712-9428-4531-b46c-e8e7daacf9a1', 'b70992ab-4c75-4ebd-9b7f-8c9b0c053e90', 'sent', '2026-05-01T05:03:44.022889');
INSERT INTO public.messages (id, contact_id, sender, content, message_type, media_url, is_read, whatsapp_connection_id, agent_id, status, created_at) VALUES ('b9895641-56c7-4d2f-bd5a-f3462393401e', '241e1280-116b-49b7-99b2-5209e3a69630', 'agent', 'Obrigado pelo excelente atendimento!', 'text', NULL, true, '7b6dd712-9428-4531-b46c-e8e7daacf9a1', 'b70992ab-4c75-4ebd-9b7f-8c9b0c053e90', 'sent', '2026-05-03T05:49:44.022899');
INSERT INTO public.messages (id, contact_id, sender, content, message_type, media_url, is_read, whatsapp_connection_id, agent_id, status, created_at) VALUES ('0a4c86a1-4f1f-4336-861b-6abd79b5e11d', '241e1280-116b-49b7-99b2-5209e3a69630', 'contact', 'Até logo!', 'text', NULL, true, '7b6dd712-9428-4531-b46c-e8e7daacf9a1', 'b70992ab-4c75-4ebd-9b7f-8c9b0c053e90', 'sent', '2026-05-06T05:52:44.022910');
INSERT INTO public.contacts (id, name, phone, email, whatsapp_connection_id, assigned_to) VALUES ('1e8cbff0-9421-4b3c-8d4b-a77574885657', 'MOCK_Quentin Tarantino', '+55119888160042', 'mock_quentin.tarantino@example.com', '7b6dd712-9428-4531-b46c-e8e7daacf9a1', 'b70992ab-4c75-4ebd-9b7f-8c9b0c053e90') ON CONFLICT (phone) DO NOTHING;
INSERT INTO public.conversations (id, contact_id, status, assigned_to, priority, message_count) VALUES ('59a414fb-eb79-476f-b9eb-27828231e2a1', '1e8cbff0-9421-4b3c-8d4b-a77574885657', 'closed', 'b70992ab-4c75-4ebd-9b7f-8c9b0c053e90', 'high', 10);
INSERT INTO public.messages (id, contact_id, sender, content, message_type, media_url, is_read, whatsapp_connection_id, agent_id, status, created_at) VALUES ('3f1e5c40-3518-4f85-b6f7-7405ecff9291', '1e8cbff0-9421-4b3c-8d4b-a77574885657', 'agent', 'Olá, sou um dado mock!', 'text', NULL, true, '7b6dd712-9428-4531-b46c-e8e7daacf9a1', 'b70992ab-4c75-4ebd-9b7f-8c9b0c053e90', 'sent', '2026-05-02T14:54:44.022934');
INSERT INTO public.messages (id, contact_id, sender, content, message_type, media_url, is_read, whatsapp_connection_id, agent_id, status, created_at) VALUES ('05c965ea-bd8d-448e-a8a8-cb0f5c4ae1d7', '1e8cbff0-9421-4b3c-8d4b-a77574885657', 'contact', 'Testando a funcionalidade de chat.', 'text', NULL, false, '7b6dd712-9428-4531-b46c-e8e7daacf9a1', 'b70992ab-4c75-4ebd-9b7f-8c9b0c053e90', 'sent', '2026-05-06T15:47:44.022945');
INSERT INTO public.messages (id, contact_id, sender, content, message_type, media_url, is_read, whatsapp_connection_id, agent_id, status, created_at) VALUES ('52c5eac4-5534-49f7-8392-c20a7d6faa77', '1e8cbff0-9421-4b3c-8d4b-a77574885657', 'contact', 'Esta é uma mensagem de teste.', 'text', NULL, false, '7b6dd712-9428-4531-b46c-e8e7daacf9a1', 'b70992ab-4c75-4ebd-9b7f-8c9b0c053e90', 'sent', '2026-05-02T10:06:44.022955');
INSERT INTO public.messages (id, contact_id, sender, content, message_type, media_url, is_read, whatsapp_connection_id, agent_id, status, created_at) VALUES ('e3d88cc4-05f5-4ac6-9646-2f07d4abcabc', '1e8cbff0-9421-4b3c-8d4b-a77574885657', 'contact', 'Como está o sistema hoje?', 'text', NULL, false, '7b6dd712-9428-4531-b46c-e8e7daacf9a1', 'b70992ab-4c75-4ebd-9b7f-8c9b0c053e90', 'sent', '2026-05-06T06:44:44.022966');
INSERT INTO public.messages (id, contact_id, sender, content, message_type, media_url, is_read, whatsapp_connection_id, agent_id, status, created_at) VALUES ('674a92a0-ec62-48af-ab0f-367d90c32f24', '1e8cbff0-9421-4b3c-8d4b-a77574885657', 'agent', 'Imagem de teste', 'image', 'https://picsum.photos/400/300', true, '7b6dd712-9428-4531-b46c-e8e7daacf9a1', 'b70992ab-4c75-4ebd-9b7f-8c9b0c053e90', 'sent', '2026-05-04T19:41:44.022982');
INSERT INTO public.messages (id, contact_id, sender, content, message_type, media_url, is_read, whatsapp_connection_id, agent_id, status, created_at) VALUES ('70525ea6-3025-46d8-84da-8304455075f0', '1e8cbff0-9421-4b3c-8d4b-a77574885657', 'contact', 'Gostaria de saber mais sobre as novas features.', 'text', NULL, false, '7b6dd712-9428-4531-b46c-e8e7daacf9a1', 'b70992ab-4c75-4ebd-9b7f-8c9b0c053e90', 'sent', '2026-05-04T17:21:44.022992');
INSERT INTO public.messages (id, contact_id, sender, content, message_type, media_url, is_read, whatsapp_connection_id, agent_id, status, created_at) VALUES ('789c256d-d4db-4723-b2a1-59a9068bfb8b', '1e8cbff0-9421-4b3c-8d4b-a77574885657', 'agent', 'Pode me ajudar com uma dúvida?', 'text', NULL, true, '7b6dd712-9428-4531-b46c-e8e7daacf9a1', 'b70992ab-4c75-4ebd-9b7f-8c9b0c053e90', 'sent', '2026-05-05T23:31:44.023003');
INSERT INTO public.messages (id, contact_id, sender, content, message_type, media_url, is_read, whatsapp_connection_id, agent_id, status, created_at) VALUES ('f5ab8afb-cfdc-42cd-958e-c173f8c93838', '1e8cbff0-9421-4b3c-8d4b-a77574885657', 'agent', 'Claro, qual seria?', 'text', NULL, true, '7b6dd712-9428-4531-b46c-e8e7daacf9a1', 'b70992ab-4c75-4ebd-9b7f-8c9b0c053e90', 'sent', '2026-04-30T17:54:44.023013');
INSERT INTO public.messages (id, contact_id, sender, content, message_type, media_url, is_read, whatsapp_connection_id, agent_id, status, created_at) VALUES ('1d346b08-0a67-491f-a3e5-037ecca27321', '1e8cbff0-9421-4b3c-8d4b-a77574885657', 'contact', 'Obrigado pelo excelente atendimento!', 'text', NULL, true, '7b6dd712-9428-4531-b46c-e8e7daacf9a1', 'b70992ab-4c75-4ebd-9b7f-8c9b0c053e90', 'sent', '2026-05-04T22:54:44.023023');
INSERT INTO public.messages (id, contact_id, sender, content, message_type, media_url, is_read, whatsapp_connection_id, agent_id, status, created_at) VALUES ('cb568d7c-6915-4573-b260-4c24da652f13', '1e8cbff0-9421-4b3c-8d4b-a77574885657', 'contact', 'Até logo!', 'text', NULL, false, '7b6dd712-9428-4531-b46c-e8e7daacf9a1', 'b70992ab-4c75-4ebd-9b7f-8c9b0c053e90', 'sent', '2026-05-01T13:15:44.023033');
INSERT INTO public.contacts (id, name, phone, email, whatsapp_connection_id, assigned_to) VALUES ('61811abe-8ea8-4092-89e3-22a0de47daa3', 'MOCK_Rihanna', '+55119887820043', 'mock_rihanna@example.com', '7b6dd712-9428-4531-b46c-e8e7daacf9a1', 'b70992ab-4c75-4ebd-9b7f-8c9b0c053e90') ON CONFLICT (phone) DO NOTHING;
INSERT INTO public.conversations (id, contact_id, status, assigned_to, priority, message_count) VALUES ('01844f31-868d-43a5-bbb9-ca9236b2fea0', '61811abe-8ea8-4092-89e3-22a0de47daa3', 'pending', 'b70992ab-4c75-4ebd-9b7f-8c9b0c053e90', 'medium', 10);
INSERT INTO public.messages (id, contact_id, sender, content, message_type, media_url, is_read, whatsapp_connection_id, agent_id, status, created_at) VALUES ('715cef69-a8bd-408a-a033-a8bfa7f53c41', '61811abe-8ea8-4092-89e3-22a0de47daa3', 'agent', 'Olá, sou um dado mock!', 'text', NULL, true, '7b6dd712-9428-4531-b46c-e8e7daacf9a1', 'b70992ab-4c75-4ebd-9b7f-8c9b0c053e90', 'sent', '2026-05-05T06:13:44.023059');
INSERT INTO public.messages (id, contact_id, sender, content, message_type, media_url, is_read, whatsapp_connection_id, agent_id, status, created_at) VALUES ('b487c34b-ba1a-464f-a09d-a0a9b951d47c', '61811abe-8ea8-4092-89e3-22a0de47daa3', 'contact', 'Testando a funcionalidade de chat.', 'text', NULL, true, '7b6dd712-9428-4531-b46c-e8e7daacf9a1', 'b70992ab-4c75-4ebd-9b7f-8c9b0c053e90', 'sent', '2026-04-28T22:59:44.023070');
INSERT INTO public.messages (id, contact_id, sender, content, message_type, media_url, is_read, whatsapp_connection_id, agent_id, status, created_at) VALUES ('cd22852f-9754-445a-80a2-f495926efaec', '61811abe-8ea8-4092-89e3-22a0de47daa3', 'agent', 'Esta é uma mensagem de teste.', 'text', NULL, true, '7b6dd712-9428-4531-b46c-e8e7daacf9a1', 'b70992ab-4c75-4ebd-9b7f-8c9b0c053e90', 'sent', '2026-04-29T07:31:44.023081');
INSERT INTO public.messages (id, contact_id, sender, content, message_type, media_url, is_read, whatsapp_connection_id, agent_id, status, created_at) VALUES ('b8d21efe-fe68-4dbb-aa85-e5269680bb75', '61811abe-8ea8-4092-89e3-22a0de47daa3', 'agent', 'Como está o sistema hoje?', 'text', NULL, true, '7b6dd712-9428-4531-b46c-e8e7daacf9a1', 'b70992ab-4c75-4ebd-9b7f-8c9b0c053e90', 'sent', '2026-05-04T08:16:44.023091');
INSERT INTO public.messages (id, contact_id, sender, content, message_type, media_url, is_read, whatsapp_connection_id, agent_id, status, created_at) VALUES ('ff2bcfa7-64d4-420b-98a2-73a167a7c2a3', '61811abe-8ea8-4092-89e3-22a0de47daa3', 'agent', 'Imagem de teste', 'image', 'https://picsum.photos/400/300', true, '7b6dd712-9428-4531-b46c-e8e7daacf9a1', 'b70992ab-4c75-4ebd-9b7f-8c9b0c053e90', 'sent', '2026-05-02T18:44:44.023103');
INSERT INTO public.messages (id, contact_id, sender, content, message_type, media_url, is_read, whatsapp_connection_id, agent_id, status, created_at) VALUES ('ec8fbaa8-1e68-4fbd-91ce-dad79f8ee7d8', '61811abe-8ea8-4092-89e3-22a0de47daa3', 'agent', 'Gostaria de saber mais sobre as novas features.', 'text', NULL, true, '7b6dd712-9428-4531-b46c-e8e7daacf9a1', 'b70992ab-4c75-4ebd-9b7f-8c9b0c053e90', 'sent', '2026-04-29T15:28:44.023114');
INSERT INTO public.messages (id, contact_id, sender, content, message_type, media_url, is_read, whatsapp_connection_id, agent_id, status, created_at) VALUES ('4b207619-5448-4372-9e6b-6ffda413e67d', '61811abe-8ea8-4092-89e3-22a0de47daa3', 'agent', 'Pode me ajudar com uma dúvida?', 'text', NULL, true, '7b6dd712-9428-4531-b46c-e8e7daacf9a1', 'b70992ab-4c75-4ebd-9b7f-8c9b0c053e90', 'sent', '2026-05-06T14:44:44.023124');
INSERT INTO public.messages (id, contact_id, sender, content, message_type, media_url, is_read, whatsapp_connection_id, agent_id, status, created_at) VALUES ('f5efcc2a-d275-44c7-9b1d-0a4cfa66fc59', '61811abe-8ea8-4092-89e3-22a0de47daa3', 'contact', 'Claro, qual seria?', 'text', NULL, true, '7b6dd712-9428-4531-b46c-e8e7daacf9a1', 'b70992ab-4c75-4ebd-9b7f-8c9b0c053e90', 'sent', '2026-04-30T12:35:44.023133');
INSERT INTO public.messages (id, contact_id, sender, content, message_type, media_url, is_read, whatsapp_connection_id, agent_id, status, created_at) VALUES ('2e6882cc-4c2b-4738-9607-806f79a9b854', '61811abe-8ea8-4092-89e3-22a0de47daa3', 'contact', 'Obrigado pelo excelente atendimento!', 'text', NULL, false, '7b6dd712-9428-4531-b46c-e8e7daacf9a1', 'b70992ab-4c75-4ebd-9b7f-8c9b0c053e90', 'sent', '2026-04-29T20:50:44.023144');
INSERT INTO public.messages (id, contact_id, sender, content, message_type, media_url, is_read, whatsapp_connection_id, agent_id, status, created_at) VALUES ('99edef49-ffa6-4dd7-b413-07ef0f554d0c', '61811abe-8ea8-4092-89e3-22a0de47daa3', 'contact', 'Até logo!', 'text', NULL, true, '7b6dd712-9428-4531-b46c-e8e7daacf9a1', 'b70992ab-4c75-4ebd-9b7f-8c9b0c053e90', 'sent', '2026-05-01T03:39:44.023154');
INSERT INTO public.contacts (id, name, phone, email, whatsapp_connection_id, assigned_to) VALUES ('6880dcd7-c99f-4d99-abe7-7fd744b523aa', 'MOCK_Steve Jobs', '+55119884500044', 'mock_steve.jobs@example.com', '7b6dd712-9428-4531-b46c-e8e7daacf9a1', 'b70992ab-4c75-4ebd-9b7f-8c9b0c053e90') ON CONFLICT (phone) DO NOTHING;
INSERT INTO public.conversations (id, contact_id, status, assigned_to, priority, message_count) VALUES ('7e39bb6f-9d43-4b20-89d3-b466862b7ab7', '6880dcd7-c99f-4d99-abe7-7fd744b523aa', 'open', 'b70992ab-4c75-4ebd-9b7f-8c9b0c053e90', 'low', 10);
INSERT INTO public.messages (id, contact_id, sender, content, message_type, media_url, is_read, whatsapp_connection_id, agent_id, status, created_at) VALUES ('330df3ca-f152-4371-807e-f81d6a24ff90', '6880dcd7-c99f-4d99-abe7-7fd744b523aa', 'contact', 'Olá, sou um dado mock!', 'text', NULL, true, '7b6dd712-9428-4531-b46c-e8e7daacf9a1', 'b70992ab-4c75-4ebd-9b7f-8c9b0c053e90', 'sent', '2026-04-28T23:17:44.023179');
INSERT INTO public.messages (id, contact_id, sender, content, message_type, media_url, is_read, whatsapp_connection_id, agent_id, status, created_at) VALUES ('51e6c36c-1162-4d7f-9058-cdce2c8e4f8f', '6880dcd7-c99f-4d99-abe7-7fd744b523aa', 'agent', 'Testando a funcionalidade de chat.', 'text', NULL, true, '7b6dd712-9428-4531-b46c-e8e7daacf9a1', 'b70992ab-4c75-4ebd-9b7f-8c9b0c053e90', 'sent', '2026-05-05T06:11:44.023190');
INSERT INTO public.messages (id, contact_id, sender, content, message_type, media_url, is_read, whatsapp_connection_id, agent_id, status, created_at) VALUES ('07a2cf36-30e2-469a-a2df-8d1dcebc20f1', '6880dcd7-c99f-4d99-abe7-7fd744b523aa', 'contact', 'Esta é uma mensagem de teste.', 'text', NULL, true, '7b6dd712-9428-4531-b46c-e8e7daacf9a1', 'b70992ab-4c75-4ebd-9b7f-8c9b0c053e90', 'sent', '2026-05-04T06:06:44.023200');
INSERT INTO public.messages (id, contact_id, sender, content, message_type, media_url, is_read, whatsapp_connection_id, agent_id, status, created_at) VALUES ('ba3c8087-b6fa-4015-8188-3fedff8cf395', '6880dcd7-c99f-4d99-abe7-7fd744b523aa', 'agent', 'Como está o sistema hoje?', 'text', NULL, true, '7b6dd712-9428-4531-b46c-e8e7daacf9a1', 'b70992ab-4c75-4ebd-9b7f-8c9b0c053e90', 'sent', '2026-04-28T23:53:44.023211');
INSERT INTO public.messages (id, contact_id, sender, content, message_type, media_url, is_read, whatsapp_connection_id, agent_id, status, created_at) VALUES ('39562fc6-f038-4918-ab86-4c62dcdb438b', '6880dcd7-c99f-4d99-abe7-7fd744b523aa', 'agent', 'Imagem de teste', 'image', 'https://picsum.photos/400/300', true, '7b6dd712-9428-4531-b46c-e8e7daacf9a1', 'b70992ab-4c75-4ebd-9b7f-8c9b0c053e90', 'sent', '2026-05-06T11:42:44.023221');
INSERT INTO public.messages (id, contact_id, sender, content, message_type, media_url, is_read, whatsapp_connection_id, agent_id, status, created_at) VALUES ('ad08bdd3-13ca-44a8-a0b5-3caaad4f30e7', '6880dcd7-c99f-4d99-abe7-7fd744b523aa', 'agent', 'Gostaria de saber mais sobre as novas features.', 'text', NULL, true, '7b6dd712-9428-4531-b46c-e8e7daacf9a1', 'b70992ab-4c75-4ebd-9b7f-8c9b0c053e90', 'sent', '2026-05-02T18:38:44.023233');
INSERT INTO public.messages (id, contact_id, sender, content, message_type, media_url, is_read, whatsapp_connection_id, agent_id, status, created_at) VALUES ('439ec9cc-0d5d-4c60-a981-dd16eddf713b', '6880dcd7-c99f-4d99-abe7-7fd744b523aa', 'contact', 'Pode me ajudar com uma dúvida?', 'text', NULL, true, '7b6dd712-9428-4531-b46c-e8e7daacf9a1', 'b70992ab-4c75-4ebd-9b7f-8c9b0c053e90', 'sent', '2026-05-05T14:38:44.023243');
INSERT INTO public.messages (id, contact_id, sender, content, message_type, media_url, is_read, whatsapp_connection_id, agent_id, status, created_at) VALUES ('8421d025-c3e3-4357-8a8e-a90328469144', '6880dcd7-c99f-4d99-abe7-7fd744b523aa', 'agent', 'Claro, qual seria?', 'text', NULL, true, '7b6dd712-9428-4531-b46c-e8e7daacf9a1', 'b70992ab-4c75-4ebd-9b7f-8c9b0c053e90', 'sent', '2026-05-05T01:30:44.023254');
INSERT INTO public.messages (id, contact_id, sender, content, message_type, media_url, is_read, whatsapp_connection_id, agent_id, status, created_at) VALUES ('ef6c2a6e-7a9e-4cd3-baa2-3267962355c7', '6880dcd7-c99f-4d99-abe7-7fd744b523aa', 'agent', 'Obrigado pelo excelente atendimento!', 'text', NULL, true, '7b6dd712-9428-4531-b46c-e8e7daacf9a1', 'b70992ab-4c75-4ebd-9b7f-8c9b0c053e90', 'sent', '2026-05-04T05:20:44.023264');
INSERT INTO public.messages (id, contact_id, sender, content, message_type, media_url, is_read, whatsapp_connection_id, agent_id, status, created_at) VALUES ('6d2374ad-b55f-4850-b79f-012fcaf8c1f8', '6880dcd7-c99f-4d99-abe7-7fd744b523aa', 'agent', 'Até logo!', 'text', NULL, true, '7b6dd712-9428-4531-b46c-e8e7daacf9a1', 'b70992ab-4c75-4ebd-9b7f-8c9b0c053e90', 'sent', '2026-05-05T05:42:44.023274');
INSERT INTO public.contacts (id, name, phone, email, whatsapp_connection_id, assigned_to) VALUES ('c221f4d7-528a-4926-9277-ab8247b27478', 'MOCK_Taylor Swift', '+55119884740045', 'mock_taylor.swift@example.com', '7b6dd712-9428-4531-b46c-e8e7daacf9a1', 'b70992ab-4c75-4ebd-9b7f-8c9b0c053e90') ON CONFLICT (phone) DO NOTHING;
INSERT INTO public.conversations (id, contact_id, status, assigned_to, priority, message_count) VALUES ('74d4de4b-4a4e-4df1-a39a-676636b281d2', 'c221f4d7-528a-4926-9277-ab8247b27478', 'closed', 'b70992ab-4c75-4ebd-9b7f-8c9b0c053e90', 'low', 10);
INSERT INTO public.messages (id, contact_id, sender, content, message_type, media_url, is_read, whatsapp_connection_id, agent_id, status, created_at) VALUES ('d5db00b7-8c02-4aa0-8829-d4e750def3d2', 'c221f4d7-528a-4926-9277-ab8247b27478', 'agent', 'Olá, sou um dado mock!', 'text', NULL, true, '7b6dd712-9428-4531-b46c-e8e7daacf9a1', 'b70992ab-4c75-4ebd-9b7f-8c9b0c053e90', 'sent', '2026-04-30T23:21:44.023296');
INSERT INTO public.messages (id, contact_id, sender, content, message_type, media_url, is_read, whatsapp_connection_id, agent_id, status, created_at) VALUES ('1dc2c6bc-eb9f-4e30-9214-1319d59be441', 'c221f4d7-528a-4926-9277-ab8247b27478', 'agent', 'Testando a funcionalidade de chat.', 'text', NULL, true, '7b6dd712-9428-4531-b46c-e8e7daacf9a1', 'b70992ab-4c75-4ebd-9b7f-8c9b0c053e90', 'sent', '2026-05-02T14:21:44.023306');
INSERT INTO public.messages (id, contact_id, sender, content, message_type, media_url, is_read, whatsapp_connection_id, agent_id, status, created_at) VALUES ('0c1104ce-427d-49e0-9698-7a0ed201308e', 'c221f4d7-528a-4926-9277-ab8247b27478', 'agent', 'Esta é uma mensagem de teste.', 'text', NULL, true, '7b6dd712-9428-4531-b46c-e8e7daacf9a1', 'b70992ab-4c75-4ebd-9b7f-8c9b0c053e90', 'sent', '2026-05-01T17:55:44.023316');
INSERT INTO public.messages (id, contact_id, sender, content, message_type, media_url, is_read, whatsapp_connection_id, agent_id, status, created_at) VALUES ('7b62e872-d673-4785-8bba-f2986a1dc891', 'c221f4d7-528a-4926-9277-ab8247b27478', 'contact', 'Como está o sistema hoje?', 'text', NULL, false, '7b6dd712-9428-4531-b46c-e8e7daacf9a1', 'b70992ab-4c75-4ebd-9b7f-8c9b0c053e90', 'sent', '2026-05-04T06:00:44.023325');
INSERT INTO public.messages (id, contact_id, sender, content, message_type, media_url, is_read, whatsapp_connection_id, agent_id, status, created_at) VALUES ('0b41282d-4e4f-422f-9013-35f6f4245394', 'c221f4d7-528a-4926-9277-ab8247b27478', 'contact', 'Imagem de teste', 'image', 'https://picsum.photos/400/300', false, '7b6dd712-9428-4531-b46c-e8e7daacf9a1', 'b70992ab-4c75-4ebd-9b7f-8c9b0c053e90', 'sent', '2026-04-30T21:13:44.023336');
INSERT INTO public.messages (id, contact_id, sender, content, message_type, media_url, is_read, whatsapp_connection_id, agent_id, status, created_at) VALUES ('ab988d90-05a3-405f-ad14-bf7f60ab0899', 'c221f4d7-528a-4926-9277-ab8247b27478', 'contact', 'Gostaria de saber mais sobre as novas features.', 'text', NULL, false, '7b6dd712-9428-4531-b46c-e8e7daacf9a1', 'b70992ab-4c75-4ebd-9b7f-8c9b0c053e90', 'sent', '2026-05-03T11:40:44.023347');
INSERT INTO public.messages (id, contact_id, sender, content, message_type, media_url, is_read, whatsapp_connection_id, agent_id, status, created_at) VALUES ('07523bc0-9d1f-4a60-a877-210437e9e7ec', 'c221f4d7-528a-4926-9277-ab8247b27478', 'contact', 'Pode me ajudar com uma dúvida?', 'text', NULL, false, '7b6dd712-9428-4531-b46c-e8e7daacf9a1', 'b70992ab-4c75-4ebd-9b7f-8c9b0c053e90', 'sent', '2026-04-30T10:00:44.023358');
INSERT INTO public.messages (id, contact_id, sender, content, message_type, media_url, is_read, whatsapp_connection_id, agent_id, status, created_at) VALUES ('6d7233d6-18b3-47a5-b1b5-6d894b5b9787', 'c221f4d7-528a-4926-9277-ab8247b27478', 'agent', 'Claro, qual seria?', 'text', NULL, true, '7b6dd712-9428-4531-b46c-e8e7daacf9a1', 'b70992ab-4c75-4ebd-9b7f-8c9b0c053e90', 'sent', '2026-04-30T11:31:44.023371');
INSERT INTO public.messages (id, contact_id, sender, content, message_type, media_url, is_read, whatsapp_connection_id, agent_id, status, created_at) VALUES ('3b14b8a8-fa6d-4efc-896c-40de6bc47c35', 'c221f4d7-528a-4926-9277-ab8247b27478', 'agent', 'Obrigado pelo excelente atendimento!', 'text', NULL, true, '7b6dd712-9428-4531-b46c-e8e7daacf9a1', 'b70992ab-4c75-4ebd-9b7f-8c9b0c053e90', 'sent', '2026-05-02T14:32:44.023381');
INSERT INTO public.messages (id, contact_id, sender, content, message_type, media_url, is_read, whatsapp_connection_id, agent_id, status, created_at) VALUES ('09705bd1-b2ab-49af-b4a1-ac392de15d52', 'c221f4d7-528a-4926-9277-ab8247b27478', 'contact', 'Até logo!', 'text', NULL, false, '7b6dd712-9428-4531-b46c-e8e7daacf9a1', 'b70992ab-4c75-4ebd-9b7f-8c9b0c053e90', 'sent', '2026-05-01T18:06:44.023391');
INSERT INTO public.contacts (id, name, phone, email, whatsapp_connection_id, assigned_to) VALUES ('98a29f99-b847-4d64-8103-0978cd5893ec', 'MOCK_Uma Thurman', '+55119885070046', 'mock_uma.thurman@example.com', '7b6dd712-9428-4531-b46c-e8e7daacf9a1', 'b70992ab-4c75-4ebd-9b7f-8c9b0c053e90') ON CONFLICT (phone) DO NOTHING;
INSERT INTO public.conversations (id, contact_id, status, assigned_to, priority, message_count) VALUES ('0920a143-9a28-413e-9a69-614571948efb', '98a29f99-b847-4d64-8103-0978cd5893ec', 'closed', 'b70992ab-4c75-4ebd-9b7f-8c9b0c053e90', 'low', 10);
INSERT INTO public.messages (id, contact_id, sender, content, message_type, media_url, is_read, whatsapp_connection_id, agent_id, status, created_at) VALUES ('0200568b-0a89-4719-bb87-45e46ca4289a', '98a29f99-b847-4d64-8103-0978cd5893ec', 'contact', 'Olá, sou um dado mock!', 'text', NULL, false, '7b6dd712-9428-4531-b46c-e8e7daacf9a1', 'b70992ab-4c75-4ebd-9b7f-8c9b0c053e90', 'sent', '2026-04-29T16:43:44.023414');
INSERT INTO public.messages (id, contact_id, sender, content, message_type, media_url, is_read, whatsapp_connection_id, agent_id, status, created_at) VALUES ('2bcd0275-eb3b-4baf-9b88-8fe82a7e9408', '98a29f99-b847-4d64-8103-0978cd5893ec', 'agent', 'Testando a funcionalidade de chat.', 'text', NULL, true, '7b6dd712-9428-4531-b46c-e8e7daacf9a1', 'b70992ab-4c75-4ebd-9b7f-8c9b0c053e90', 'sent', '2026-05-04T21:34:44.023426');
INSERT INTO public.messages (id, contact_id, sender, content, message_type, media_url, is_read, whatsapp_connection_id, agent_id, status, created_at) VALUES ('83493044-cf86-4a05-8ef8-9d5025df7d16', '98a29f99-b847-4d64-8103-0978cd5893ec', 'agent', 'Esta é uma mensagem de teste.', 'text', NULL, true, '7b6dd712-9428-4531-b46c-e8e7daacf9a1', 'b70992ab-4c75-4ebd-9b7f-8c9b0c053e90', 'sent', '2026-04-29T05:02:44.023436');
INSERT INTO public.messages (id, contact_id, sender, content, message_type, media_url, is_read, whatsapp_connection_id, agent_id, status, created_at) VALUES ('2bb847b6-7a45-426a-baa9-0e2aaad2e5c9', '98a29f99-b847-4d64-8103-0978cd5893ec', 'agent', 'Como está o sistema hoje?', 'text', NULL, true, '7b6dd712-9428-4531-b46c-e8e7daacf9a1', 'b70992ab-4c75-4ebd-9b7f-8c9b0c053e90', 'sent', '2026-05-05T10:05:44.023446');
INSERT INTO public.messages (id, contact_id, sender, content, message_type, media_url, is_read, whatsapp_connection_id, agent_id, status, created_at) VALUES ('d8f5af38-fa46-45b8-a013-3f0523909b8f', '98a29f99-b847-4d64-8103-0978cd5893ec', 'agent', 'Imagem de teste', 'image', 'https://picsum.photos/400/300', true, '7b6dd712-9428-4531-b46c-e8e7daacf9a1', 'b70992ab-4c75-4ebd-9b7f-8c9b0c053e90', 'sent', '2026-04-30T19:20:44.023455');
INSERT INTO public.messages (id, contact_id, sender, content, message_type, media_url, is_read, whatsapp_connection_id, agent_id, status, created_at) VALUES ('a47ebdc9-918e-45b7-b9d8-12348ba446e7', '98a29f99-b847-4d64-8103-0978cd5893ec', 'contact', 'Gostaria de saber mais sobre as novas features.', 'text', NULL, false, '7b6dd712-9428-4531-b46c-e8e7daacf9a1', 'b70992ab-4c75-4ebd-9b7f-8c9b0c053e90', 'sent', '2026-04-30T07:06:44.023465');
INSERT INTO public.messages (id, contact_id, sender, content, message_type, media_url, is_read, whatsapp_connection_id, agent_id, status, created_at) VALUES ('ef6bd11e-7135-4d28-8520-72d81b3f73d4', '98a29f99-b847-4d64-8103-0978cd5893ec', 'agent', 'Pode me ajudar com uma dúvida?', 'text', NULL, true, '7b6dd712-9428-4531-b46c-e8e7daacf9a1', 'b70992ab-4c75-4ebd-9b7f-8c9b0c053e90', 'sent', '2026-05-02T20:22:44.023476');
INSERT INTO public.messages (id, contact_id, sender, content, message_type, media_url, is_read, whatsapp_connection_id, agent_id, status, created_at) VALUES ('eb619cd3-282c-478a-9086-758c241ac751', '98a29f99-b847-4d64-8103-0978cd5893ec', 'contact', 'Claro, qual seria?', 'text', NULL, true, '7b6dd712-9428-4531-b46c-e8e7daacf9a1', 'b70992ab-4c75-4ebd-9b7f-8c9b0c053e90', 'sent', '2026-05-05T11:15:44.023486');
INSERT INTO public.messages (id, contact_id, sender, content, message_type, media_url, is_read, whatsapp_connection_id, agent_id, status, created_at) VALUES ('e035a97c-b360-43cd-be6c-0a5b3b67d593', '98a29f99-b847-4d64-8103-0978cd5893ec', 'contact', 'Obrigado pelo excelente atendimento!', 'text', NULL, true, '7b6dd712-9428-4531-b46c-e8e7daacf9a1', 'b70992ab-4c75-4ebd-9b7f-8c9b0c053e90', 'sent', '2026-04-28T23:57:44.023504');
INSERT INTO public.messages (id, contact_id, sender, content, message_type, media_url, is_read, whatsapp_connection_id, agent_id, status, created_at) VALUES ('79e2fa4a-9e1e-48ef-af05-7f9c23c6e730', '98a29f99-b847-4d64-8103-0978cd5893ec', 'contact', 'Até logo!', 'text', NULL, false, '7b6dd712-9428-4531-b46c-e8e7daacf9a1', 'b70992ab-4c75-4ebd-9b7f-8c9b0c053e90', 'sent', '2026-04-30T01:52:44.023515');
INSERT INTO public.contacts (id, name, phone, email, whatsapp_connection_id, assigned_to) VALUES ('eb3209af-d6e9-483a-b514-56ead76c5627', 'MOCK_Vin Diesel', '+55119885110047', 'mock_vin.diesel@example.com', '7b6dd712-9428-4531-b46c-e8e7daacf9a1', 'b70992ab-4c75-4ebd-9b7f-8c9b0c053e90') ON CONFLICT (phone) DO NOTHING;
INSERT INTO public.conversations (id, contact_id, status, assigned_to, priority, message_count) VALUES ('83cd90ef-fb58-4962-bb62-b6f7c279e781', 'eb3209af-d6e9-483a-b514-56ead76c5627', 'pending', 'b70992ab-4c75-4ebd-9b7f-8c9b0c053e90', 'medium', 10);
INSERT INTO public.messages (id, contact_id, sender, content, message_type, media_url, is_read, whatsapp_connection_id, agent_id, status, created_at) VALUES ('fd4ee61f-0f05-482e-9af1-eb61c0a22d69', 'eb3209af-d6e9-483a-b514-56ead76c5627', 'contact', 'Olá, sou um dado mock!', 'text', NULL, false, '7b6dd712-9428-4531-b46c-e8e7daacf9a1', 'b70992ab-4c75-4ebd-9b7f-8c9b0c053e90', 'sent', '2026-05-04T23:09:44.023542');
INSERT INTO public.messages (id, contact_id, sender, content, message_type, media_url, is_read, whatsapp_connection_id, agent_id, status, created_at) VALUES ('2d2d150a-148c-4fc0-9957-a56280aedbe7', 'eb3209af-d6e9-483a-b514-56ead76c5627', 'agent', 'Testando a funcionalidade de chat.', 'text', NULL, true, '7b6dd712-9428-4531-b46c-e8e7daacf9a1', 'b70992ab-4c75-4ebd-9b7f-8c9b0c053e90', 'sent', '2026-05-06T13:44:44.023556');
INSERT INTO public.messages (id, contact_id, sender, content, message_type, media_url, is_read, whatsapp_connection_id, agent_id, status, created_at) VALUES ('4cf3bb19-4adb-499c-a56e-86289ce1412c', 'eb3209af-d6e9-483a-b514-56ead76c5627', 'agent', 'Esta é uma mensagem de teste.', 'text', NULL, true, '7b6dd712-9428-4531-b46c-e8e7daacf9a1', 'b70992ab-4c75-4ebd-9b7f-8c9b0c053e90', 'sent', '2026-05-06T02:13:44.023566');
INSERT INTO public.messages (id, contact_id, sender, content, message_type, media_url, is_read, whatsapp_connection_id, agent_id, status, created_at) VALUES ('036eda6b-fab0-4a96-99d1-264a29375189', 'eb3209af-d6e9-483a-b514-56ead76c5627', 'contact', 'Como está o sistema hoje?', 'text', NULL, true, '7b6dd712-9428-4531-b46c-e8e7daacf9a1', 'b70992ab-4c75-4ebd-9b7f-8c9b0c053e90', 'sent', '2026-05-02T16:04:44.023576');
INSERT INTO public.messages (id, contact_id, sender, content, message_type, media_url, is_read, whatsapp_connection_id, agent_id, status, created_at) VALUES ('8ba65c60-70e2-4d3b-8012-dae8b82bc8e4', 'eb3209af-d6e9-483a-b514-56ead76c5627', 'agent', 'Imagem de teste', 'image', 'https://picsum.photos/400/300', true, '7b6dd712-9428-4531-b46c-e8e7daacf9a1', 'b70992ab-4c75-4ebd-9b7f-8c9b0c053e90', 'sent', '2026-05-01T17:56:44.023586');
INSERT INTO public.messages (id, contact_id, sender, content, message_type, media_url, is_read, whatsapp_connection_id, agent_id, status, created_at) VALUES ('02d9eb2c-dd05-4a21-9f23-8ae35dc46b1d', 'eb3209af-d6e9-483a-b514-56ead76c5627', 'contact', 'Gostaria de saber mais sobre as novas features.', 'text', NULL, false, '7b6dd712-9428-4531-b46c-e8e7daacf9a1', 'b70992ab-4c75-4ebd-9b7f-8c9b0c053e90', 'sent', '2026-04-29T17:09:44.023597');
INSERT INTO public.messages (id, contact_id, sender, content, message_type, media_url, is_read, whatsapp_connection_id, agent_id, status, created_at) VALUES ('adbb7f88-60d7-42b9-b791-c12de55f6262', 'eb3209af-d6e9-483a-b514-56ead76c5627', 'contact', 'Pode me ajudar com uma dúvida?', 'text', NULL, false, '7b6dd712-9428-4531-b46c-e8e7daacf9a1', 'b70992ab-4c75-4ebd-9b7f-8c9b0c053e90', 'sent', '2026-05-02T00:17:44.023607');
INSERT INTO public.messages (id, contact_id, sender, content, message_type, media_url, is_read, whatsapp_connection_id, agent_id, status, created_at) VALUES ('cae6332c-8081-415c-8c3a-345098eaa357', 'eb3209af-d6e9-483a-b514-56ead76c5627', 'agent', 'Claro, qual seria?', 'text', NULL, true, '7b6dd712-9428-4531-b46c-e8e7daacf9a1', 'b70992ab-4c75-4ebd-9b7f-8c9b0c053e90', 'sent', '2026-04-29T17:43:44.023618');
INSERT INTO public.messages (id, contact_id, sender, content, message_type, media_url, is_read, whatsapp_connection_id, agent_id, status, created_at) VALUES ('1739c0ec-369a-4a4a-bd03-3db633be9c78', 'eb3209af-d6e9-483a-b514-56ead76c5627', 'contact', 'Obrigado pelo excelente atendimento!', 'text', NULL, false, '7b6dd712-9428-4531-b46c-e8e7daacf9a1', 'b70992ab-4c75-4ebd-9b7f-8c9b0c053e90', 'sent', '2026-05-06T00:24:44.023628');
INSERT INTO public.messages (id, contact_id, sender, content, message_type, media_url, is_read, whatsapp_connection_id, agent_id, status, created_at) VALUES ('3a1f7fab-21a4-4d11-95ce-d7def8ef1bdb', 'eb3209af-d6e9-483a-b514-56ead76c5627', 'agent', 'Até logo!', 'text', NULL, true, '7b6dd712-9428-4531-b46c-e8e7daacf9a1', 'b70992ab-4c75-4ebd-9b7f-8c9b0c053e90', 'sent', '2026-05-06T11:27:44.023639');
INSERT INTO public.contacts (id, name, phone, email, whatsapp_connection_id, assigned_to) VALUES ('4acc4fcc-8c94-41ae-bb17-e2ebee225ae9', 'MOCK_Will Smith', '+55119887130048', 'mock_will.smith@example.com', '7b6dd712-9428-4531-b46c-e8e7daacf9a1', 'b70992ab-4c75-4ebd-9b7f-8c9b0c053e90') ON CONFLICT (phone) DO NOTHING;
INSERT INTO public.conversations (id, contact_id, status, assigned_to, priority, message_count) VALUES ('b9c98faf-5956-4cad-a095-0899d29e9382', '4acc4fcc-8c94-41ae-bb17-e2ebee225ae9', 'pending', 'b70992ab-4c75-4ebd-9b7f-8c9b0c053e90', 'medium', 10);
INSERT INTO public.messages (id, contact_id, sender, content, message_type, media_url, is_read, whatsapp_connection_id, agent_id, status, created_at) VALUES ('b5636ea1-7644-4007-98a7-03d96304469b', '4acc4fcc-8c94-41ae-bb17-e2ebee225ae9', 'contact', 'Olá, sou um dado mock!', 'text', NULL, false, '7b6dd712-9428-4531-b46c-e8e7daacf9a1', 'b70992ab-4c75-4ebd-9b7f-8c9b0c053e90', 'sent', '2026-05-06T08:17:44.023662');
INSERT INTO public.messages (id, contact_id, sender, content, message_type, media_url, is_read, whatsapp_connection_id, agent_id, status, created_at) VALUES ('b8296a84-e6fa-4847-a861-664fbb366e98', '4acc4fcc-8c94-41ae-bb17-e2ebee225ae9', 'agent', 'Testando a funcionalidade de chat.', 'text', NULL, true, '7b6dd712-9428-4531-b46c-e8e7daacf9a1', 'b70992ab-4c75-4ebd-9b7f-8c9b0c053e90', 'sent', '2026-05-05T02:39:44.023672');
INSERT INTO public.messages (id, contact_id, sender, content, message_type, media_url, is_read, whatsapp_connection_id, agent_id, status, created_at) VALUES ('c45dec0b-2c06-4c37-abcf-88387925d725', '4acc4fcc-8c94-41ae-bb17-e2ebee225ae9', 'contact', 'Esta é uma mensagem de teste.', 'text', NULL, true, '7b6dd712-9428-4531-b46c-e8e7daacf9a1', 'b70992ab-4c75-4ebd-9b7f-8c9b0c053e90', 'sent', '2026-05-06T08:05:44.023683');
INSERT INTO public.messages (id, contact_id, sender, content, message_type, media_url, is_read, whatsapp_connection_id, agent_id, status, created_at) VALUES ('a53125a8-357b-4c72-9b48-f8756b648e48', '4acc4fcc-8c94-41ae-bb17-e2ebee225ae9', 'agent', 'Como está o sistema hoje?', 'text', NULL, true, '7b6dd712-9428-4531-b46c-e8e7daacf9a1', 'b70992ab-4c75-4ebd-9b7f-8c9b0c053e90', 'sent', '2026-05-01T12:22:44.023695');
INSERT INTO public.messages (id, contact_id, sender, content, message_type, media_url, is_read, whatsapp_connection_id, agent_id, status, created_at) VALUES ('72c05d4b-0326-4cbd-a32a-70e432bafb60', '4acc4fcc-8c94-41ae-bb17-e2ebee225ae9', 'contact', 'Imagem de teste', 'image', 'https://picsum.photos/400/300', true, '7b6dd712-9428-4531-b46c-e8e7daacf9a1', 'b70992ab-4c75-4ebd-9b7f-8c9b0c053e90', 'sent', '2026-04-29T10:31:44.023705');
INSERT INTO public.messages (id, contact_id, sender, content, message_type, media_url, is_read, whatsapp_connection_id, agent_id, status, created_at) VALUES ('df027bee-b977-4cdd-b2b5-103243e2410a', '4acc4fcc-8c94-41ae-bb17-e2ebee225ae9', 'agent', 'Gostaria de saber mais sobre as novas features.', 'text', NULL, true, '7b6dd712-9428-4531-b46c-e8e7daacf9a1', 'b70992ab-4c75-4ebd-9b7f-8c9b0c053e90', 'sent', '2026-05-01T03:15:44.023716');
INSERT INTO public.messages (id, contact_id, sender, content, message_type, media_url, is_read, whatsapp_connection_id, agent_id, status, created_at) VALUES ('9c613e3b-0417-43e3-9f60-04eeafbfe5c6', '4acc4fcc-8c94-41ae-bb17-e2ebee225ae9', 'agent', 'Pode me ajudar com uma dúvida?', 'text', NULL, true, '7b6dd712-9428-4531-b46c-e8e7daacf9a1', 'b70992ab-4c75-4ebd-9b7f-8c9b0c053e90', 'sent', '2026-04-30T05:03:44.023726');
INSERT INTO public.messages (id, contact_id, sender, content, message_type, media_url, is_read, whatsapp_connection_id, agent_id, status, created_at) VALUES ('95279b06-14a8-4f17-a189-c52f4a28dafb', '4acc4fcc-8c94-41ae-bb17-e2ebee225ae9', 'agent', 'Claro, qual seria?', 'text', NULL, true, '7b6dd712-9428-4531-b46c-e8e7daacf9a1', 'b70992ab-4c75-4ebd-9b7f-8c9b0c053e90', 'sent', '2026-05-01T16:34:44.023736');
INSERT INTO public.messages (id, contact_id, sender, content, message_type, media_url, is_read, whatsapp_connection_id, agent_id, status, created_at) VALUES ('e4b31034-7c2c-4d07-bbef-f5599f4fa378', '4acc4fcc-8c94-41ae-bb17-e2ebee225ae9', 'agent', 'Obrigado pelo excelente atendimento!', 'text', NULL, true, '7b6dd712-9428-4531-b46c-e8e7daacf9a1', 'b70992ab-4c75-4ebd-9b7f-8c9b0c053e90', 'sent', '2026-05-03T10:26:44.023746');
INSERT INTO public.messages (id, contact_id, sender, content, message_type, media_url, is_read, whatsapp_connection_id, agent_id, status, created_at) VALUES ('68bc7644-adc2-4202-824e-8067d04bbde7', '4acc4fcc-8c94-41ae-bb17-e2ebee225ae9', 'contact', 'Até logo!', 'text', NULL, true, '7b6dd712-9428-4531-b46c-e8e7daacf9a1', 'b70992ab-4c75-4ebd-9b7f-8c9b0c053e90', 'sent', '2026-05-05T18:42:44.023756');
INSERT INTO public.contacts (id, name, phone, email, whatsapp_connection_id, assigned_to) VALUES ('da122067-2889-48da-98f4-6921ae173bc9', 'MOCK_Zendaya', '+55119885820049', 'mock_zendaya@example.com', '7b6dd712-9428-4531-b46c-e8e7daacf9a1', 'b70992ab-4c75-4ebd-9b7f-8c9b0c053e90') ON CONFLICT (phone) DO NOTHING;
INSERT INTO public.conversations (id, contact_id, status, assigned_to, priority, message_count) VALUES ('165a87fb-0d0b-4e2a-a361-f6614444b5b6', 'da122067-2889-48da-98f4-6921ae173bc9', 'closed', 'b70992ab-4c75-4ebd-9b7f-8c9b0c053e90', 'urgent', 10);
INSERT INTO public.messages (id, contact_id, sender, content, message_type, media_url, is_read, whatsapp_connection_id, agent_id, status, created_at) VALUES ('afce1e65-1c16-4bcf-b92d-9b8169380050', 'da122067-2889-48da-98f4-6921ae173bc9', 'agent', 'Olá, sou um dado mock!', 'text', NULL, true, '7b6dd712-9428-4531-b46c-e8e7daacf9a1', 'b70992ab-4c75-4ebd-9b7f-8c9b0c053e90', 'sent', '2026-04-29T05:34:44.023780');
INSERT INTO public.messages (id, contact_id, sender, content, message_type, media_url, is_read, whatsapp_connection_id, agent_id, status, created_at) VALUES ('c833fcc7-78ea-4815-9cae-0d5da5900209', 'da122067-2889-48da-98f4-6921ae173bc9', 'contact', 'Testando a funcionalidade de chat.', 'text', NULL, true, '7b6dd712-9428-4531-b46c-e8e7daacf9a1', 'b70992ab-4c75-4ebd-9b7f-8c9b0c053e90', 'sent', '2026-05-04T06:48:44.023790');
INSERT INTO public.messages (id, contact_id, sender, content, message_type, media_url, is_read, whatsapp_connection_id, agent_id, status, created_at) VALUES ('e0180255-a2e1-42fe-9ff8-bebcb8bae38e', 'da122067-2889-48da-98f4-6921ae173bc9', 'contact', 'Esta é uma mensagem de teste.', 'text', NULL, false, '7b6dd712-9428-4531-b46c-e8e7daacf9a1', 'b70992ab-4c75-4ebd-9b7f-8c9b0c053e90', 'sent', '2026-04-30T12:55:44.023811');
INSERT INTO public.messages (id, contact_id, sender, content, message_type, media_url, is_read, whatsapp_connection_id, agent_id, status, created_at) VALUES ('fac504cb-adf2-43a3-95ae-cf28d2d6d396', 'da122067-2889-48da-98f4-6921ae173bc9', 'contact', 'Como está o sistema hoje?', 'text', NULL, true, '7b6dd712-9428-4531-b46c-e8e7daacf9a1', 'b70992ab-4c75-4ebd-9b7f-8c9b0c053e90', 'sent', '2026-05-03T08:52:44.023825');
INSERT INTO public.messages (id, contact_id, sender, content, message_type, media_url, is_read, whatsapp_connection_id, agent_id, status, created_at) VALUES ('ea456bc8-717b-4ff1-8991-9362513e2169', 'da122067-2889-48da-98f4-6921ae173bc9', 'agent', 'Imagem de teste', 'image', 'https://picsum.photos/400/300', true, '7b6dd712-9428-4531-b46c-e8e7daacf9a1', 'b70992ab-4c75-4ebd-9b7f-8c9b0c053e90', 'sent', '2026-04-29T14:15:44.023836');
INSERT INTO public.messages (id, contact_id, sender, content, message_type, media_url, is_read, whatsapp_connection_id, agent_id, status, created_at) VALUES ('506c10b7-6a48-4e4e-9711-6e0b67952b4e', 'da122067-2889-48da-98f4-6921ae173bc9', 'agent', 'Gostaria de saber mais sobre as novas features.', 'text', NULL, true, '7b6dd712-9428-4531-b46c-e8e7daacf9a1', 'b70992ab-4c75-4ebd-9b7f-8c9b0c053e90', 'sent', '2026-05-05T17:46:44.023847');
INSERT INTO public.messages (id, contact_id, sender, content, message_type, media_url, is_read, whatsapp_connection_id, agent_id, status, created_at) VALUES ('a5e2644e-0e02-4f2b-8087-9df7a0ed696a', 'da122067-2889-48da-98f4-6921ae173bc9', 'agent', 'Pode me ajudar com uma dúvida?', 'text', NULL, true, '7b6dd712-9428-4531-b46c-e8e7daacf9a1', 'b70992ab-4c75-4ebd-9b7f-8c9b0c053e90', 'sent', '2026-05-01T13:50:44.023857');
INSERT INTO public.messages (id, contact_id, sender, content, message_type, media_url, is_read, whatsapp_connection_id, agent_id, status, created_at) VALUES ('93363ad5-556c-4421-b949-cc77f51c3bc0', 'da122067-2889-48da-98f4-6921ae173bc9', 'agent', 'Claro, qual seria?', 'text', NULL, true, '7b6dd712-9428-4531-b46c-e8e7daacf9a1', 'b70992ab-4c75-4ebd-9b7f-8c9b0c053e90', 'sent', '2026-04-29T07:49:44.023866');
INSERT INTO public.messages (id, contact_id, sender, content, message_type, media_url, is_read, whatsapp_connection_id, agent_id, status, created_at) VALUES ('b67022e0-8d04-42fe-a9ba-d38347a4fbf1', 'da122067-2889-48da-98f4-6921ae173bc9', 'contact', 'Obrigado pelo excelente atendimento!', 'text', NULL, true, '7b6dd712-9428-4531-b46c-e8e7daacf9a1', 'b70992ab-4c75-4ebd-9b7f-8c9b0c053e90', 'sent', '2026-05-01T04:07:44.023877');
INSERT INTO public.messages (id, contact_id, sender, content, message_type, media_url, is_read, whatsapp_connection_id, agent_id, status, created_at) VALUES ('a23cbc9f-e45a-443b-bc3b-36e3bc232281', 'da122067-2889-48da-98f4-6921ae173bc9', 'contact', 'Até logo!', 'text', NULL, false, '7b6dd712-9428-4531-b46c-e8e7daacf9a1', 'b70992ab-4c75-4ebd-9b7f-8c9b0c053e90', 'sent', '2026-05-02T21:45:44.023887');