INSERT INTO public.contacts (id, name, phone, email, whatsapp_connection_id, assigned_to) VALUES ('2cd48c0f-c68d-4b72-afc8-b6d4a2a43406', 'Ana Silva', '+5511999990000', 'ana.silva@example.com', '7b6dd712-9428-4531-b46c-e8e7daacf9a1', 'b70992ab-4c75-4ebd-9b7f-8c9b0c053e90');
INSERT INTO public.conversations (id, contact_id, status, assigned_to, priority, message_count) VALUES ('66c646b6-4c1c-43e5-b426-dfae4622a2d8', '2cd48c0f-c68d-4b72-afc8-b6d4a2a43406', 'pending', 'b70992ab-4c75-4ebd-9b7f-8c9b0c053e90', 'medium', 10);
INSERT INTO public.messages (id, contact_id, sender, content, message_type, media_url, is_read, whatsapp_connection_id, agent_id, status, created_at) VALUES ('80e422ad-e44a-4b3b-887c-27636eb4d781', '2cd48c0f-c68d-4b72-afc8-b6d4a2a43406', 'contact', 'Olá, tudo bem?', 'text', NULL, true, '7b6dd712-9428-4531-b46c-e8e7daacf9a1', 'b70992ab-4c75-4ebd-9b7f-8c9b0c053e90', 'sent', '2026-05-04T08:02:14.696835');
INSERT INTO public.messages (id, contact_id, sender, content, message_type, media_url, is_read, whatsapp_connection_id, agent_id, status, created_at) VALUES ('88b4b95d-08b7-48ad-ad85-791218098dbe', '2cd48c0f-c68d-4b72-afc8-b6d4a2a43406', 'agent', 'Como posso te ajudar hoje?', 'text', NULL, true, '7b6dd712-9428-4531-b46c-e8e7daacf9a1', 'b70992ab-4c75-4ebd-9b7f-8c9b0c053e90', 'sent', '2026-04-29T02:40:14.696883');
INSERT INTO public.messages (id, contact_id, sender, content, message_type, media_url, is_read, whatsapp_connection_id, agent_id, status, created_at) VALUES ('e5c53c48-aa38-4283-ba49-1e0300433464', '2cd48c0f-c68d-4b72-afc8-b6d4a2a43406', 'contact', 'Vi que você se interessou pelo nosso produto.', 'text', NULL, false, '7b6dd712-9428-4531-b46c-e8e7daacf9a1', 'b70992ab-4c75-4ebd-9b7f-8c9b0c053e90', 'sent', '2026-05-04T20:05:14.696904');
INSERT INTO public.messages (id, contact_id, sender, content, message_type, media_url, is_read, whatsapp_connection_id, agent_id, status, created_at) VALUES ('6624e5b0-49ef-490e-8230-506b6f2f21af', '2cd48c0f-c68d-4b72-afc8-b6d4a2a43406', 'contact', 'Poderia me enviar mais detalhes?', 'text', NULL, true, '7b6dd712-9428-4531-b46c-e8e7daacf9a1', 'b70992ab-4c75-4ebd-9b7f-8c9b0c053e90', 'sent', '2026-04-29T04:34:14.696918');
INSERT INTO public.messages (id, contact_id, sender, content, message_type, media_url, is_read, whatsapp_connection_id, agent_id, status, created_at) VALUES ('fc17388e-32f0-44bf-8e07-3ecfac349f6b', '2cd48c0f-c68d-4b72-afc8-b6d4a2a43406', 'agent', 'Veja esta imagem', 'image', 'https://picsum.photos/400/300', true, '7b6dd712-9428-4531-b46c-e8e7daacf9a1', 'b70992ab-4c75-4ebd-9b7f-8c9b0c053e90', 'sent', '2026-05-04T05:27:14.696929');
INSERT INTO public.messages (id, contact_id, sender, content, message_type, media_url, is_read, whatsapp_connection_id, agent_id, status, created_at) VALUES ('ab939b5a-561b-4564-82b2-f50293c7aa73', '2cd48c0f-c68d-4b72-afc8-b6d4a2a43406', 'contact', 'Obrigado pelo retorno!', 'text', NULL, false, '7b6dd712-9428-4531-b46c-e8e7daacf9a1', 'b70992ab-4c75-4ebd-9b7f-8c9b0c053e90', 'sent', '2026-04-29T02:46:14.696941');
INSERT INTO public.messages (id, contact_id, sender, content, message_type, media_url, is_read, whatsapp_connection_id, agent_id, status, created_at) VALUES ('8f03283b-030c-4b9b-bf26-94846de7ed18', '2cd48c0f-c68d-4b72-afc8-b6d4a2a43406', 'agent', 'Qual o prazo de entrega?', 'text', NULL, true, '7b6dd712-9428-4531-b46c-e8e7daacf9a1', 'b70992ab-4c75-4ebd-9b7f-8c9b0c053e90', 'sent', '2026-05-06T13:10:14.696952');
INSERT INTO public.messages (id, contact_id, sender, content, message_type, media_url, is_read, whatsapp_connection_id, agent_id, status, created_at) VALUES ('e47b37ca-97a3-459d-b173-35a1cbfbb3dc', '2cd48c0f-c68d-4b72-afc8-b6d4a2a43406', 'contact', 'Geralmente entregamos em 3 dias úteis.', 'text', NULL, true, '7b6dd712-9428-4531-b46c-e8e7daacf9a1', 'b70992ab-4c75-4ebd-9b7f-8c9b0c053e90', 'sent', '2026-05-02T05:10:14.696963');
INSERT INTO public.messages (id, contact_id, sender, content, message_type, media_url, is_read, whatsapp_connection_id, agent_id, status, created_at) VALUES ('aacb2962-7fc5-4c68-a636-6018ab4dec26', '2cd48c0f-c68d-4b72-afc8-b6d4a2a43406', 'agent', 'Perfeito, vou realizar a compra.', 'text', NULL, true, '7b6dd712-9428-4531-b46c-e8e7daacf9a1', 'b70992ab-4c75-4ebd-9b7f-8c9b0c053e90', 'sent', '2026-05-01T00:10:14.696973');
INSERT INTO public.messages (id, contact_id, sender, content, message_type, media_url, is_read, whatsapp_connection_id, agent_id, status, created_at) VALUES ('01511a0f-950f-4e68-b632-0eb953c56214', '2cd48c0f-c68d-4b72-afc8-b6d4a2a43406', 'contact', 'Temos uma promoção especial para você hoje!', 'text', NULL, false, '7b6dd712-9428-4531-b46c-e8e7daacf9a1', 'b70992ab-4c75-4ebd-9b7f-8c9b0c053e90', 'sent', '2026-05-06T10:24:14.696984');
INSERT INTO public.contacts (id, name, phone, email, whatsapp_connection_id, assigned_to) VALUES ('96cc7bad-3f21-4e6d-a425-801db67c8fb5', 'Bruno Santos', '+5511999990001', 'bruno.santos@example.com', '7b6dd712-9428-4531-b46c-e8e7daacf9a1', 'b70992ab-4c75-4ebd-9b7f-8c9b0c053e90');
INSERT INTO public.conversations (id, contact_id, status, assigned_to, priority, message_count) VALUES ('b10b9a71-bb49-4aa5-8f60-6be31c8d5f4e', '96cc7bad-3f21-4e6d-a425-801db67c8fb5', 'open', 'b70992ab-4c75-4ebd-9b7f-8c9b0c053e90', 'low', 10);
INSERT INTO public.messages (id, contact_id, sender, content, message_type, media_url, is_read, whatsapp_connection_id, agent_id, status, created_at) VALUES ('71ac2168-2ec5-4052-947a-1edfb777b61c', '96cc7bad-3f21-4e6d-a425-801db67c8fb5', 'agent', 'Olá, tudo bem?', 'text', NULL, true, '7b6dd712-9428-4531-b46c-e8e7daacf9a1', 'b70992ab-4c75-4ebd-9b7f-8c9b0c053e90', 'sent', '2026-04-30T06:57:14.697012');
INSERT INTO public.messages (id, contact_id, sender, content, message_type, media_url, is_read, whatsapp_connection_id, agent_id, status, created_at) VALUES ('6e0de590-cfcb-4310-80a0-9edb91da19ef', '96cc7bad-3f21-4e6d-a425-801db67c8fb5', 'contact', 'Como posso te ajudar hoje?', 'text', NULL, false, '7b6dd712-9428-4531-b46c-e8e7daacf9a1', 'b70992ab-4c75-4ebd-9b7f-8c9b0c053e90', 'sent', '2026-05-05T16:59:14.697022');
INSERT INTO public.messages (id, contact_id, sender, content, message_type, media_url, is_read, whatsapp_connection_id, agent_id, status, created_at) VALUES ('ceca885e-5152-4ef0-afb4-03e269d55861', '96cc7bad-3f21-4e6d-a425-801db67c8fb5', 'agent', 'Vi que você se interessou pelo nosso produto.', 'text', NULL, true, '7b6dd712-9428-4531-b46c-e8e7daacf9a1', 'b70992ab-4c75-4ebd-9b7f-8c9b0c053e90', 'sent', '2026-04-30T11:37:14.697033');
INSERT INTO public.messages (id, contact_id, sender, content, message_type, media_url, is_read, whatsapp_connection_id, agent_id, status, created_at) VALUES ('3bb9a6e5-e2fb-4ea5-bfe9-864ac579a32d', '96cc7bad-3f21-4e6d-a425-801db67c8fb5', 'contact', 'Poderia me enviar mais detalhes?', 'text', NULL, true, '7b6dd712-9428-4531-b46c-e8e7daacf9a1', 'b70992ab-4c75-4ebd-9b7f-8c9b0c053e90', 'sent', '2026-05-04T13:57:14.697046');
INSERT INTO public.messages (id, contact_id, sender, content, message_type, media_url, is_read, whatsapp_connection_id, agent_id, status, created_at) VALUES ('6b5f41e0-dad4-40ba-9902-c83b575da04e', '96cc7bad-3f21-4e6d-a425-801db67c8fb5', 'agent', 'Veja esta imagem', 'image', 'https://picsum.photos/400/300', true, '7b6dd712-9428-4531-b46c-e8e7daacf9a1', 'b70992ab-4c75-4ebd-9b7f-8c9b0c053e90', 'sent', '2026-04-29T11:54:14.697060');
INSERT INTO public.messages (id, contact_id, sender, content, message_type, media_url, is_read, whatsapp_connection_id, agent_id, status, created_at) VALUES ('a14d70f3-7d0b-4fcb-a3a5-764593506c20', '96cc7bad-3f21-4e6d-a425-801db67c8fb5', 'agent', 'Obrigado pelo retorno!', 'text', NULL, true, '7b6dd712-9428-4531-b46c-e8e7daacf9a1', 'b70992ab-4c75-4ebd-9b7f-8c9b0c053e90', 'sent', '2026-05-02T22:10:14.697070');
INSERT INTO public.messages (id, contact_id, sender, content, message_type, media_url, is_read, whatsapp_connection_id, agent_id, status, created_at) VALUES ('dc0301f5-6625-409e-ab9b-b44fc29506d3', '96cc7bad-3f21-4e6d-a425-801db67c8fb5', 'contact', 'Qual o prazo de entrega?', 'text', NULL, false, '7b6dd712-9428-4531-b46c-e8e7daacf9a1', 'b70992ab-4c75-4ebd-9b7f-8c9b0c053e90', 'sent', '2026-04-29T07:20:14.697080');
INSERT INTO public.messages (id, contact_id, sender, content, message_type, media_url, is_read, whatsapp_connection_id, agent_id, status, created_at) VALUES ('c89b4171-2f39-4eec-a607-eb22fdaaae05', '96cc7bad-3f21-4e6d-a425-801db67c8fb5', 'contact', 'Geralmente entregamos em 3 dias úteis.', 'text', NULL, false, '7b6dd712-9428-4531-b46c-e8e7daacf9a1', 'b70992ab-4c75-4ebd-9b7f-8c9b0c053e90', 'sent', '2026-05-05T14:11:14.697090');
INSERT INTO public.messages (id, contact_id, sender, content, message_type, media_url, is_read, whatsapp_connection_id, agent_id, status, created_at) VALUES ('d5ff8ade-6968-4529-b013-3a5fa3b0e042', '96cc7bad-3f21-4e6d-a425-801db67c8fb5', 'contact', 'Perfeito, vou realizar a compra.', 'text', NULL, true, '7b6dd712-9428-4531-b46c-e8e7daacf9a1', 'b70992ab-4c75-4ebd-9b7f-8c9b0c053e90', 'sent', '2026-05-06T15:44:14.697101');
INSERT INTO public.messages (id, contact_id, sender, content, message_type, media_url, is_read, whatsapp_connection_id, agent_id, status, created_at) VALUES ('9905ef6c-3be7-4bcd-bac1-ac3fd69c2524', '96cc7bad-3f21-4e6d-a425-801db67c8fb5', 'contact', 'Temos uma promoção especial para você hoje!', 'text', NULL, false, '7b6dd712-9428-4531-b46c-e8e7daacf9a1', 'b70992ab-4c75-4ebd-9b7f-8c9b0c053e90', 'sent', '2026-05-01T01:54:14.697111');
INSERT INTO public.contacts (id, name, phone, email, whatsapp_connection_id, assigned_to) VALUES ('d2372636-1610-43b0-bc98-74ff6a771a6b', 'Carla Oliveira', '+5511999990002', 'carla.oliveira@example.com', '7b6dd712-9428-4531-b46c-e8e7daacf9a1', 'b70992ab-4c75-4ebd-9b7f-8c9b0c053e90');
INSERT INTO public.conversations (id, contact_id, status, assigned_to, priority, message_count) VALUES ('1b8c37fc-cd17-48c2-9239-e81fcc3b84d4', 'd2372636-1610-43b0-bc98-74ff6a771a6b', 'pending', 'b70992ab-4c75-4ebd-9b7f-8c9b0c053e90', 'high', 10);
INSERT INTO public.messages (id, contact_id, sender, content, message_type, media_url, is_read, whatsapp_connection_id, agent_id, status, created_at) VALUES ('9bacc13e-722f-4d41-a17f-538353341e58', 'd2372636-1610-43b0-bc98-74ff6a771a6b', 'agent', 'Olá, tudo bem?', 'text', NULL, true, '7b6dd712-9428-4531-b46c-e8e7daacf9a1', 'b70992ab-4c75-4ebd-9b7f-8c9b0c053e90', 'sent', '2026-05-01T07:53:14.697135');
INSERT INTO public.messages (id, contact_id, sender, content, message_type, media_url, is_read, whatsapp_connection_id, agent_id, status, created_at) VALUES ('4f6d8386-66b7-47cf-a97d-4c78ca79baa5', 'd2372636-1610-43b0-bc98-74ff6a771a6b', 'contact', 'Como posso te ajudar hoje?', 'text', NULL, true, '7b6dd712-9428-4531-b46c-e8e7daacf9a1', 'b70992ab-4c75-4ebd-9b7f-8c9b0c053e90', 'sent', '2026-04-29T01:33:14.697145');
INSERT INTO public.messages (id, contact_id, sender, content, message_type, media_url, is_read, whatsapp_connection_id, agent_id, status, created_at) VALUES ('4e6e2a96-61ad-440b-8d23-839e3d880fe7', 'd2372636-1610-43b0-bc98-74ff6a771a6b', 'agent', 'Vi que você se interessou pelo nosso produto.', 'text', NULL, true, '7b6dd712-9428-4531-b46c-e8e7daacf9a1', 'b70992ab-4c75-4ebd-9b7f-8c9b0c053e90', 'sent', '2026-04-29T07:38:14.697156');
INSERT INTO public.messages (id, contact_id, sender, content, message_type, media_url, is_read, whatsapp_connection_id, agent_id, status, created_at) VALUES ('7c5bb1a7-7445-4593-9b0f-362450a5dce6', 'd2372636-1610-43b0-bc98-74ff6a771a6b', 'agent', 'Poderia me enviar mais detalhes?', 'text', NULL, true, '7b6dd712-9428-4531-b46c-e8e7daacf9a1', 'b70992ab-4c75-4ebd-9b7f-8c9b0c053e90', 'sent', '2026-04-30T02:36:14.697165');
INSERT INTO public.messages (id, contact_id, sender, content, message_type, media_url, is_read, whatsapp_connection_id, agent_id, status, created_at) VALUES ('a78c6b87-ef0f-489c-8e00-e059d09c63d4', 'd2372636-1610-43b0-bc98-74ff6a771a6b', 'agent', 'Veja esta imagem', 'image', 'https://picsum.photos/400/300', true, '7b6dd712-9428-4531-b46c-e8e7daacf9a1', 'b70992ab-4c75-4ebd-9b7f-8c9b0c053e90', 'sent', '2026-05-01T00:16:14.697175');
INSERT INTO public.messages (id, contact_id, sender, content, message_type, media_url, is_read, whatsapp_connection_id, agent_id, status, created_at) VALUES ('b7a1520b-8b23-42cc-af62-c48855a4f3bc', 'd2372636-1610-43b0-bc98-74ff6a771a6b', 'contact', 'Obrigado pelo retorno!', 'text', NULL, false, '7b6dd712-9428-4531-b46c-e8e7daacf9a1', 'b70992ab-4c75-4ebd-9b7f-8c9b0c053e90', 'sent', '2026-05-02T16:57:14.697186');
INSERT INTO public.messages (id, contact_id, sender, content, message_type, media_url, is_read, whatsapp_connection_id, agent_id, status, created_at) VALUES ('2b21425c-836a-4536-8a04-b7db9716a46d', 'd2372636-1610-43b0-bc98-74ff6a771a6b', 'agent', 'Qual o prazo de entrega?', 'text', NULL, true, '7b6dd712-9428-4531-b46c-e8e7daacf9a1', 'b70992ab-4c75-4ebd-9b7f-8c9b0c053e90', 'sent', '2026-05-04T07:37:14.697196');
INSERT INTO public.messages (id, contact_id, sender, content, message_type, media_url, is_read, whatsapp_connection_id, agent_id, status, created_at) VALUES ('873e730b-6c1a-473e-920d-83bb1f4ffcd9', 'd2372636-1610-43b0-bc98-74ff6a771a6b', 'contact', 'Geralmente entregamos em 3 dias úteis.', 'text', NULL, true, '7b6dd712-9428-4531-b46c-e8e7daacf9a1', 'b70992ab-4c75-4ebd-9b7f-8c9b0c053e90', 'sent', '2026-05-06T14:02:14.697208');
INSERT INTO public.messages (id, contact_id, sender, content, message_type, media_url, is_read, whatsapp_connection_id, agent_id, status, created_at) VALUES ('beaf897f-6a56-4009-a6eb-87c8e0b57c10', 'd2372636-1610-43b0-bc98-74ff6a771a6b', 'agent', 'Perfeito, vou realizar a compra.', 'text', NULL, true, '7b6dd712-9428-4531-b46c-e8e7daacf9a1', 'b70992ab-4c75-4ebd-9b7f-8c9b0c053e90', 'sent', '2026-05-04T12:10:14.697220');
INSERT INTO public.messages (id, contact_id, sender, content, message_type, media_url, is_read, whatsapp_connection_id, agent_id, status, created_at) VALUES ('7fbb479e-a8a6-445b-903f-6cbd8b617838', 'd2372636-1610-43b0-bc98-74ff6a771a6b', 'agent', 'Temos uma promoção especial para você hoje!', 'text', NULL, true, '7b6dd712-9428-4531-b46c-e8e7daacf9a1', 'b70992ab-4c75-4ebd-9b7f-8c9b0c053e90', 'sent', '2026-05-03T01:49:14.697231');
INSERT INTO public.contacts (id, name, phone, email, whatsapp_connection_id, assigned_to) VALUES ('cce07930-1df6-439d-aa8a-f8efde9bda7a', 'Daniel Lima', '+5511999990003', 'daniel.lima@example.com', '7b6dd712-9428-4531-b46c-e8e7daacf9a1', 'b70992ab-4c75-4ebd-9b7f-8c9b0c053e90');
INSERT INTO public.conversations (id, contact_id, status, assigned_to, priority, message_count) VALUES ('e34d45b5-fc4f-4bc4-ba63-057f1eb8b82d', 'cce07930-1df6-439d-aa8a-f8efde9bda7a', 'closed', 'b70992ab-4c75-4ebd-9b7f-8c9b0c053e90', 'urgent', 10);
INSERT INTO public.messages (id, contact_id, sender, content, message_type, media_url, is_read, whatsapp_connection_id, agent_id, status, created_at) VALUES ('a7e4be95-4334-47a5-aa65-dcd332d2ffc0', 'cce07930-1df6-439d-aa8a-f8efde9bda7a', 'agent', 'Olá, tudo bem?', 'text', NULL, true, '7b6dd712-9428-4531-b46c-e8e7daacf9a1', 'b70992ab-4c75-4ebd-9b7f-8c9b0c053e90', 'sent', '2026-05-03T08:10:14.697254');
INSERT INTO public.messages (id, contact_id, sender, content, message_type, media_url, is_read, whatsapp_connection_id, agent_id, status, created_at) VALUES ('5ce9d882-8d23-4456-9e21-bd2512abf373', 'cce07930-1df6-439d-aa8a-f8efde9bda7a', 'contact', 'Como posso te ajudar hoje?', 'text', NULL, true, '7b6dd712-9428-4531-b46c-e8e7daacf9a1', 'b70992ab-4c75-4ebd-9b7f-8c9b0c053e90', 'sent', '2026-05-04T13:51:14.697264');
INSERT INTO public.messages (id, contact_id, sender, content, message_type, media_url, is_read, whatsapp_connection_id, agent_id, status, created_at) VALUES ('a19191fd-907a-418f-8d9b-5cb1c673fe5f', 'cce07930-1df6-439d-aa8a-f8efde9bda7a', 'contact', 'Vi que você se interessou pelo nosso produto.', 'text', NULL, true, '7b6dd712-9428-4531-b46c-e8e7daacf9a1', 'b70992ab-4c75-4ebd-9b7f-8c9b0c053e90', 'sent', '2026-05-01T19:26:14.697276');
INSERT INTO public.messages (id, contact_id, sender, content, message_type, media_url, is_read, whatsapp_connection_id, agent_id, status, created_at) VALUES ('3c1a3291-55fb-4860-bc36-615c73cdb0f7', 'cce07930-1df6-439d-aa8a-f8efde9bda7a', 'agent', 'Poderia me enviar mais detalhes?', 'text', NULL, true, '7b6dd712-9428-4531-b46c-e8e7daacf9a1', 'b70992ab-4c75-4ebd-9b7f-8c9b0c053e90', 'sent', '2026-05-05T03:45:14.697287');
INSERT INTO public.messages (id, contact_id, sender, content, message_type, media_url, is_read, whatsapp_connection_id, agent_id, status, created_at) VALUES ('91c745af-de03-486a-b64c-ade65a21b9fe', 'cce07930-1df6-439d-aa8a-f8efde9bda7a', 'contact', 'Veja esta imagem', 'image', 'https://picsum.photos/400/300', false, '7b6dd712-9428-4531-b46c-e8e7daacf9a1', 'b70992ab-4c75-4ebd-9b7f-8c9b0c053e90', 'sent', '2026-05-03T06:51:14.697297');
INSERT INTO public.messages (id, contact_id, sender, content, message_type, media_url, is_read, whatsapp_connection_id, agent_id, status, created_at) VALUES ('4ff340d4-4448-45e1-9fbf-8ac14a9799c0', 'cce07930-1df6-439d-aa8a-f8efde9bda7a', 'contact', 'Obrigado pelo retorno!', 'text', NULL, true, '7b6dd712-9428-4531-b46c-e8e7daacf9a1', 'b70992ab-4c75-4ebd-9b7f-8c9b0c053e90', 'sent', '2026-04-30T14:15:14.697308');
INSERT INTO public.messages (id, contact_id, sender, content, message_type, media_url, is_read, whatsapp_connection_id, agent_id, status, created_at) VALUES ('97e53fc6-c0bf-44eb-a96d-0af103e947ba', 'cce07930-1df6-439d-aa8a-f8efde9bda7a', 'contact', 'Qual o prazo de entrega?', 'text', NULL, true, '7b6dd712-9428-4531-b46c-e8e7daacf9a1', 'b70992ab-4c75-4ebd-9b7f-8c9b0c053e90', 'sent', '2026-05-03T23:01:14.697319');
INSERT INTO public.messages (id, contact_id, sender, content, message_type, media_url, is_read, whatsapp_connection_id, agent_id, status, created_at) VALUES ('41626a74-1bef-4bb3-9884-8b399755ac70', 'cce07930-1df6-439d-aa8a-f8efde9bda7a', 'contact', 'Geralmente entregamos em 3 dias úteis.', 'text', NULL, false, '7b6dd712-9428-4531-b46c-e8e7daacf9a1', 'b70992ab-4c75-4ebd-9b7f-8c9b0c053e90', 'sent', '2026-04-28T18:54:14.697329');
INSERT INTO public.messages (id, contact_id, sender, content, message_type, media_url, is_read, whatsapp_connection_id, agent_id, status, created_at) VALUES ('bfa3184f-6464-4ed4-a44d-99f4dc61b009', 'cce07930-1df6-439d-aa8a-f8efde9bda7a', 'contact', 'Perfeito, vou realizar a compra.', 'text', NULL, false, '7b6dd712-9428-4531-b46c-e8e7daacf9a1', 'b70992ab-4c75-4ebd-9b7f-8c9b0c053e90', 'sent', '2026-05-03T12:36:14.697340');
INSERT INTO public.messages (id, contact_id, sender, content, message_type, media_url, is_read, whatsapp_connection_id, agent_id, status, created_at) VALUES ('f1cd5dfa-4263-4083-a0d8-4af07eb901ca', 'cce07930-1df6-439d-aa8a-f8efde9bda7a', 'contact', 'Temos uma promoção especial para você hoje!', 'text', NULL, true, '7b6dd712-9428-4531-b46c-e8e7daacf9a1', 'b70992ab-4c75-4ebd-9b7f-8c9b0c053e90', 'sent', '2026-05-06T03:19:14.697352');
INSERT INTO public.contacts (id, name, phone, email, whatsapp_connection_id, assigned_to) VALUES ('06fd0d61-fdf1-4bf9-a512-dc8e4a594cdb', 'Eduarda Costa', '+5511999990004', 'eduarda.costa@example.com', '7b6dd712-9428-4531-b46c-e8e7daacf9a1', 'b70992ab-4c75-4ebd-9b7f-8c9b0c053e90');
INSERT INTO public.conversations (id, contact_id, status, assigned_to, priority, message_count) VALUES ('0dc578fe-dec2-4085-9cb2-7d473a7486e4', '06fd0d61-fdf1-4bf9-a512-dc8e4a594cdb', 'open', 'b70992ab-4c75-4ebd-9b7f-8c9b0c053e90', 'high', 10);
INSERT INTO public.messages (id, contact_id, sender, content, message_type, media_url, is_read, whatsapp_connection_id, agent_id, status, created_at) VALUES ('cc86d1bf-e1f3-4599-a37f-8a0d6637300a', '06fd0d61-fdf1-4bf9-a512-dc8e4a594cdb', 'agent', 'Olá, tudo bem?', 'text', NULL, true, '7b6dd712-9428-4531-b46c-e8e7daacf9a1', 'b70992ab-4c75-4ebd-9b7f-8c9b0c053e90', 'sent', '2026-04-30T03:12:14.697379');
INSERT INTO public.messages (id, contact_id, sender, content, message_type, media_url, is_read, whatsapp_connection_id, agent_id, status, created_at) VALUES ('3a102dcf-dad6-46e7-b046-1a1ea8e1f4ee', '06fd0d61-fdf1-4bf9-a512-dc8e4a594cdb', 'contact', 'Como posso te ajudar hoje?', 'text', NULL, true, '7b6dd712-9428-4531-b46c-e8e7daacf9a1', 'b70992ab-4c75-4ebd-9b7f-8c9b0c053e90', 'sent', '2026-04-29T23:27:14.697390');
INSERT INTO public.messages (id, contact_id, sender, content, message_type, media_url, is_read, whatsapp_connection_id, agent_id, status, created_at) VALUES ('3de9d870-2c1c-4c34-ae1c-0dea0bccd8af', '06fd0d61-fdf1-4bf9-a512-dc8e4a594cdb', 'agent', 'Vi que você se interessou pelo nosso produto.', 'text', NULL, true, '7b6dd712-9428-4531-b46c-e8e7daacf9a1', 'b70992ab-4c75-4ebd-9b7f-8c9b0c053e90', 'sent', '2026-05-04T06:20:14.697400');
INSERT INTO public.messages (id, contact_id, sender, content, message_type, media_url, is_read, whatsapp_connection_id, agent_id, status, created_at) VALUES ('0d2c6aca-2253-44a7-a08f-f40f22136bf9', '06fd0d61-fdf1-4bf9-a512-dc8e4a594cdb', 'agent', 'Poderia me enviar mais detalhes?', 'text', NULL, true, '7b6dd712-9428-4531-b46c-e8e7daacf9a1', 'b70992ab-4c75-4ebd-9b7f-8c9b0c053e90', 'sent', '2026-05-02T22:07:14.697411');
INSERT INTO public.messages (id, contact_id, sender, content, message_type, media_url, is_read, whatsapp_connection_id, agent_id, status, created_at) VALUES ('61747dff-83d8-450c-998d-32b99ba1d37c', '06fd0d61-fdf1-4bf9-a512-dc8e4a594cdb', 'agent', 'Veja esta imagem', 'image', 'https://picsum.photos/400/300', true, '7b6dd712-9428-4531-b46c-e8e7daacf9a1', 'b70992ab-4c75-4ebd-9b7f-8c9b0c053e90', 'sent', '2026-05-03T23:11:14.697423');
INSERT INTO public.messages (id, contact_id, sender, content, message_type, media_url, is_read, whatsapp_connection_id, agent_id, status, created_at) VALUES ('72cbbb18-2933-4e15-bc1b-f8f2ca8126d2', '06fd0d61-fdf1-4bf9-a512-dc8e4a594cdb', 'agent', 'Obrigado pelo retorno!', 'text', NULL, true, '7b6dd712-9428-4531-b46c-e8e7daacf9a1', 'b70992ab-4c75-4ebd-9b7f-8c9b0c053e90', 'sent', '2026-05-03T10:44:14.697433');
INSERT INTO public.messages (id, contact_id, sender, content, message_type, media_url, is_read, whatsapp_connection_id, agent_id, status, created_at) VALUES ('8445f742-97a0-4384-9961-cd0041800d0f', '06fd0d61-fdf1-4bf9-a512-dc8e4a594cdb', 'contact', 'Qual o prazo de entrega?', 'text', NULL, true, '7b6dd712-9428-4531-b46c-e8e7daacf9a1', 'b70992ab-4c75-4ebd-9b7f-8c9b0c053e90', 'sent', '2026-04-30T14:46:14.697443');
INSERT INTO public.messages (id, contact_id, sender, content, message_type, media_url, is_read, whatsapp_connection_id, agent_id, status, created_at) VALUES ('2e34d476-3494-4c37-a0f7-ab37441ca4bb', '06fd0d61-fdf1-4bf9-a512-dc8e4a594cdb', 'agent', 'Geralmente entregamos em 3 dias úteis.', 'text', NULL, true, '7b6dd712-9428-4531-b46c-e8e7daacf9a1', 'b70992ab-4c75-4ebd-9b7f-8c9b0c053e90', 'sent', '2026-04-30T21:30:14.697453');
INSERT INTO public.messages (id, contact_id, sender, content, message_type, media_url, is_read, whatsapp_connection_id, agent_id, status, created_at) VALUES ('49da2d03-0ea3-4353-8ea4-b9f0ae2bb7ee', '06fd0d61-fdf1-4bf9-a512-dc8e4a594cdb', 'contact', 'Perfeito, vou realizar a compra.', 'text', NULL, false, '7b6dd712-9428-4531-b46c-e8e7daacf9a1', 'b70992ab-4c75-4ebd-9b7f-8c9b0c053e90', 'sent', '2026-05-03T07:17:14.697464');
INSERT INTO public.messages (id, contact_id, sender, content, message_type, media_url, is_read, whatsapp_connection_id, agent_id, status, created_at) VALUES ('c8f5d9c0-7b0e-4367-9852-6fdf28186d48', '06fd0d61-fdf1-4bf9-a512-dc8e4a594cdb', 'contact', 'Temos uma promoção especial para você hoje!', 'text', NULL, false, '7b6dd712-9428-4531-b46c-e8e7daacf9a1', 'b70992ab-4c75-4ebd-9b7f-8c9b0c053e90', 'sent', '2026-04-30T04:59:14.697474');
INSERT INTO public.contacts (id, name, phone, email, whatsapp_connection_id, assigned_to) VALUES ('8323a4d2-e897-4ab3-9e68-bd4cdc179d5a', 'Felipe Pereira', '+5511999990005', 'felipe.pereira@example.com', '7b6dd712-9428-4531-b46c-e8e7daacf9a1', 'b70992ab-4c75-4ebd-9b7f-8c9b0c053e90');
INSERT INTO public.conversations (id, contact_id, status, assigned_to, priority, message_count) VALUES ('76a85ed5-5d0d-4e09-bdc5-379d7b7bb960', '8323a4d2-e897-4ab3-9e68-bd4cdc179d5a', 'pending', 'b70992ab-4c75-4ebd-9b7f-8c9b0c053e90', 'medium', 10);
INSERT INTO public.messages (id, contact_id, sender, content, message_type, media_url, is_read, whatsapp_connection_id, agent_id, status, created_at) VALUES ('db850fa2-e035-419b-9f1f-61e566ecec1e', '8323a4d2-e897-4ab3-9e68-bd4cdc179d5a', 'agent', 'Olá, tudo bem?', 'text', NULL, true, '7b6dd712-9428-4531-b46c-e8e7daacf9a1', 'b70992ab-4c75-4ebd-9b7f-8c9b0c053e90', 'sent', '2026-05-01T05:32:14.697509');
INSERT INTO public.messages (id, contact_id, sender, content, message_type, media_url, is_read, whatsapp_connection_id, agent_id, status, created_at) VALUES ('5b4f5695-a957-4cb2-9a73-d95958cad711', '8323a4d2-e897-4ab3-9e68-bd4cdc179d5a', 'contact', 'Como posso te ajudar hoje?', 'text', NULL, false, '7b6dd712-9428-4531-b46c-e8e7daacf9a1', 'b70992ab-4c75-4ebd-9b7f-8c9b0c053e90', 'sent', '2026-05-03T04:27:14.697519');
INSERT INTO public.messages (id, contact_id, sender, content, message_type, media_url, is_read, whatsapp_connection_id, agent_id, status, created_at) VALUES ('6f4a7ec4-33d9-4de6-9012-72dbb93b47e3', '8323a4d2-e897-4ab3-9e68-bd4cdc179d5a', 'agent', 'Vi que você se interessou pelo nosso produto.', 'text', NULL, true, '7b6dd712-9428-4531-b46c-e8e7daacf9a1', 'b70992ab-4c75-4ebd-9b7f-8c9b0c053e90', 'sent', '2026-05-03T09:26:14.697529');
INSERT INTO public.messages (id, contact_id, sender, content, message_type, media_url, is_read, whatsapp_connection_id, agent_id, status, created_at) VALUES ('0868c873-f9bf-4a0c-968e-c92f3f95c71c', '8323a4d2-e897-4ab3-9e68-bd4cdc179d5a', 'agent', 'Poderia me enviar mais detalhes?', 'text', NULL, true, '7b6dd712-9428-4531-b46c-e8e7daacf9a1', 'b70992ab-4c75-4ebd-9b7f-8c9b0c053e90', 'sent', '2026-05-05T12:00:14.697540');
INSERT INTO public.messages (id, contact_id, sender, content, message_type, media_url, is_read, whatsapp_connection_id, agent_id, status, created_at) VALUES ('4cf8a839-371b-46bf-901f-16beb1dd9fa5', '8323a4d2-e897-4ab3-9e68-bd4cdc179d5a', 'agent', 'Veja esta imagem', 'image', 'https://picsum.photos/400/300', true, '7b6dd712-9428-4531-b46c-e8e7daacf9a1', 'b70992ab-4c75-4ebd-9b7f-8c9b0c053e90', 'sent', '2026-04-28T21:01:14.697551');
INSERT INTO public.messages (id, contact_id, sender, content, message_type, media_url, is_read, whatsapp_connection_id, agent_id, status, created_at) VALUES ('b53b6b9a-64c7-42f4-84ff-b7a49f41f2a4', '8323a4d2-e897-4ab3-9e68-bd4cdc179d5a', 'contact', 'Obrigado pelo retorno!', 'text', NULL, false, '7b6dd712-9428-4531-b46c-e8e7daacf9a1', 'b70992ab-4c75-4ebd-9b7f-8c9b0c053e90', 'sent', '2026-04-29T05:50:14.697563');
INSERT INTO public.messages (id, contact_id, sender, content, message_type, media_url, is_read, whatsapp_connection_id, agent_id, status, created_at) VALUES ('258b30cf-2313-471c-8809-b97b0b25431c', '8323a4d2-e897-4ab3-9e68-bd4cdc179d5a', 'agent', 'Qual o prazo de entrega?', 'text', NULL, true, '7b6dd712-9428-4531-b46c-e8e7daacf9a1', 'b70992ab-4c75-4ebd-9b7f-8c9b0c053e90', 'sent', '2026-05-05T09:07:14.697574');
INSERT INTO public.messages (id, contact_id, sender, content, message_type, media_url, is_read, whatsapp_connection_id, agent_id, status, created_at) VALUES ('e04830ae-7646-431f-a692-99e1d235bea6', '8323a4d2-e897-4ab3-9e68-bd4cdc179d5a', 'contact', 'Geralmente entregamos em 3 dias úteis.', 'text', NULL, true, '7b6dd712-9428-4531-b46c-e8e7daacf9a1', 'b70992ab-4c75-4ebd-9b7f-8c9b0c053e90', 'sent', '2026-04-28T22:15:14.697584');
INSERT INTO public.messages (id, contact_id, sender, content, message_type, media_url, is_read, whatsapp_connection_id, agent_id, status, created_at) VALUES ('765188ca-e879-4f47-bfd4-b411abbe4a16', '8323a4d2-e897-4ab3-9e68-bd4cdc179d5a', 'agent', 'Perfeito, vou realizar a compra.', 'text', NULL, true, '7b6dd712-9428-4531-b46c-e8e7daacf9a1', 'b70992ab-4c75-4ebd-9b7f-8c9b0c053e90', 'sent', '2026-05-03T23:04:14.697596');
INSERT INTO public.messages (id, contact_id, sender, content, message_type, media_url, is_read, whatsapp_connection_id, agent_id, status, created_at) VALUES ('d3fe7a23-a532-447f-8b26-b9f10729b185', '8323a4d2-e897-4ab3-9e68-bd4cdc179d5a', 'agent', 'Temos uma promoção especial para você hoje!', 'text', NULL, true, '7b6dd712-9428-4531-b46c-e8e7daacf9a1', 'b70992ab-4c75-4ebd-9b7f-8c9b0c053e90', 'sent', '2026-04-29T01:46:14.697605');
INSERT INTO public.contacts (id, name, phone, email, whatsapp_connection_id, assigned_to) VALUES ('ca802830-2948-4566-8b17-f01826f0cde6', 'Gabriela Rocha', '+5511999990006', 'gabriela.rocha@example.com', '7b6dd712-9428-4531-b46c-e8e7daacf9a1', 'b70992ab-4c75-4ebd-9b7f-8c9b0c053e90');
INSERT INTO public.conversations (id, contact_id, status, assigned_to, priority, message_count) VALUES ('ea3f8929-faa6-470f-91a0-9a9706713402', 'ca802830-2948-4566-8b17-f01826f0cde6', 'closed', 'b70992ab-4c75-4ebd-9b7f-8c9b0c053e90', 'low', 10);
INSERT INTO public.messages (id, contact_id, sender, content, message_type, media_url, is_read, whatsapp_connection_id, agent_id, status, created_at) VALUES ('f8307aa9-36af-4230-8238-aa3bea170534', 'ca802830-2948-4566-8b17-f01826f0cde6', 'contact', 'Olá, tudo bem?', 'text', NULL, false, '7b6dd712-9428-4531-b46c-e8e7daacf9a1', 'b70992ab-4c75-4ebd-9b7f-8c9b0c053e90', 'sent', '2026-05-03T21:06:14.697627');
INSERT INTO public.messages (id, contact_id, sender, content, message_type, media_url, is_read, whatsapp_connection_id, agent_id, status, created_at) VALUES ('dd2e10dc-604a-4258-b095-558ae85c2589', 'ca802830-2948-4566-8b17-f01826f0cde6', 'agent', 'Como posso te ajudar hoje?', 'text', NULL, true, '7b6dd712-9428-4531-b46c-e8e7daacf9a1', 'b70992ab-4c75-4ebd-9b7f-8c9b0c053e90', 'sent', '2026-05-06T05:05:14.697640');
INSERT INTO public.messages (id, contact_id, sender, content, message_type, media_url, is_read, whatsapp_connection_id, agent_id, status, created_at) VALUES ('0b03eae6-7128-4a0a-b124-d564e03c99ac', 'ca802830-2948-4566-8b17-f01826f0cde6', 'agent', 'Vi que você se interessou pelo nosso produto.', 'text', NULL, true, '7b6dd712-9428-4531-b46c-e8e7daacf9a1', 'b70992ab-4c75-4ebd-9b7f-8c9b0c053e90', 'sent', '2026-04-30T13:32:14.697650');
INSERT INTO public.messages (id, contact_id, sender, content, message_type, media_url, is_read, whatsapp_connection_id, agent_id, status, created_at) VALUES ('59540998-4a30-414f-b784-1f8a0dcc7588', 'ca802830-2948-4566-8b17-f01826f0cde6', 'agent', 'Poderia me enviar mais detalhes?', 'text', NULL, true, '7b6dd712-9428-4531-b46c-e8e7daacf9a1', 'b70992ab-4c75-4ebd-9b7f-8c9b0c053e90', 'sent', '2026-04-29T21:46:14.697660');
INSERT INTO public.messages (id, contact_id, sender, content, message_type, media_url, is_read, whatsapp_connection_id, agent_id, status, created_at) VALUES ('622f69e2-2578-47e7-bd08-d6c0d208ef7b', 'ca802830-2948-4566-8b17-f01826f0cde6', 'agent', 'Veja esta imagem', 'image', 'https://picsum.photos/400/300', true, '7b6dd712-9428-4531-b46c-e8e7daacf9a1', 'b70992ab-4c75-4ebd-9b7f-8c9b0c053e90', 'sent', '2026-05-03T00:00:14.697669');
INSERT INTO public.messages (id, contact_id, sender, content, message_type, media_url, is_read, whatsapp_connection_id, agent_id, status, created_at) VALUES ('6fe824b7-740e-4e6a-9a5c-210dd40b431f', 'ca802830-2948-4566-8b17-f01826f0cde6', 'contact', 'Obrigado pelo retorno!', 'text', NULL, false, '7b6dd712-9428-4531-b46c-e8e7daacf9a1', 'b70992ab-4c75-4ebd-9b7f-8c9b0c053e90', 'sent', '2026-05-02T00:57:14.697679');
INSERT INTO public.messages (id, contact_id, sender, content, message_type, media_url, is_read, whatsapp_connection_id, agent_id, status, created_at) VALUES ('c8cd4333-c209-4121-995e-14626182c84d', 'ca802830-2948-4566-8b17-f01826f0cde6', 'contact', 'Qual o prazo de entrega?', 'text', NULL, true, '7b6dd712-9428-4531-b46c-e8e7daacf9a1', 'b70992ab-4c75-4ebd-9b7f-8c9b0c053e90', 'sent', '2026-04-30T04:47:14.697689');
INSERT INTO public.messages (id, contact_id, sender, content, message_type, media_url, is_read, whatsapp_connection_id, agent_id, status, created_at) VALUES ('8cdfebb2-c8e6-4e44-8eca-6c6617337b92', 'ca802830-2948-4566-8b17-f01826f0cde6', 'contact', 'Geralmente entregamos em 3 dias úteis.', 'text', NULL, true, '7b6dd712-9428-4531-b46c-e8e7daacf9a1', 'b70992ab-4c75-4ebd-9b7f-8c9b0c053e90', 'sent', '2026-05-05T05:42:14.697699');
INSERT INTO public.messages (id, contact_id, sender, content, message_type, media_url, is_read, whatsapp_connection_id, agent_id, status, created_at) VALUES ('8e4e61cc-9eee-46e3-b287-368fd7f14eda', 'ca802830-2948-4566-8b17-f01826f0cde6', 'agent', 'Perfeito, vou realizar a compra.', 'text', NULL, true, '7b6dd712-9428-4531-b46c-e8e7daacf9a1', 'b70992ab-4c75-4ebd-9b7f-8c9b0c053e90', 'sent', '2026-05-05T07:04:14.697711');
INSERT INTO public.messages (id, contact_id, sender, content, message_type, media_url, is_read, whatsapp_connection_id, agent_id, status, created_at) VALUES ('3860ce4f-1c73-44f2-94ef-7ee68dfb198f', 'ca802830-2948-4566-8b17-f01826f0cde6', 'contact', 'Temos uma promoção especial para você hoje!', 'text', NULL, false, '7b6dd712-9428-4531-b46c-e8e7daacf9a1', 'b70992ab-4c75-4ebd-9b7f-8c9b0c053e90', 'sent', '2026-05-02T19:05:14.697723');
INSERT INTO public.contacts (id, name, phone, email, whatsapp_connection_id, assigned_to) VALUES ('46ba8f93-9f07-4c39-94b5-3b55d6735ea5', 'Hugo Souza', '+5511999990007', 'hugo.souza@example.com', '7b6dd712-9428-4531-b46c-e8e7daacf9a1', 'b70992ab-4c75-4ebd-9b7f-8c9b0c053e90');
INSERT INTO public.conversations (id, contact_id, status, assigned_to, priority, message_count) VALUES ('b6bdc8c3-f2f0-4862-b66f-3c1d4e599726', '46ba8f93-9f07-4c39-94b5-3b55d6735ea5', 'closed', 'b70992ab-4c75-4ebd-9b7f-8c9b0c053e90', 'low', 10);
INSERT INTO public.messages (id, contact_id, sender, content, message_type, media_url, is_read, whatsapp_connection_id, agent_id, status, created_at) VALUES ('75fd31ee-8759-4f8b-9633-29d94f9f4d7a', '46ba8f93-9f07-4c39-94b5-3b55d6735ea5', 'agent', 'Olá, tudo bem?', 'text', NULL, true, '7b6dd712-9428-4531-b46c-e8e7daacf9a1', 'b70992ab-4c75-4ebd-9b7f-8c9b0c053e90', 'sent', '2026-05-02T09:33:14.697753');
INSERT INTO public.messages (id, contact_id, sender, content, message_type, media_url, is_read, whatsapp_connection_id, agent_id, status, created_at) VALUES ('bcfe28d6-0663-45a6-bfcf-b3c8f85b8e84', '46ba8f93-9f07-4c39-94b5-3b55d6735ea5', 'agent', 'Como posso te ajudar hoje?', 'text', NULL, true, '7b6dd712-9428-4531-b46c-e8e7daacf9a1', 'b70992ab-4c75-4ebd-9b7f-8c9b0c053e90', 'sent', '2026-05-06T01:12:14.697766');
INSERT INTO public.messages (id, contact_id, sender, content, message_type, media_url, is_read, whatsapp_connection_id, agent_id, status, created_at) VALUES ('795f5ada-9b6b-4c2a-b6a8-1b3abbc9316e', '46ba8f93-9f07-4c39-94b5-3b55d6735ea5', 'agent', 'Vi que você se interessou pelo nosso produto.', 'text', NULL, true, '7b6dd712-9428-4531-b46c-e8e7daacf9a1', 'b70992ab-4c75-4ebd-9b7f-8c9b0c053e90', 'sent', '2026-05-02T07:48:14.697777');
INSERT INTO public.messages (id, contact_id, sender, content, message_type, media_url, is_read, whatsapp_connection_id, agent_id, status, created_at) VALUES ('8f1eb307-2b46-417c-8a02-1aac1ccaffba', '46ba8f93-9f07-4c39-94b5-3b55d6735ea5', 'contact', 'Poderia me enviar mais detalhes?', 'text', NULL, true, '7b6dd712-9428-4531-b46c-e8e7daacf9a1', 'b70992ab-4c75-4ebd-9b7f-8c9b0c053e90', 'sent', '2026-05-04T06:25:14.697787');
INSERT INTO public.messages (id, contact_id, sender, content, message_type, media_url, is_read, whatsapp_connection_id, agent_id, status, created_at) VALUES ('e0f50caf-0a95-485b-8d61-6ab8102408fc', '46ba8f93-9f07-4c39-94b5-3b55d6735ea5', 'contact', 'Veja esta imagem', 'image', 'https://picsum.photos/400/300', false, '7b6dd712-9428-4531-b46c-e8e7daacf9a1', 'b70992ab-4c75-4ebd-9b7f-8c9b0c053e90', 'sent', '2026-05-01T20:26:14.697814');
INSERT INTO public.messages (id, contact_id, sender, content, message_type, media_url, is_read, whatsapp_connection_id, agent_id, status, created_at) VALUES ('a2395fe5-8497-4737-9888-50eea0bf204a', '46ba8f93-9f07-4c39-94b5-3b55d6735ea5', 'agent', 'Obrigado pelo retorno!', 'text', NULL, true, '7b6dd712-9428-4531-b46c-e8e7daacf9a1', 'b70992ab-4c75-4ebd-9b7f-8c9b0c053e90', 'sent', '2026-04-29T09:30:14.697833');
INSERT INTO public.messages (id, contact_id, sender, content, message_type, media_url, is_read, whatsapp_connection_id, agent_id, status, created_at) VALUES ('7ccabcec-56a3-4473-825c-1ab2b2bf3054', '46ba8f93-9f07-4c39-94b5-3b55d6735ea5', 'contact', 'Qual o prazo de entrega?', 'text', NULL, false, '7b6dd712-9428-4531-b46c-e8e7daacf9a1', 'b70992ab-4c75-4ebd-9b7f-8c9b0c053e90', 'sent', '2026-04-30T18:24:14.697846');
INSERT INTO public.messages (id, contact_id, sender, content, message_type, media_url, is_read, whatsapp_connection_id, agent_id, status, created_at) VALUES ('28f0b7ed-6eea-415c-801d-85343e6f4fd7', '46ba8f93-9f07-4c39-94b5-3b55d6735ea5', 'contact', 'Geralmente entregamos em 3 dias úteis.', 'text', NULL, true, '7b6dd712-9428-4531-b46c-e8e7daacf9a1', 'b70992ab-4c75-4ebd-9b7f-8c9b0c053e90', 'sent', '2026-04-29T15:20:14.697857');
INSERT INTO public.messages (id, contact_id, sender, content, message_type, media_url, is_read, whatsapp_connection_id, agent_id, status, created_at) VALUES ('c6d0055a-8c8f-4803-a4e5-faad959fa88f', '46ba8f93-9f07-4c39-94b5-3b55d6735ea5', 'agent', 'Perfeito, vou realizar a compra.', 'text', NULL, true, '7b6dd712-9428-4531-b46c-e8e7daacf9a1', 'b70992ab-4c75-4ebd-9b7f-8c9b0c053e90', 'sent', '2026-05-06T11:51:14.697870');
INSERT INTO public.messages (id, contact_id, sender, content, message_type, media_url, is_read, whatsapp_connection_id, agent_id, status, created_at) VALUES ('9831d7a8-bbb5-4db6-a830-e120266ae474', '46ba8f93-9f07-4c39-94b5-3b55d6735ea5', 'contact', 'Temos uma promoção especial para você hoje!', 'text', NULL, false, '7b6dd712-9428-4531-b46c-e8e7daacf9a1', 'b70992ab-4c75-4ebd-9b7f-8c9b0c053e90', 'sent', '2026-04-30T04:45:14.697880');
INSERT INTO public.contacts (id, name, phone, email, whatsapp_connection_id, assigned_to) VALUES ('7fed2a78-a54a-4e6a-965b-6ac5606372eb', 'Isabela Martins', '+5511999990008', 'isabela.martins@example.com', '7b6dd712-9428-4531-b46c-e8e7daacf9a1', 'b70992ab-4c75-4ebd-9b7f-8c9b0c053e90');
INSERT INTO public.conversations (id, contact_id, status, assigned_to, priority, message_count) VALUES ('487cacf6-95c4-4687-8d2c-fec8c0bda520', '7fed2a78-a54a-4e6a-965b-6ac5606372eb', 'closed', 'b70992ab-4c75-4ebd-9b7f-8c9b0c053e90', 'low', 10);
INSERT INTO public.messages (id, contact_id, sender, content, message_type, media_url, is_read, whatsapp_connection_id, agent_id, status, created_at) VALUES ('fe9c7403-3c93-466e-bcd1-200bee611bf1', '7fed2a78-a54a-4e6a-965b-6ac5606372eb', 'contact', 'Olá, tudo bem?', 'text', NULL, false, '7b6dd712-9428-4531-b46c-e8e7daacf9a1', 'b70992ab-4c75-4ebd-9b7f-8c9b0c053e90', 'sent', '2026-04-30T13:27:14.697905');
INSERT INTO public.messages (id, contact_id, sender, content, message_type, media_url, is_read, whatsapp_connection_id, agent_id, status, created_at) VALUES ('1e9bc354-5e53-4d4c-acc5-bf498a9f45d0', '7fed2a78-a54a-4e6a-965b-6ac5606372eb', 'agent', 'Como posso te ajudar hoje?', 'text', NULL, true, '7b6dd712-9428-4531-b46c-e8e7daacf9a1', 'b70992ab-4c75-4ebd-9b7f-8c9b0c053e90', 'sent', '2026-05-03T04:48:14.697916');
INSERT INTO public.messages (id, contact_id, sender, content, message_type, media_url, is_read, whatsapp_connection_id, agent_id, status, created_at) VALUES ('5eed37cf-a05f-43db-9e29-eaca280f8292', '7fed2a78-a54a-4e6a-965b-6ac5606372eb', 'agent', 'Vi que você se interessou pelo nosso produto.', 'text', NULL, true, '7b6dd712-9428-4531-b46c-e8e7daacf9a1', 'b70992ab-4c75-4ebd-9b7f-8c9b0c053e90', 'sent', '2026-05-03T11:19:14.697927');
INSERT INTO public.messages (id, contact_id, sender, content, message_type, media_url, is_read, whatsapp_connection_id, agent_id, status, created_at) VALUES ('20ae02fd-2fe5-4f4c-93d2-a1e8dae7bc53', '7fed2a78-a54a-4e6a-965b-6ac5606372eb', 'contact', 'Poderia me enviar mais detalhes?', 'text', NULL, false, '7b6dd712-9428-4531-b46c-e8e7daacf9a1', 'b70992ab-4c75-4ebd-9b7f-8c9b0c053e90', 'sent', '2026-04-30T10:25:14.697937');
INSERT INTO public.messages (id, contact_id, sender, content, message_type, media_url, is_read, whatsapp_connection_id, agent_id, status, created_at) VALUES ('81dbe88a-91ca-4077-8622-28d2c3238921', '7fed2a78-a54a-4e6a-965b-6ac5606372eb', 'contact', 'Veja esta imagem', 'image', 'https://picsum.photos/400/300', true, '7b6dd712-9428-4531-b46c-e8e7daacf9a1', 'b70992ab-4c75-4ebd-9b7f-8c9b0c053e90', 'sent', '2026-05-04T16:08:14.697950');
INSERT INTO public.messages (id, contact_id, sender, content, message_type, media_url, is_read, whatsapp_connection_id, agent_id, status, created_at) VALUES ('23b638b9-da2b-42ae-a923-96c27526a17b', '7fed2a78-a54a-4e6a-965b-6ac5606372eb', 'agent', 'Obrigado pelo retorno!', 'text', NULL, true, '7b6dd712-9428-4531-b46c-e8e7daacf9a1', 'b70992ab-4c75-4ebd-9b7f-8c9b0c053e90', 'sent', '2026-05-05T21:35:14.697961');
INSERT INTO public.messages (id, contact_id, sender, content, message_type, media_url, is_read, whatsapp_connection_id, agent_id, status, created_at) VALUES ('bf2ca983-c751-4c98-a53b-c67881868f44', '7fed2a78-a54a-4e6a-965b-6ac5606372eb', 'agent', 'Qual o prazo de entrega?', 'text', NULL, true, '7b6dd712-9428-4531-b46c-e8e7daacf9a1', 'b70992ab-4c75-4ebd-9b7f-8c9b0c053e90', 'sent', '2026-04-29T18:02:14.697975');
INSERT INTO public.messages (id, contact_id, sender, content, message_type, media_url, is_read, whatsapp_connection_id, agent_id, status, created_at) VALUES ('3c936010-39ac-463f-af67-0574e24b6f6b', '7fed2a78-a54a-4e6a-965b-6ac5606372eb', 'contact', 'Geralmente entregamos em 3 dias úteis.', 'text', NULL, true, '7b6dd712-9428-4531-b46c-e8e7daacf9a1', 'b70992ab-4c75-4ebd-9b7f-8c9b0c053e90', 'sent', '2026-05-02T04:53:14.697991');
INSERT INTO public.messages (id, contact_id, sender, content, message_type, media_url, is_read, whatsapp_connection_id, agent_id, status, created_at) VALUES ('c7b72a8a-31d4-4e7a-abcc-18f26cf7831a', '7fed2a78-a54a-4e6a-965b-6ac5606372eb', 'agent', 'Perfeito, vou realizar a compra.', 'text', NULL, true, '7b6dd712-9428-4531-b46c-e8e7daacf9a1', 'b70992ab-4c75-4ebd-9b7f-8c9b0c053e90', 'sent', '2026-05-05T11:43:14.698009');
INSERT INTO public.messages (id, contact_id, sender, content, message_type, media_url, is_read, whatsapp_connection_id, agent_id, status, created_at) VALUES ('51fc4401-b02d-407d-bfd5-a840535c4b61', '7fed2a78-a54a-4e6a-965b-6ac5606372eb', 'agent', 'Temos uma promoção especial para você hoje!', 'text', NULL, true, '7b6dd712-9428-4531-b46c-e8e7daacf9a1', 'b70992ab-4c75-4ebd-9b7f-8c9b0c053e90', 'sent', '2026-05-01T00:07:14.698021');
INSERT INTO public.contacts (id, name, phone, email, whatsapp_connection_id, assigned_to) VALUES ('a2cb13ae-8d33-45ef-a87a-7316ee451c01', 'João Ferreira', '+5511999990009', 'joão.ferreira@example.com', '7b6dd712-9428-4531-b46c-e8e7daacf9a1', 'b70992ab-4c75-4ebd-9b7f-8c9b0c053e90');
INSERT INTO public.conversations (id, contact_id, status, assigned_to, priority, message_count) VALUES ('dac80217-82f4-4c6c-9059-09b3455822a0', 'a2cb13ae-8d33-45ef-a87a-7316ee451c01', 'closed', 'b70992ab-4c75-4ebd-9b7f-8c9b0c053e90', 'medium', 10);
INSERT INTO public.messages (id, contact_id, sender, content, message_type, media_url, is_read, whatsapp_connection_id, agent_id, status, created_at) VALUES ('1b24aea8-f685-4c88-a6c3-8019ebcfc9ce', 'a2cb13ae-8d33-45ef-a87a-7316ee451c01', 'contact', 'Olá, tudo bem?', 'text', NULL, true, '7b6dd712-9428-4531-b46c-e8e7daacf9a1', 'b70992ab-4c75-4ebd-9b7f-8c9b0c053e90', 'sent', '2026-05-03T02:33:14.698047');
INSERT INTO public.messages (id, contact_id, sender, content, message_type, media_url, is_read, whatsapp_connection_id, agent_id, status, created_at) VALUES ('5f78219b-aa1e-45c7-92ec-c3582352a3a3', 'a2cb13ae-8d33-45ef-a87a-7316ee451c01', 'agent', 'Como posso te ajudar hoje?', 'text', NULL, true, '7b6dd712-9428-4531-b46c-e8e7daacf9a1', 'b70992ab-4c75-4ebd-9b7f-8c9b0c053e90', 'sent', '2026-04-30T02:38:14.698063');
INSERT INTO public.messages (id, contact_id, sender, content, message_type, media_url, is_read, whatsapp_connection_id, agent_id, status, created_at) VALUES ('25463737-8dbe-4663-93f8-a2a42d97f03d', 'a2cb13ae-8d33-45ef-a87a-7316ee451c01', 'agent', 'Vi que você se interessou pelo nosso produto.', 'text', NULL, true, '7b6dd712-9428-4531-b46c-e8e7daacf9a1', 'b70992ab-4c75-4ebd-9b7f-8c9b0c053e90', 'sent', '2026-05-04T18:15:14.698080');
INSERT INTO public.messages (id, contact_id, sender, content, message_type, media_url, is_read, whatsapp_connection_id, agent_id, status, created_at) VALUES ('9dc671d2-80d8-4c08-aac4-f4ba183580d1', 'a2cb13ae-8d33-45ef-a87a-7316ee451c01', 'contact', 'Poderia me enviar mais detalhes?', 'text', NULL, true, '7b6dd712-9428-4531-b46c-e8e7daacf9a1', 'b70992ab-4c75-4ebd-9b7f-8c9b0c053e90', 'sent', '2026-05-04T16:05:14.698099');
INSERT INTO public.messages (id, contact_id, sender, content, message_type, media_url, is_read, whatsapp_connection_id, agent_id, status, created_at) VALUES ('b3be486c-4bd6-45c8-aa67-1a51a1138ce3', 'a2cb13ae-8d33-45ef-a87a-7316ee451c01', 'agent', 'Veja esta imagem', 'image', 'https://picsum.photos/400/300', true, '7b6dd712-9428-4531-b46c-e8e7daacf9a1', 'b70992ab-4c75-4ebd-9b7f-8c9b0c053e90', 'sent', '2026-05-02T05:12:14.698115');
INSERT INTO public.messages (id, contact_id, sender, content, message_type, media_url, is_read, whatsapp_connection_id, agent_id, status, created_at) VALUES ('9031fb0b-53bf-4b04-95a6-63da29cd55bf', 'a2cb13ae-8d33-45ef-a87a-7316ee451c01', 'agent', 'Obrigado pelo retorno!', 'text', NULL, true, '7b6dd712-9428-4531-b46c-e8e7daacf9a1', 'b70992ab-4c75-4ebd-9b7f-8c9b0c053e90', 'sent', '2026-05-05T18:08:14.698126');
INSERT INTO public.messages (id, contact_id, sender, content, message_type, media_url, is_read, whatsapp_connection_id, agent_id, status, created_at) VALUES ('f0533964-e7a7-48e7-bd90-c04cf027e5fb', 'a2cb13ae-8d33-45ef-a87a-7316ee451c01', 'contact', 'Qual o prazo de entrega?', 'text', NULL, true, '7b6dd712-9428-4531-b46c-e8e7daacf9a1', 'b70992ab-4c75-4ebd-9b7f-8c9b0c053e90', 'sent', '2026-05-06T13:56:14.698137');
INSERT INTO public.messages (id, contact_id, sender, content, message_type, media_url, is_read, whatsapp_connection_id, agent_id, status, created_at) VALUES ('70ede4f6-485f-4863-8e4d-098caf272b39', 'a2cb13ae-8d33-45ef-a87a-7316ee451c01', 'contact', 'Geralmente entregamos em 3 dias úteis.', 'text', NULL, true, '7b6dd712-9428-4531-b46c-e8e7daacf9a1', 'b70992ab-4c75-4ebd-9b7f-8c9b0c053e90', 'sent', '2026-04-30T22:14:14.698148');
INSERT INTO public.messages (id, contact_id, sender, content, message_type, media_url, is_read, whatsapp_connection_id, agent_id, status, created_at) VALUES ('2d936572-93ec-404e-908d-5e41c82dcbd8', 'a2cb13ae-8d33-45ef-a87a-7316ee451c01', 'agent', 'Perfeito, vou realizar a compra.', 'text', NULL, true, '7b6dd712-9428-4531-b46c-e8e7daacf9a1', 'b70992ab-4c75-4ebd-9b7f-8c9b0c053e90', 'sent', '2026-05-04T14:57:14.698164');
INSERT INTO public.messages (id, contact_id, sender, content, message_type, media_url, is_read, whatsapp_connection_id, agent_id, status, created_at) VALUES ('9f4b08fe-80fa-4a63-ba37-388d6d20eb6c', 'a2cb13ae-8d33-45ef-a87a-7316ee451c01', 'contact', 'Temos uma promoção especial para você hoje!', 'text', NULL, true, '7b6dd712-9428-4531-b46c-e8e7daacf9a1', 'b70992ab-4c75-4ebd-9b7f-8c9b0c053e90', 'sent', '2026-05-06T01:33:14.698181');
INSERT INTO public.contacts (id, name, phone, email, whatsapp_connection_id, assigned_to) VALUES ('bef18815-fd65-4bde-88f0-d549c9f70c43', 'Karen Alves', '+5511999990010', 'karen.alves@example.com', '7b6dd712-9428-4531-b46c-e8e7daacf9a1', 'b70992ab-4c75-4ebd-9b7f-8c9b0c053e90');
INSERT INTO public.conversations (id, contact_id, status, assigned_to, priority, message_count) VALUES ('740c6384-fa0e-4ba9-ab00-57b839b88416', 'bef18815-fd65-4bde-88f0-d549c9f70c43', 'closed', 'b70992ab-4c75-4ebd-9b7f-8c9b0c053e90', 'medium', 10);
INSERT INTO public.messages (id, contact_id, sender, content, message_type, media_url, is_read, whatsapp_connection_id, agent_id, status, created_at) VALUES ('dbf3cd6b-d26f-4a3e-a370-633217557555', 'bef18815-fd65-4bde-88f0-d549c9f70c43', 'contact', 'Olá, tudo bem?', 'text', NULL, false, '7b6dd712-9428-4531-b46c-e8e7daacf9a1', 'b70992ab-4c75-4ebd-9b7f-8c9b0c053e90', 'sent', '2026-04-30T08:49:14.698219');
INSERT INTO public.messages (id, contact_id, sender, content, message_type, media_url, is_read, whatsapp_connection_id, agent_id, status, created_at) VALUES ('d4069634-46c2-40eb-bdee-d8bd9bbcc5a4', 'bef18815-fd65-4bde-88f0-d549c9f70c43', 'agent', 'Como posso te ajudar hoje?', 'text', NULL, true, '7b6dd712-9428-4531-b46c-e8e7daacf9a1', 'b70992ab-4c75-4ebd-9b7f-8c9b0c053e90', 'sent', '2026-05-04T13:12:14.698233');
INSERT INTO public.messages (id, contact_id, sender, content, message_type, media_url, is_read, whatsapp_connection_id, agent_id, status, created_at) VALUES ('bca8b083-9a8b-4c38-a005-6d721ef67ff5', 'bef18815-fd65-4bde-88f0-d549c9f70c43', 'agent', 'Vi que você se interessou pelo nosso produto.', 'text', NULL, true, '7b6dd712-9428-4531-b46c-e8e7daacf9a1', 'b70992ab-4c75-4ebd-9b7f-8c9b0c053e90', 'sent', '2026-05-03T18:48:14.698246');
INSERT INTO public.messages (id, contact_id, sender, content, message_type, media_url, is_read, whatsapp_connection_id, agent_id, status, created_at) VALUES ('557b7404-1fe3-4361-8f87-4dcdfc9a1f0b', 'bef18815-fd65-4bde-88f0-d549c9f70c43', 'agent', 'Poderia me enviar mais detalhes?', 'text', NULL, true, '7b6dd712-9428-4531-b46c-e8e7daacf9a1', 'b70992ab-4c75-4ebd-9b7f-8c9b0c053e90', 'sent', '2026-05-03T04:38:14.698262');
INSERT INTO public.messages (id, contact_id, sender, content, message_type, media_url, is_read, whatsapp_connection_id, agent_id, status, created_at) VALUES ('7534aaf5-e549-4810-9e33-3b0d377c252e', 'bef18815-fd65-4bde-88f0-d549c9f70c43', 'agent', 'Veja esta imagem', 'image', 'https://picsum.photos/400/300', true, '7b6dd712-9428-4531-b46c-e8e7daacf9a1', 'b70992ab-4c75-4ebd-9b7f-8c9b0c053e90', 'sent', '2026-04-29T05:42:14.698279');
INSERT INTO public.messages (id, contact_id, sender, content, message_type, media_url, is_read, whatsapp_connection_id, agent_id, status, created_at) VALUES ('3137e380-3d7f-4ce6-a0f8-c4bfaabca864', 'bef18815-fd65-4bde-88f0-d549c9f70c43', 'agent', 'Obrigado pelo retorno!', 'text', NULL, true, '7b6dd712-9428-4531-b46c-e8e7daacf9a1', 'b70992ab-4c75-4ebd-9b7f-8c9b0c053e90', 'sent', '2026-05-06T13:40:14.698296');
INSERT INTO public.messages (id, contact_id, sender, content, message_type, media_url, is_read, whatsapp_connection_id, agent_id, status, created_at) VALUES ('b02e73ee-4f9f-43e1-a48c-fb988e3ba5d2', 'bef18815-fd65-4bde-88f0-d549c9f70c43', 'agent', 'Qual o prazo de entrega?', 'text', NULL, true, '7b6dd712-9428-4531-b46c-e8e7daacf9a1', 'b70992ab-4c75-4ebd-9b7f-8c9b0c053e90', 'sent', '2026-05-03T02:05:14.698315');
INSERT INTO public.messages (id, contact_id, sender, content, message_type, media_url, is_read, whatsapp_connection_id, agent_id, status, created_at) VALUES ('dadcb0de-62f2-4b0f-b84e-7e770e1c4e9f', 'bef18815-fd65-4bde-88f0-d549c9f70c43', 'agent', 'Geralmente entregamos em 3 dias úteis.', 'text', NULL, true, '7b6dd712-9428-4531-b46c-e8e7daacf9a1', 'b70992ab-4c75-4ebd-9b7f-8c9b0c053e90', 'sent', '2026-05-04T06:07:14.698331');
INSERT INTO public.messages (id, contact_id, sender, content, message_type, media_url, is_read, whatsapp_connection_id, agent_id, status, created_at) VALUES ('54a342e1-6b46-4e7e-9204-2e678410ba8d', 'bef18815-fd65-4bde-88f0-d549c9f70c43', 'contact', 'Perfeito, vou realizar a compra.', 'text', NULL, true, '7b6dd712-9428-4531-b46c-e8e7daacf9a1', 'b70992ab-4c75-4ebd-9b7f-8c9b0c053e90', 'sent', '2026-05-02T15:04:14.698347');
INSERT INTO public.messages (id, contact_id, sender, content, message_type, media_url, is_read, whatsapp_connection_id, agent_id, status, created_at) VALUES ('1bdd3def-b8da-436e-9e04-43045d9526c3', 'bef18815-fd65-4bde-88f0-d549c9f70c43', 'contact', 'Temos uma promoção especial para você hoje!', 'text', NULL, false, '7b6dd712-9428-4531-b46c-e8e7daacf9a1', 'b70992ab-4c75-4ebd-9b7f-8c9b0c053e90', 'sent', '2026-04-29T00:24:14.698364');
INSERT INTO public.contacts (id, name, phone, email, whatsapp_connection_id, assigned_to) VALUES ('339ff427-af4d-4f5b-ba98-1308759264cd', 'Lucas Ribeiro', '+5511999990011', 'lucas.ribeiro@example.com', '7b6dd712-9428-4531-b46c-e8e7daacf9a1', 'b70992ab-4c75-4ebd-9b7f-8c9b0c053e90');
INSERT INTO public.conversations (id, contact_id, status, assigned_to, priority, message_count) VALUES ('f08da6f1-18ee-4d0c-ad9b-02fda6930509', '339ff427-af4d-4f5b-ba98-1308759264cd', 'open', 'b70992ab-4c75-4ebd-9b7f-8c9b0c053e90', 'urgent', 10);
INSERT INTO public.messages (id, contact_id, sender, content, message_type, media_url, is_read, whatsapp_connection_id, agent_id, status, created_at) VALUES ('5030fc08-1898-4b10-ae60-ce30a0dfa35d', '339ff427-af4d-4f5b-ba98-1308759264cd', 'contact', 'Olá, tudo bem?', 'text', NULL, false, '7b6dd712-9428-4531-b46c-e8e7daacf9a1', 'b70992ab-4c75-4ebd-9b7f-8c9b0c053e90', 'sent', '2026-05-05T23:17:14.698402');
INSERT INTO public.messages (id, contact_id, sender, content, message_type, media_url, is_read, whatsapp_connection_id, agent_id, status, created_at) VALUES ('52307eaa-ba76-4292-8f58-eb2809225597', '339ff427-af4d-4f5b-ba98-1308759264cd', 'agent', 'Como posso te ajudar hoje?', 'text', NULL, true, '7b6dd712-9428-4531-b46c-e8e7daacf9a1', 'b70992ab-4c75-4ebd-9b7f-8c9b0c053e90', 'sent', '2026-05-04T00:37:14.698419');
INSERT INTO public.messages (id, contact_id, sender, content, message_type, media_url, is_read, whatsapp_connection_id, agent_id, status, created_at) VALUES ('c4716ca7-dacc-4daf-8985-e238e494c33c', '339ff427-af4d-4f5b-ba98-1308759264cd', 'agent', 'Vi que você se interessou pelo nosso produto.', 'text', NULL, true, '7b6dd712-9428-4531-b46c-e8e7daacf9a1', 'b70992ab-4c75-4ebd-9b7f-8c9b0c053e90', 'sent', '2026-04-30T11:44:14.698433');
INSERT INTO public.messages (id, contact_id, sender, content, message_type, media_url, is_read, whatsapp_connection_id, agent_id, status, created_at) VALUES ('b6548e44-24af-4063-9128-3dda4a207ec4', '339ff427-af4d-4f5b-ba98-1308759264cd', 'agent', 'Poderia me enviar mais detalhes?', 'text', NULL, true, '7b6dd712-9428-4531-b46c-e8e7daacf9a1', 'b70992ab-4c75-4ebd-9b7f-8c9b0c053e90', 'sent', '2026-04-29T18:36:14.698448');
INSERT INTO public.messages (id, contact_id, sender, content, message_type, media_url, is_read, whatsapp_connection_id, agent_id, status, created_at) VALUES ('d86e64f3-7f92-4228-a997-5a5369cbb19b', '339ff427-af4d-4f5b-ba98-1308759264cd', 'agent', 'Veja esta imagem', 'image', 'https://picsum.photos/400/300', true, '7b6dd712-9428-4531-b46c-e8e7daacf9a1', 'b70992ab-4c75-4ebd-9b7f-8c9b0c053e90', 'sent', '2026-04-30T03:51:14.698465');
INSERT INTO public.messages (id, contact_id, sender, content, message_type, media_url, is_read, whatsapp_connection_id, agent_id, status, created_at) VALUES ('2f1be0ad-1bd4-43d0-83ad-2f915f4c73c2', '339ff427-af4d-4f5b-ba98-1308759264cd', 'contact', 'Obrigado pelo retorno!', 'text', NULL, false, '7b6dd712-9428-4531-b46c-e8e7daacf9a1', 'b70992ab-4c75-4ebd-9b7f-8c9b0c053e90', 'sent', '2026-05-01T16:26:14.698494');
INSERT INTO public.messages (id, contact_id, sender, content, message_type, media_url, is_read, whatsapp_connection_id, agent_id, status, created_at) VALUES ('09bfcdd3-070a-4a3c-84b0-38667b537470', '339ff427-af4d-4f5b-ba98-1308759264cd', 'contact', 'Qual o prazo de entrega?', 'text', NULL, true, '7b6dd712-9428-4531-b46c-e8e7daacf9a1', 'b70992ab-4c75-4ebd-9b7f-8c9b0c053e90', 'sent', '2026-05-04T05:21:14.698513');
INSERT INTO public.messages (id, contact_id, sender, content, message_type, media_url, is_read, whatsapp_connection_id, agent_id, status, created_at) VALUES ('99daacc5-1c4d-4b46-b89d-9a5ed2feab2f', '339ff427-af4d-4f5b-ba98-1308759264cd', 'contact', 'Geralmente entregamos em 3 dias úteis.', 'text', NULL, false, '7b6dd712-9428-4531-b46c-e8e7daacf9a1', 'b70992ab-4c75-4ebd-9b7f-8c9b0c053e90', 'sent', '2026-05-05T01:43:14.698531');
INSERT INTO public.messages (id, contact_id, sender, content, message_type, media_url, is_read, whatsapp_connection_id, agent_id, status, created_at) VALUES ('4bc50019-00ba-4069-91be-fc516118f1e0', '339ff427-af4d-4f5b-ba98-1308759264cd', 'contact', 'Perfeito, vou realizar a compra.', 'text', NULL, false, '7b6dd712-9428-4531-b46c-e8e7daacf9a1', 'b70992ab-4c75-4ebd-9b7f-8c9b0c053e90', 'sent', '2026-05-04T02:59:14.698548');
INSERT INTO public.messages (id, contact_id, sender, content, message_type, media_url, is_read, whatsapp_connection_id, agent_id, status, created_at) VALUES ('47316843-3b0b-44ce-8ea9-2ed41fe3531e', '339ff427-af4d-4f5b-ba98-1308759264cd', 'contact', 'Temos uma promoção especial para você hoje!', 'text', NULL, false, '7b6dd712-9428-4531-b46c-e8e7daacf9a1', 'b70992ab-4c75-4ebd-9b7f-8c9b0c053e90', 'sent', '2026-05-01T13:25:14.698565');
INSERT INTO public.contacts (id, name, phone, email, whatsapp_connection_id, assigned_to) VALUES ('579e5e5f-9b97-4e01-a310-4b9d33b0aa7c', 'Mariana Gomes', '+5511999990012', 'mariana.gomes@example.com', '7b6dd712-9428-4531-b46c-e8e7daacf9a1', 'b70992ab-4c75-4ebd-9b7f-8c9b0c053e90');
INSERT INTO public.conversations (id, contact_id, status, assigned_to, priority, message_count) VALUES ('3e4f15d0-5221-420e-afc6-f4774759ad7c', '579e5e5f-9b97-4e01-a310-4b9d33b0aa7c', 'closed', 'b70992ab-4c75-4ebd-9b7f-8c9b0c053e90', 'urgent', 10);
INSERT INTO public.messages (id, contact_id, sender, content, message_type, media_url, is_read, whatsapp_connection_id, agent_id, status, created_at) VALUES ('05daccf8-76b9-45f5-99f3-ba6b15dc0657', '579e5e5f-9b97-4e01-a310-4b9d33b0aa7c', 'agent', 'Olá, tudo bem?', 'text', NULL, true, '7b6dd712-9428-4531-b46c-e8e7daacf9a1', 'b70992ab-4c75-4ebd-9b7f-8c9b0c053e90', 'sent', '2026-05-03T11:50:14.698605');
INSERT INTO public.messages (id, contact_id, sender, content, message_type, media_url, is_read, whatsapp_connection_id, agent_id, status, created_at) VALUES ('c0e72054-b2f3-4f59-8d22-3c5f89006636', '579e5e5f-9b97-4e01-a310-4b9d33b0aa7c', 'contact', 'Como posso te ajudar hoje?', 'text', NULL, true, '7b6dd712-9428-4531-b46c-e8e7daacf9a1', 'b70992ab-4c75-4ebd-9b7f-8c9b0c053e90', 'sent', '2026-05-01T08:19:14.698622');
INSERT INTO public.messages (id, contact_id, sender, content, message_type, media_url, is_read, whatsapp_connection_id, agent_id, status, created_at) VALUES ('8df42fc1-f0bd-4e65-9663-e90f78661001', '579e5e5f-9b97-4e01-a310-4b9d33b0aa7c', 'agent', 'Vi que você se interessou pelo nosso produto.', 'text', NULL, true, '7b6dd712-9428-4531-b46c-e8e7daacf9a1', 'b70992ab-4c75-4ebd-9b7f-8c9b0c053e90', 'sent', '2026-05-04T12:11:14.698642');
INSERT INTO public.messages (id, contact_id, sender, content, message_type, media_url, is_read, whatsapp_connection_id, agent_id, status, created_at) VALUES ('ec1ce744-8163-44ef-8c0f-b3aa9815a05e', '579e5e5f-9b97-4e01-a310-4b9d33b0aa7c', 'agent', 'Poderia me enviar mais detalhes?', 'text', NULL, true, '7b6dd712-9428-4531-b46c-e8e7daacf9a1', 'b70992ab-4c75-4ebd-9b7f-8c9b0c053e90', 'sent', '2026-05-06T08:58:14.698660');
INSERT INTO public.messages (id, contact_id, sender, content, message_type, media_url, is_read, whatsapp_connection_id, agent_id, status, created_at) VALUES ('b3241c03-ba32-4494-b158-a6a9bf1148ee', '579e5e5f-9b97-4e01-a310-4b9d33b0aa7c', 'agent', 'Veja esta imagem', 'image', 'https://picsum.photos/400/300', true, '7b6dd712-9428-4531-b46c-e8e7daacf9a1', 'b70992ab-4c75-4ebd-9b7f-8c9b0c053e90', 'sent', '2026-04-29T15:06:14.698676');
INSERT INTO public.messages (id, contact_id, sender, content, message_type, media_url, is_read, whatsapp_connection_id, agent_id, status, created_at) VALUES ('f1962bfd-fc9a-4dae-ac20-78a41a62bb71', '579e5e5f-9b97-4e01-a310-4b9d33b0aa7c', 'agent', 'Obrigado pelo retorno!', 'text', NULL, true, '7b6dd712-9428-4531-b46c-e8e7daacf9a1', 'b70992ab-4c75-4ebd-9b7f-8c9b0c053e90', 'sent', '2026-04-30T15:53:14.698691');
INSERT INTO public.messages (id, contact_id, sender, content, message_type, media_url, is_read, whatsapp_connection_id, agent_id, status, created_at) VALUES ('ec6b559a-f74f-42c8-a104-5da1324b63a6', '579e5e5f-9b97-4e01-a310-4b9d33b0aa7c', 'agent', 'Qual o prazo de entrega?', 'text', NULL, true, '7b6dd712-9428-4531-b46c-e8e7daacf9a1', 'b70992ab-4c75-4ebd-9b7f-8c9b0c053e90', 'sent', '2026-05-02T04:28:14.698708');
INSERT INTO public.messages (id, contact_id, sender, content, message_type, media_url, is_read, whatsapp_connection_id, agent_id, status, created_at) VALUES ('b919f207-15fe-4465-ab61-4c5d2641dfc2', '579e5e5f-9b97-4e01-a310-4b9d33b0aa7c', 'agent', 'Geralmente entregamos em 3 dias úteis.', 'text', NULL, true, '7b6dd712-9428-4531-b46c-e8e7daacf9a1', 'b70992ab-4c75-4ebd-9b7f-8c9b0c053e90', 'sent', '2026-05-02T12:29:14.698724');
INSERT INTO public.messages (id, contact_id, sender, content, message_type, media_url, is_read, whatsapp_connection_id, agent_id, status, created_at) VALUES ('ff6adfc9-6cf4-44ee-92c1-9ee4e83d2954', '579e5e5f-9b97-4e01-a310-4b9d33b0aa7c', 'contact', 'Perfeito, vou realizar a compra.', 'text', NULL, true, '7b6dd712-9428-4531-b46c-e8e7daacf9a1', 'b70992ab-4c75-4ebd-9b7f-8c9b0c053e90', 'sent', '2026-04-30T13:42:14.698746');
INSERT INTO public.messages (id, contact_id, sender, content, message_type, media_url, is_read, whatsapp_connection_id, agent_id, status, created_at) VALUES ('f79cc1f8-8d33-48a6-8e80-b0d379dd7dbc', '579e5e5f-9b97-4e01-a310-4b9d33b0aa7c', 'agent', 'Temos uma promoção especial para você hoje!', 'text', NULL, true, '7b6dd712-9428-4531-b46c-e8e7daacf9a1', 'b70992ab-4c75-4ebd-9b7f-8c9b0c053e90', 'sent', '2026-05-01T06:29:14.698764');
INSERT INTO public.contacts (id, name, phone, email, whatsapp_connection_id, assigned_to) VALUES ('3336924a-feb8-4468-94e8-01d62eedb692', 'Natan Carvalho', '+5511999990013', 'natan.carvalho@example.com', '7b6dd712-9428-4531-b46c-e8e7daacf9a1', 'b70992ab-4c75-4ebd-9b7f-8c9b0c053e90');
INSERT INTO public.conversations (id, contact_id, status, assigned_to, priority, message_count) VALUES ('a492d3b1-e0e1-4fa8-b002-bba18a34d7b7', '3336924a-feb8-4468-94e8-01d62eedb692', 'open', 'b70992ab-4c75-4ebd-9b7f-8c9b0c053e90', 'medium', 10);
INSERT INTO public.messages (id, contact_id, sender, content, message_type, media_url, is_read, whatsapp_connection_id, agent_id, status, created_at) VALUES ('c9a27eee-f045-463f-a512-c4314c63c260', '3336924a-feb8-4468-94e8-01d62eedb692', 'contact', 'Olá, tudo bem?', 'text', NULL, false, '7b6dd712-9428-4531-b46c-e8e7daacf9a1', 'b70992ab-4c75-4ebd-9b7f-8c9b0c053e90', 'sent', '2026-04-30T08:29:14.698809');
INSERT INTO public.messages (id, contact_id, sender, content, message_type, media_url, is_read, whatsapp_connection_id, agent_id, status, created_at) VALUES ('dbc8cee3-a1e8-4d73-8d4a-dc18b4d4d247', '3336924a-feb8-4468-94e8-01d62eedb692', 'agent', 'Como posso te ajudar hoje?', 'text', NULL, true, '7b6dd712-9428-4531-b46c-e8e7daacf9a1', 'b70992ab-4c75-4ebd-9b7f-8c9b0c053e90', 'sent', '2026-04-30T02:10:14.698829');
INSERT INTO public.messages (id, contact_id, sender, content, message_type, media_url, is_read, whatsapp_connection_id, agent_id, status, created_at) VALUES ('ee3d297b-cbe4-42db-be98-b333028ff411', '3336924a-feb8-4468-94e8-01d62eedb692', 'agent', 'Vi que você se interessou pelo nosso produto.', 'text', NULL, true, '7b6dd712-9428-4531-b46c-e8e7daacf9a1', 'b70992ab-4c75-4ebd-9b7f-8c9b0c053e90', 'sent', '2026-05-01T06:43:14.698845');
INSERT INTO public.messages (id, contact_id, sender, content, message_type, media_url, is_read, whatsapp_connection_id, agent_id, status, created_at) VALUES ('b6d924e8-8a5c-4d36-9491-95403854f1ed', '3336924a-feb8-4468-94e8-01d62eedb692', 'contact', 'Poderia me enviar mais detalhes?', 'text', NULL, true, '7b6dd712-9428-4531-b46c-e8e7daacf9a1', 'b70992ab-4c75-4ebd-9b7f-8c9b0c053e90', 'sent', '2026-05-04T14:22:14.698860');
INSERT INTO public.messages (id, contact_id, sender, content, message_type, media_url, is_read, whatsapp_connection_id, agent_id, status, created_at) VALUES ('f3362809-0a6d-4d4b-a5c2-96e6dea5c4ee', '3336924a-feb8-4468-94e8-01d62eedb692', 'contact', 'Veja esta imagem', 'image', 'https://picsum.photos/400/300', false, '7b6dd712-9428-4531-b46c-e8e7daacf9a1', 'b70992ab-4c75-4ebd-9b7f-8c9b0c053e90', 'sent', '2026-05-06T15:05:14.698876');
INSERT INTO public.messages (id, contact_id, sender, content, message_type, media_url, is_read, whatsapp_connection_id, agent_id, status, created_at) VALUES ('eff29ced-c520-4f37-9508-1e1dd9bb462e', '3336924a-feb8-4468-94e8-01d62eedb692', 'agent', 'Obrigado pelo retorno!', 'text', NULL, true, '7b6dd712-9428-4531-b46c-e8e7daacf9a1', 'b70992ab-4c75-4ebd-9b7f-8c9b0c053e90', 'sent', '2026-05-03T21:45:14.698892');
INSERT INTO public.messages (id, contact_id, sender, content, message_type, media_url, is_read, whatsapp_connection_id, agent_id, status, created_at) VALUES ('d266cfd7-c40d-4a40-b4c9-393e1cef388a', '3336924a-feb8-4468-94e8-01d62eedb692', 'contact', 'Qual o prazo de entrega?', 'text', NULL, true, '7b6dd712-9428-4531-b46c-e8e7daacf9a1', 'b70992ab-4c75-4ebd-9b7f-8c9b0c053e90', 'sent', '2026-05-04T22:39:14.698907');
INSERT INTO public.messages (id, contact_id, sender, content, message_type, media_url, is_read, whatsapp_connection_id, agent_id, status, created_at) VALUES ('c3ca1f1e-d918-451d-9f3b-8c0d7d4230f0', '3336924a-feb8-4468-94e8-01d62eedb692', 'contact', 'Geralmente entregamos em 3 dias úteis.', 'text', NULL, true, '7b6dd712-9428-4531-b46c-e8e7daacf9a1', 'b70992ab-4c75-4ebd-9b7f-8c9b0c053e90', 'sent', '2026-04-29T07:51:14.698928');
INSERT INTO public.messages (id, contact_id, sender, content, message_type, media_url, is_read, whatsapp_connection_id, agent_id, status, created_at) VALUES ('f77b4945-faae-47dc-acbd-4d3d5aac6466', '3336924a-feb8-4468-94e8-01d62eedb692', 'agent', 'Perfeito, vou realizar a compra.', 'text', NULL, true, '7b6dd712-9428-4531-b46c-e8e7daacf9a1', 'b70992ab-4c75-4ebd-9b7f-8c9b0c053e90', 'sent', '2026-05-05T16:32:14.698945');
INSERT INTO public.messages (id, contact_id, sender, content, message_type, media_url, is_read, whatsapp_connection_id, agent_id, status, created_at) VALUES ('a12d0a42-b997-4876-9d50-9b7e945f64c4', '3336924a-feb8-4468-94e8-01d62eedb692', 'agent', 'Temos uma promoção especial para você hoje!', 'text', NULL, true, '7b6dd712-9428-4531-b46c-e8e7daacf9a1', 'b70992ab-4c75-4ebd-9b7f-8c9b0c053e90', 'sent', '2026-04-30T08:59:14.698960');
INSERT INTO public.contacts (id, name, phone, email, whatsapp_connection_id, assigned_to) VALUES ('ce9cd247-f9c4-4826-9bab-a6e12195180d', 'Olivia Melo', '+5511999990014', 'olivia.melo@example.com', '7b6dd712-9428-4531-b46c-e8e7daacf9a1', 'b70992ab-4c75-4ebd-9b7f-8c9b0c053e90');
INSERT INTO public.conversations (id, contact_id, status, assigned_to, priority, message_count) VALUES ('3c306103-bc44-44bd-9da7-be295dbc4148', 'ce9cd247-f9c4-4826-9bab-a6e12195180d', 'open', 'b70992ab-4c75-4ebd-9b7f-8c9b0c053e90', 'high', 10);
INSERT INTO public.messages (id, contact_id, sender, content, message_type, media_url, is_read, whatsapp_connection_id, agent_id, status, created_at) VALUES ('dd14f00d-eca4-4117-b800-1bdd3e18cf42', 'ce9cd247-f9c4-4826-9bab-a6e12195180d', 'agent', 'Olá, tudo bem?', 'text', NULL, true, '7b6dd712-9428-4531-b46c-e8e7daacf9a1', 'b70992ab-4c75-4ebd-9b7f-8c9b0c053e90', 'sent', '2026-05-03T11:01:14.698993');
INSERT INTO public.messages (id, contact_id, sender, content, message_type, media_url, is_read, whatsapp_connection_id, agent_id, status, created_at) VALUES ('c33c1d96-ec5a-4a81-9dfb-964d27de648a', 'ce9cd247-f9c4-4826-9bab-a6e12195180d', 'contact', 'Como posso te ajudar hoje?', 'text', NULL, false, '7b6dd712-9428-4531-b46c-e8e7daacf9a1', 'b70992ab-4c75-4ebd-9b7f-8c9b0c053e90', 'sent', '2026-05-03T11:35:14.699010');
INSERT INTO public.messages (id, contact_id, sender, content, message_type, media_url, is_read, whatsapp_connection_id, agent_id, status, created_at) VALUES ('f41f1961-b807-44f2-bbf2-f6cf4038bf5d', 'ce9cd247-f9c4-4826-9bab-a6e12195180d', 'contact', 'Vi que você se interessou pelo nosso produto.', 'text', NULL, false, '7b6dd712-9428-4531-b46c-e8e7daacf9a1', 'b70992ab-4c75-4ebd-9b7f-8c9b0c053e90', 'sent', '2026-05-02T08:31:14.699029');
INSERT INTO public.messages (id, contact_id, sender, content, message_type, media_url, is_read, whatsapp_connection_id, agent_id, status, created_at) VALUES ('5a43c1af-8a84-4441-9a6f-0c70d457a995', 'ce9cd247-f9c4-4826-9bab-a6e12195180d', 'contact', 'Poderia me enviar mais detalhes?', 'text', NULL, false, '7b6dd712-9428-4531-b46c-e8e7daacf9a1', 'b70992ab-4c75-4ebd-9b7f-8c9b0c053e90', 'sent', '2026-05-05T07:18:14.699046');
INSERT INTO public.messages (id, contact_id, sender, content, message_type, media_url, is_read, whatsapp_connection_id, agent_id, status, created_at) VALUES ('00f52182-2998-4c63-8dfd-05662850c660', 'ce9cd247-f9c4-4826-9bab-a6e12195180d', 'contact', 'Veja esta imagem', 'image', 'https://picsum.photos/400/300', false, '7b6dd712-9428-4531-b46c-e8e7daacf9a1', 'b70992ab-4c75-4ebd-9b7f-8c9b0c053e90', 'sent', '2026-05-06T02:07:14.699065');
INSERT INTO public.messages (id, contact_id, sender, content, message_type, media_url, is_read, whatsapp_connection_id, agent_id, status, created_at) VALUES ('04fb2ea2-193e-4a4f-96a4-a5f884337779', 'ce9cd247-f9c4-4826-9bab-a6e12195180d', 'contact', 'Obrigado pelo retorno!', 'text', NULL, true, '7b6dd712-9428-4531-b46c-e8e7daacf9a1', 'b70992ab-4c75-4ebd-9b7f-8c9b0c053e90', 'sent', '2026-05-03T20:15:14.699082');
INSERT INTO public.messages (id, contact_id, sender, content, message_type, media_url, is_read, whatsapp_connection_id, agent_id, status, created_at) VALUES ('1a504e6f-b7f5-438d-8248-c07b1ba5a611', 'ce9cd247-f9c4-4826-9bab-a6e12195180d', 'agent', 'Qual o prazo de entrega?', 'text', NULL, true, '7b6dd712-9428-4531-b46c-e8e7daacf9a1', 'b70992ab-4c75-4ebd-9b7f-8c9b0c053e90', 'sent', '2026-04-30T14:36:14.699100');
INSERT INTO public.messages (id, contact_id, sender, content, message_type, media_url, is_read, whatsapp_connection_id, agent_id, status, created_at) VALUES ('c1646c30-6ddf-4292-b105-a77879aeaee2', 'ce9cd247-f9c4-4826-9bab-a6e12195180d', 'contact', 'Geralmente entregamos em 3 dias úteis.', 'text', NULL, false, '7b6dd712-9428-4531-b46c-e8e7daacf9a1', 'b70992ab-4c75-4ebd-9b7f-8c9b0c053e90', 'sent', '2026-05-05T23:02:14.699116');
INSERT INTO public.messages (id, contact_id, sender, content, message_type, media_url, is_read, whatsapp_connection_id, agent_id, status, created_at) VALUES ('f28f89b6-07d7-40a1-b8c2-c0f18beb31c0', 'ce9cd247-f9c4-4826-9bab-a6e12195180d', 'contact', 'Perfeito, vou realizar a compra.', 'text', NULL, true, '7b6dd712-9428-4531-b46c-e8e7daacf9a1', 'b70992ab-4c75-4ebd-9b7f-8c9b0c053e90', 'sent', '2026-05-03T03:16:14.699135');
INSERT INTO public.messages (id, contact_id, sender, content, message_type, media_url, is_read, whatsapp_connection_id, agent_id, status, created_at) VALUES ('da1f9287-50c1-41cc-b010-c722bf5cec4f', 'ce9cd247-f9c4-4826-9bab-a6e12195180d', 'contact', 'Temos uma promoção especial para você hoje!', 'text', NULL, false, '7b6dd712-9428-4531-b46c-e8e7daacf9a1', 'b70992ab-4c75-4ebd-9b7f-8c9b0c053e90', 'sent', '2026-05-05T19:51:14.699150');
INSERT INTO public.contacts (id, name, phone, email, whatsapp_connection_id, assigned_to) VALUES ('8f5fd3f8-a465-4766-a510-45e9943b428f', 'Pedro Araujo', '+5511999990015', 'pedro.araujo@example.com', '7b6dd712-9428-4531-b46c-e8e7daacf9a1', 'b70992ab-4c75-4ebd-9b7f-8c9b0c053e90');
INSERT INTO public.conversations (id, contact_id, status, assigned_to, priority, message_count) VALUES ('db2064d0-6462-4313-ad2e-1feaa8044201', '8f5fd3f8-a465-4766-a510-45e9943b428f', 'pending', 'b70992ab-4c75-4ebd-9b7f-8c9b0c053e90', 'high', 10);
INSERT INTO public.messages (id, contact_id, sender, content, message_type, media_url, is_read, whatsapp_connection_id, agent_id, status, created_at) VALUES ('20f0052d-6f5d-42c9-a175-9b85122ee065', '8f5fd3f8-a465-4766-a510-45e9943b428f', 'agent', 'Olá, tudo bem?', 'text', NULL, true, '7b6dd712-9428-4531-b46c-e8e7daacf9a1', 'b70992ab-4c75-4ebd-9b7f-8c9b0c053e90', 'sent', '2026-05-01T15:43:14.699186');
INSERT INTO public.messages (id, contact_id, sender, content, message_type, media_url, is_read, whatsapp_connection_id, agent_id, status, created_at) VALUES ('ffe19ddf-8e79-436a-9a77-939aeb7fdbfb', '8f5fd3f8-a465-4766-a510-45e9943b428f', 'agent', 'Como posso te ajudar hoje?', 'text', NULL, true, '7b6dd712-9428-4531-b46c-e8e7daacf9a1', 'b70992ab-4c75-4ebd-9b7f-8c9b0c053e90', 'sent', '2026-05-01T21:42:14.699203');
INSERT INTO public.messages (id, contact_id, sender, content, message_type, media_url, is_read, whatsapp_connection_id, agent_id, status, created_at) VALUES ('a9bc3638-868e-421c-903e-11a0abd98c9e', '8f5fd3f8-a465-4766-a510-45e9943b428f', 'contact', 'Vi que você se interessou pelo nosso produto.', 'text', NULL, false, '7b6dd712-9428-4531-b46c-e8e7daacf9a1', 'b70992ab-4c75-4ebd-9b7f-8c9b0c053e90', 'sent', '2026-05-03T16:12:14.699222');
INSERT INTO public.messages (id, contact_id, sender, content, message_type, media_url, is_read, whatsapp_connection_id, agent_id, status, created_at) VALUES ('bae0a050-6622-4955-8176-8bf418bf0776', '8f5fd3f8-a465-4766-a510-45e9943b428f', 'contact', 'Poderia me enviar mais detalhes?', 'text', NULL, true, '7b6dd712-9428-4531-b46c-e8e7daacf9a1', 'b70992ab-4c75-4ebd-9b7f-8c9b0c053e90', 'sent', '2026-05-06T17:40:14.699238');
INSERT INTO public.messages (id, contact_id, sender, content, message_type, media_url, is_read, whatsapp_connection_id, agent_id, status, created_at) VALUES ('a0954ae2-30f1-4b8c-96f2-bfcc1024ed1c', '8f5fd3f8-a465-4766-a510-45e9943b428f', 'agent', 'Veja esta imagem', 'image', 'https://picsum.photos/400/300', true, '7b6dd712-9428-4531-b46c-e8e7daacf9a1', 'b70992ab-4c75-4ebd-9b7f-8c9b0c053e90', 'sent', '2026-04-30T14:31:14.699254');
INSERT INTO public.messages (id, contact_id, sender, content, message_type, media_url, is_read, whatsapp_connection_id, agent_id, status, created_at) VALUES ('b037b412-cbe3-44e0-bbee-b3b47a90d6e5', '8f5fd3f8-a465-4766-a510-45e9943b428f', 'agent', 'Obrigado pelo retorno!', 'text', NULL, true, '7b6dd712-9428-4531-b46c-e8e7daacf9a1', 'b70992ab-4c75-4ebd-9b7f-8c9b0c053e90', 'sent', '2026-05-03T07:52:14.699270');
INSERT INTO public.messages (id, contact_id, sender, content, message_type, media_url, is_read, whatsapp_connection_id, agent_id, status, created_at) VALUES ('584fcc7a-07dd-4100-8211-5e674823d7f1', '8f5fd3f8-a465-4766-a510-45e9943b428f', 'agent', 'Qual o prazo de entrega?', 'text', NULL, true, '7b6dd712-9428-4531-b46c-e8e7daacf9a1', 'b70992ab-4c75-4ebd-9b7f-8c9b0c053e90', 'sent', '2026-05-04T22:22:14.699286');
INSERT INTO public.messages (id, contact_id, sender, content, message_type, media_url, is_read, whatsapp_connection_id, agent_id, status, created_at) VALUES ('f809089e-301c-4202-9db2-7a81668b329e', '8f5fd3f8-a465-4766-a510-45e9943b428f', 'agent', 'Geralmente entregamos em 3 dias úteis.', 'text', NULL, true, '7b6dd712-9428-4531-b46c-e8e7daacf9a1', 'b70992ab-4c75-4ebd-9b7f-8c9b0c053e90', 'sent', '2026-04-30T00:44:14.699302');
INSERT INTO public.messages (id, contact_id, sender, content, message_type, media_url, is_read, whatsapp_connection_id, agent_id, status, created_at) VALUES ('66db1ff8-39ae-449b-88f8-39c1503aab74', '8f5fd3f8-a465-4766-a510-45e9943b428f', 'agent', 'Perfeito, vou realizar a compra.', 'text', NULL, true, '7b6dd712-9428-4531-b46c-e8e7daacf9a1', 'b70992ab-4c75-4ebd-9b7f-8c9b0c053e90', 'sent', '2026-05-04T02:39:14.699318');
INSERT INTO public.messages (id, contact_id, sender, content, message_type, media_url, is_read, whatsapp_connection_id, agent_id, status, created_at) VALUES ('9d2ce141-ec2c-49ca-9cb9-e5da485c6951', '8f5fd3f8-a465-4766-a510-45e9943b428f', 'contact', 'Temos uma promoção especial para você hoje!', 'text', NULL, true, '7b6dd712-9428-4531-b46c-e8e7daacf9a1', 'b70992ab-4c75-4ebd-9b7f-8c9b0c053e90', 'sent', '2026-05-06T07:24:14.699331');
INSERT INTO public.contacts (id, name, phone, email, whatsapp_connection_id, assigned_to) VALUES ('102838f9-233d-4493-b436-54645d194ebc', 'Quenia Lopes', '+5511999990016', 'quenia.lopes@example.com', '7b6dd712-9428-4531-b46c-e8e7daacf9a1', 'b70992ab-4c75-4ebd-9b7f-8c9b0c053e90');
INSERT INTO public.conversations (id, contact_id, status, assigned_to, priority, message_count) VALUES ('26390eba-5aa2-44f8-a9fb-19fda6d65788', '102838f9-233d-4493-b436-54645d194ebc', 'open', 'b70992ab-4c75-4ebd-9b7f-8c9b0c053e90', 'medium', 10);
INSERT INTO public.messages (id, contact_id, sender, content, message_type, media_url, is_read, whatsapp_connection_id, agent_id, status, created_at) VALUES ('c70a1de4-6236-48c5-b173-7b142c1be753', '102838f9-233d-4493-b436-54645d194ebc', 'agent', 'Olá, tudo bem?', 'text', NULL, true, '7b6dd712-9428-4531-b46c-e8e7daacf9a1', 'b70992ab-4c75-4ebd-9b7f-8c9b0c053e90', 'sent', '2026-05-05T11:15:14.699367');
INSERT INTO public.messages (id, contact_id, sender, content, message_type, media_url, is_read, whatsapp_connection_id, agent_id, status, created_at) VALUES ('75503290-b5c3-42ac-b113-6caab40a0aba', '102838f9-233d-4493-b436-54645d194ebc', 'agent', 'Como posso te ajudar hoje?', 'text', NULL, true, '7b6dd712-9428-4531-b46c-e8e7daacf9a1', 'b70992ab-4c75-4ebd-9b7f-8c9b0c053e90', 'sent', '2026-05-03T04:24:14.699384');
INSERT INTO public.messages (id, contact_id, sender, content, message_type, media_url, is_read, whatsapp_connection_id, agent_id, status, created_at) VALUES ('ab8fe5e8-b660-4b4b-893b-6d41a9d75bbc', '102838f9-233d-4493-b436-54645d194ebc', 'agent', 'Vi que você se interessou pelo nosso produto.', 'text', NULL, true, '7b6dd712-9428-4531-b46c-e8e7daacf9a1', 'b70992ab-4c75-4ebd-9b7f-8c9b0c053e90', 'sent', '2026-05-04T08:25:14.699399');
INSERT INTO public.messages (id, contact_id, sender, content, message_type, media_url, is_read, whatsapp_connection_id, agent_id, status, created_at) VALUES ('3e29cb59-6f62-4fa1-a65d-f424cd15d2cc', '102838f9-233d-4493-b436-54645d194ebc', 'contact', 'Poderia me enviar mais detalhes?', 'text', NULL, true, '7b6dd712-9428-4531-b46c-e8e7daacf9a1', 'b70992ab-4c75-4ebd-9b7f-8c9b0c053e90', 'sent', '2026-05-01T14:24:14.699414');
INSERT INTO public.messages (id, contact_id, sender, content, message_type, media_url, is_read, whatsapp_connection_id, agent_id, status, created_at) VALUES ('f72815ce-22f7-4832-a643-1456710beb3a', '102838f9-233d-4493-b436-54645d194ebc', 'contact', 'Veja esta imagem', 'image', 'https://picsum.photos/400/300', true, '7b6dd712-9428-4531-b46c-e8e7daacf9a1', 'b70992ab-4c75-4ebd-9b7f-8c9b0c053e90', 'sent', '2026-05-06T11:33:14.699430');
INSERT INTO public.messages (id, contact_id, sender, content, message_type, media_url, is_read, whatsapp_connection_id, agent_id, status, created_at) VALUES ('0db3f5f8-080f-48a5-a3c3-959387ca4b4f', '102838f9-233d-4493-b436-54645d194ebc', 'contact', 'Obrigado pelo retorno!', 'text', NULL, false, '7b6dd712-9428-4531-b46c-e8e7daacf9a1', 'b70992ab-4c75-4ebd-9b7f-8c9b0c053e90', 'sent', '2026-05-01T15:58:14.699446');
INSERT INTO public.messages (id, contact_id, sender, content, message_type, media_url, is_read, whatsapp_connection_id, agent_id, status, created_at) VALUES ('f9d89db6-35df-44c0-87ac-ff91d437f02e', '102838f9-233d-4493-b436-54645d194ebc', 'contact', 'Qual o prazo de entrega?', 'text', NULL, false, '7b6dd712-9428-4531-b46c-e8e7daacf9a1', 'b70992ab-4c75-4ebd-9b7f-8c9b0c053e90', 'sent', '2026-05-03T11:13:14.699464');
INSERT INTO public.messages (id, contact_id, sender, content, message_type, media_url, is_read, whatsapp_connection_id, agent_id, status, created_at) VALUES ('d5b4c81b-258f-48c4-bf27-32d3c2c392e1', '102838f9-233d-4493-b436-54645d194ebc', 'agent', 'Geralmente entregamos em 3 dias úteis.', 'text', NULL, true, '7b6dd712-9428-4531-b46c-e8e7daacf9a1', 'b70992ab-4c75-4ebd-9b7f-8c9b0c053e90', 'sent', '2026-05-02T12:01:14.699483');
INSERT INTO public.messages (id, contact_id, sender, content, message_type, media_url, is_read, whatsapp_connection_id, agent_id, status, created_at) VALUES ('5982a840-ecd5-4cdb-af85-781dba731bb6', '102838f9-233d-4493-b436-54645d194ebc', 'contact', 'Perfeito, vou realizar a compra.', 'text', NULL, false, '7b6dd712-9428-4531-b46c-e8e7daacf9a1', 'b70992ab-4c75-4ebd-9b7f-8c9b0c053e90', 'sent', '2026-05-01T14:50:14.699499');
INSERT INTO public.messages (id, contact_id, sender, content, message_type, media_url, is_read, whatsapp_connection_id, agent_id, status, created_at) VALUES ('3ccb0a0f-2eaf-46de-932d-886216c7ecb9', '102838f9-233d-4493-b436-54645d194ebc', 'contact', 'Temos uma promoção especial para você hoje!', 'text', NULL, false, '7b6dd712-9428-4531-b46c-e8e7daacf9a1', 'b70992ab-4c75-4ebd-9b7f-8c9b0c053e90', 'sent', '2026-05-05T03:13:14.699514');
INSERT INTO public.contacts (id, name, phone, email, whatsapp_connection_id, assigned_to) VALUES ('34c20571-1c7d-4904-a0aa-ae0089d4ed6a', 'Rafael Cardoso', '+5511999990017', 'rafael.cardoso@example.com', '7b6dd712-9428-4531-b46c-e8e7daacf9a1', 'b70992ab-4c75-4ebd-9b7f-8c9b0c053e90');
INSERT INTO public.conversations (id, contact_id, status, assigned_to, priority, message_count) VALUES ('ae623418-a23e-4f32-8d08-74b7ca5b8b11', '34c20571-1c7d-4904-a0aa-ae0089d4ed6a', 'pending', 'b70992ab-4c75-4ebd-9b7f-8c9b0c053e90', 'low', 10);
INSERT INTO public.messages (id, contact_id, sender, content, message_type, media_url, is_read, whatsapp_connection_id, agent_id, status, created_at) VALUES ('744fc4b4-9dab-4321-b688-935fa65fcc3a', '34c20571-1c7d-4904-a0aa-ae0089d4ed6a', 'contact', 'Olá, tudo bem?', 'text', NULL, false, '7b6dd712-9428-4531-b46c-e8e7daacf9a1', 'b70992ab-4c75-4ebd-9b7f-8c9b0c053e90', 'sent', '2026-05-03T03:06:14.699552');
INSERT INTO public.messages (id, contact_id, sender, content, message_type, media_url, is_read, whatsapp_connection_id, agent_id, status, created_at) VALUES ('ec651787-fc7f-464c-85d4-8e41f0424959', '34c20571-1c7d-4904-a0aa-ae0089d4ed6a', 'contact', 'Como posso te ajudar hoje?', 'text', NULL, false, '7b6dd712-9428-4531-b46c-e8e7daacf9a1', 'b70992ab-4c75-4ebd-9b7f-8c9b0c053e90', 'sent', '2026-05-02T17:38:14.699570');
INSERT INTO public.messages (id, contact_id, sender, content, message_type, media_url, is_read, whatsapp_connection_id, agent_id, status, created_at) VALUES ('5db8fe65-583c-4fc7-8be3-90364a5e055b', '34c20571-1c7d-4904-a0aa-ae0089d4ed6a', 'contact', 'Vi que você se interessou pelo nosso produto.', 'text', NULL, false, '7b6dd712-9428-4531-b46c-e8e7daacf9a1', 'b70992ab-4c75-4ebd-9b7f-8c9b0c053e90', 'sent', '2026-05-06T16:03:14.699586');
INSERT INTO public.messages (id, contact_id, sender, content, message_type, media_url, is_read, whatsapp_connection_id, agent_id, status, created_at) VALUES ('bb5fe50a-a216-4465-9148-339d7e39a8a8', '34c20571-1c7d-4904-a0aa-ae0089d4ed6a', 'agent', 'Poderia me enviar mais detalhes?', 'text', NULL, true, '7b6dd712-9428-4531-b46c-e8e7daacf9a1', 'b70992ab-4c75-4ebd-9b7f-8c9b0c053e90', 'sent', '2026-04-30T15:11:14.699603');
INSERT INTO public.messages (id, contact_id, sender, content, message_type, media_url, is_read, whatsapp_connection_id, agent_id, status, created_at) VALUES ('69587590-de45-4706-9aa6-e86ac2d59110', '34c20571-1c7d-4904-a0aa-ae0089d4ed6a', 'contact', 'Veja esta imagem', 'image', 'https://picsum.photos/400/300', false, '7b6dd712-9428-4531-b46c-e8e7daacf9a1', 'b70992ab-4c75-4ebd-9b7f-8c9b0c053e90', 'sent', '2026-04-30T21:44:14.699619');
INSERT INTO public.messages (id, contact_id, sender, content, message_type, media_url, is_read, whatsapp_connection_id, agent_id, status, created_at) VALUES ('875dff9b-54c2-48ea-8298-06f7c4221b28', '34c20571-1c7d-4904-a0aa-ae0089d4ed6a', 'agent', 'Obrigado pelo retorno!', 'text', NULL, true, '7b6dd712-9428-4531-b46c-e8e7daacf9a1', 'b70992ab-4c75-4ebd-9b7f-8c9b0c053e90', 'sent', '2026-05-02T12:32:14.699635');
INSERT INTO public.messages (id, contact_id, sender, content, message_type, media_url, is_read, whatsapp_connection_id, agent_id, status, created_at) VALUES ('ff5105af-6df9-445a-a0fd-743f2c7d1f09', '34c20571-1c7d-4904-a0aa-ae0089d4ed6a', 'agent', 'Qual o prazo de entrega?', 'text', NULL, true, '7b6dd712-9428-4531-b46c-e8e7daacf9a1', 'b70992ab-4c75-4ebd-9b7f-8c9b0c053e90', 'sent', '2026-05-03T07:49:14.699651');
INSERT INTO public.messages (id, contact_id, sender, content, message_type, media_url, is_read, whatsapp_connection_id, agent_id, status, created_at) VALUES ('5c8508ca-5b85-4a28-bb8d-3b2c29b0216e', '34c20571-1c7d-4904-a0aa-ae0089d4ed6a', 'contact', 'Geralmente entregamos em 3 dias úteis.', 'text', NULL, false, '7b6dd712-9428-4531-b46c-e8e7daacf9a1', 'b70992ab-4c75-4ebd-9b7f-8c9b0c053e90', 'sent', '2026-04-29T01:14:14.699711');
INSERT INTO public.messages (id, contact_id, sender, content, message_type, media_url, is_read, whatsapp_connection_id, agent_id, status, created_at) VALUES ('9fb48210-836b-4d77-86a4-c8c09d7beede', '34c20571-1c7d-4904-a0aa-ae0089d4ed6a', 'contact', 'Perfeito, vou realizar a compra.', 'text', NULL, true, '7b6dd712-9428-4531-b46c-e8e7daacf9a1', 'b70992ab-4c75-4ebd-9b7f-8c9b0c053e90', 'sent', '2026-05-03T21:41:14.699732');
INSERT INTO public.messages (id, contact_id, sender, content, message_type, media_url, is_read, whatsapp_connection_id, agent_id, status, created_at) VALUES ('eacb77e6-01ba-4297-85d7-ed7bc3bd2b0a', '34c20571-1c7d-4904-a0aa-ae0089d4ed6a', 'contact', 'Temos uma promoção especial para você hoje!', 'text', NULL, true, '7b6dd712-9428-4531-b46c-e8e7daacf9a1', 'b70992ab-4c75-4ebd-9b7f-8c9b0c053e90', 'sent', '2026-05-02T00:54:14.699756');
INSERT INTO public.contacts (id, name, phone, email, whatsapp_connection_id, assigned_to) VALUES ('05780556-8523-49c9-b0f4-6e06151b2cb0', 'Sara Teixeira', '+5511999990018', 'sara.teixeira@example.com', '7b6dd712-9428-4531-b46c-e8e7daacf9a1', 'b70992ab-4c75-4ebd-9b7f-8c9b0c053e90');
INSERT INTO public.conversations (id, contact_id, status, assigned_to, priority, message_count) VALUES ('7f26b491-8032-4c93-9cf1-361b4e27d901', '05780556-8523-49c9-b0f4-6e06151b2cb0', 'closed', 'b70992ab-4c75-4ebd-9b7f-8c9b0c053e90', 'high', 10);
INSERT INTO public.messages (id, contact_id, sender, content, message_type, media_url, is_read, whatsapp_connection_id, agent_id, status, created_at) VALUES ('78749399-9bfe-4f2b-9604-868b7f5e56a2', '05780556-8523-49c9-b0f4-6e06151b2cb0', 'agent', 'Olá, tudo bem?', 'text', NULL, true, '7b6dd712-9428-4531-b46c-e8e7daacf9a1', 'b70992ab-4c75-4ebd-9b7f-8c9b0c053e90', 'sent', '2026-05-04T11:30:14.699788');
INSERT INTO public.messages (id, contact_id, sender, content, message_type, media_url, is_read, whatsapp_connection_id, agent_id, status, created_at) VALUES ('f302a0c8-c7ab-411d-93dd-ac7c2e8e3755', '05780556-8523-49c9-b0f4-6e06151b2cb0', 'contact', 'Como posso te ajudar hoje?', 'text', NULL, true, '7b6dd712-9428-4531-b46c-e8e7daacf9a1', 'b70992ab-4c75-4ebd-9b7f-8c9b0c053e90', 'sent', '2026-05-02T04:41:14.699828');
INSERT INTO public.messages (id, contact_id, sender, content, message_type, media_url, is_read, whatsapp_connection_id, agent_id, status, created_at) VALUES ('2cede4b8-65dd-416b-bc89-ae4bc96946b5', '05780556-8523-49c9-b0f4-6e06151b2cb0', 'contact', 'Vi que você se interessou pelo nosso produto.', 'text', NULL, false, '7b6dd712-9428-4531-b46c-e8e7daacf9a1', 'b70992ab-4c75-4ebd-9b7f-8c9b0c053e90', 'sent', '2026-05-04T16:18:14.699848');
INSERT INTO public.messages (id, contact_id, sender, content, message_type, media_url, is_read, whatsapp_connection_id, agent_id, status, created_at) VALUES ('1ac134b4-5f2a-43c2-9e7b-03ff6a150ba5', '05780556-8523-49c9-b0f4-6e06151b2cb0', 'agent', 'Poderia me enviar mais detalhes?', 'text', NULL, true, '7b6dd712-9428-4531-b46c-e8e7daacf9a1', 'b70992ab-4c75-4ebd-9b7f-8c9b0c053e90', 'sent', '2026-05-05T23:30:14.699865');
INSERT INTO public.messages (id, contact_id, sender, content, message_type, media_url, is_read, whatsapp_connection_id, agent_id, status, created_at) VALUES ('de3428bf-b46d-43e0-ba1e-270c7acab638', '05780556-8523-49c9-b0f4-6e06151b2cb0', 'agent', 'Veja esta imagem', 'image', 'https://picsum.photos/400/300', true, '7b6dd712-9428-4531-b46c-e8e7daacf9a1', 'b70992ab-4c75-4ebd-9b7f-8c9b0c053e90', 'sent', '2026-05-05T19:25:14.699884');
INSERT INTO public.messages (id, contact_id, sender, content, message_type, media_url, is_read, whatsapp_connection_id, agent_id, status, created_at) VALUES ('1c4fb1dc-db1d-4ba0-8ec2-5524bffc4b99', '05780556-8523-49c9-b0f4-6e06151b2cb0', 'contact', 'Obrigado pelo retorno!', 'text', NULL, true, '7b6dd712-9428-4531-b46c-e8e7daacf9a1', 'b70992ab-4c75-4ebd-9b7f-8c9b0c053e90', 'sent', '2026-05-04T07:51:14.699900');
INSERT INTO public.messages (id, contact_id, sender, content, message_type, media_url, is_read, whatsapp_connection_id, agent_id, status, created_at) VALUES ('8f519d14-81dc-423b-bc64-6a3aa0a627a9', '05780556-8523-49c9-b0f4-6e06151b2cb0', 'agent', 'Qual o prazo de entrega?', 'text', NULL, true, '7b6dd712-9428-4531-b46c-e8e7daacf9a1', 'b70992ab-4c75-4ebd-9b7f-8c9b0c053e90', 'sent', '2026-05-01T12:58:14.699913');
INSERT INTO public.messages (id, contact_id, sender, content, message_type, media_url, is_read, whatsapp_connection_id, agent_id, status, created_at) VALUES ('f41d23b7-bd2b-4363-8bb4-71b0782a2441', '05780556-8523-49c9-b0f4-6e06151b2cb0', 'agent', 'Geralmente entregamos em 3 dias úteis.', 'text', NULL, true, '7b6dd712-9428-4531-b46c-e8e7daacf9a1', 'b70992ab-4c75-4ebd-9b7f-8c9b0c053e90', 'sent', '2026-05-01T07:59:14.699923');
INSERT INTO public.messages (id, contact_id, sender, content, message_type, media_url, is_read, whatsapp_connection_id, agent_id, status, created_at) VALUES ('4aa17cfb-8bdc-4c54-afad-1e1c4c2f9b43', '05780556-8523-49c9-b0f4-6e06151b2cb0', 'agent', 'Perfeito, vou realizar a compra.', 'text', NULL, true, '7b6dd712-9428-4531-b46c-e8e7daacf9a1', 'b70992ab-4c75-4ebd-9b7f-8c9b0c053e90', 'sent', '2026-05-05T18:33:14.699933');
INSERT INTO public.messages (id, contact_id, sender, content, message_type, media_url, is_read, whatsapp_connection_id, agent_id, status, created_at) VALUES ('b2473591-09b0-4869-98cc-5a3bd0c3d2a5', '05780556-8523-49c9-b0f4-6e06151b2cb0', 'contact', 'Temos uma promoção especial para você hoje!', 'text', NULL, true, '7b6dd712-9428-4531-b46c-e8e7daacf9a1', 'b70992ab-4c75-4ebd-9b7f-8c9b0c053e90', 'sent', '2026-05-02T13:05:14.699943');
INSERT INTO public.contacts (id, name, phone, email, whatsapp_connection_id, assigned_to) VALUES ('da66f68a-f42f-42c6-af39-325ed9fcef1e', 'Tiago Machado', '+5511999990019', 'tiago.machado@example.com', '7b6dd712-9428-4531-b46c-e8e7daacf9a1', 'b70992ab-4c75-4ebd-9b7f-8c9b0c053e90');
INSERT INTO public.conversations (id, contact_id, status, assigned_to, priority, message_count) VALUES ('a40483d8-05f6-447e-9d52-edebddcbf0de', 'da66f68a-f42f-42c6-af39-325ed9fcef1e', 'open', 'b70992ab-4c75-4ebd-9b7f-8c9b0c053e90', 'low', 10);
INSERT INTO public.messages (id, contact_id, sender, content, message_type, media_url, is_read, whatsapp_connection_id, agent_id, status, created_at) VALUES ('58a8bc55-2c06-41f7-9096-3811a267f940', 'da66f68a-f42f-42c6-af39-325ed9fcef1e', 'agent', 'Olá, tudo bem?', 'text', NULL, true, '7b6dd712-9428-4531-b46c-e8e7daacf9a1', 'b70992ab-4c75-4ebd-9b7f-8c9b0c053e90', 'sent', '2026-04-29T21:01:14.699966');
INSERT INTO public.messages (id, contact_id, sender, content, message_type, media_url, is_read, whatsapp_connection_id, agent_id, status, created_at) VALUES ('ed874d02-40d7-4f95-a83a-7230cfd68e28', 'da66f68a-f42f-42c6-af39-325ed9fcef1e', 'agent', 'Como posso te ajudar hoje?', 'text', NULL, true, '7b6dd712-9428-4531-b46c-e8e7daacf9a1', 'b70992ab-4c75-4ebd-9b7f-8c9b0c053e90', 'sent', '2026-05-02T05:22:14.699976');
INSERT INTO public.messages (id, contact_id, sender, content, message_type, media_url, is_read, whatsapp_connection_id, agent_id, status, created_at) VALUES ('948a4e95-bc2d-4a7f-91ce-30b8b3fe2ec4', 'da66f68a-f42f-42c6-af39-325ed9fcef1e', 'contact', 'Vi que você se interessou pelo nosso produto.', 'text', NULL, false, '7b6dd712-9428-4531-b46c-e8e7daacf9a1', 'b70992ab-4c75-4ebd-9b7f-8c9b0c053e90', 'sent', '2026-05-06T17:33:14.699987');
INSERT INTO public.messages (id, contact_id, sender, content, message_type, media_url, is_read, whatsapp_connection_id, agent_id, status, created_at) VALUES ('58935e14-78aa-4d4f-b461-35cca3c51e4c', 'da66f68a-f42f-42c6-af39-325ed9fcef1e', 'contact', 'Poderia me enviar mais detalhes?', 'text', NULL, true, '7b6dd712-9428-4531-b46c-e8e7daacf9a1', 'b70992ab-4c75-4ebd-9b7f-8c9b0c053e90', 'sent', '2026-05-03T08:32:14.699997');
INSERT INTO public.messages (id, contact_id, sender, content, message_type, media_url, is_read, whatsapp_connection_id, agent_id, status, created_at) VALUES ('2b248e52-2db8-48e7-b579-c87c3dd77aa0', 'da66f68a-f42f-42c6-af39-325ed9fcef1e', 'agent', 'Veja esta imagem', 'image', 'https://picsum.photos/400/300', true, '7b6dd712-9428-4531-b46c-e8e7daacf9a1', 'b70992ab-4c75-4ebd-9b7f-8c9b0c053e90', 'sent', '2026-04-30T07:19:14.700008');
INSERT INTO public.messages (id, contact_id, sender, content, message_type, media_url, is_read, whatsapp_connection_id, agent_id, status, created_at) VALUES ('12101967-c8a8-4530-9aab-b2939d03f51c', 'da66f68a-f42f-42c6-af39-325ed9fcef1e', 'contact', 'Obrigado pelo retorno!', 'text', NULL, true, '7b6dd712-9428-4531-b46c-e8e7daacf9a1', 'b70992ab-4c75-4ebd-9b7f-8c9b0c053e90', 'sent', '2026-04-30T06:16:14.700018');
INSERT INTO public.messages (id, contact_id, sender, content, message_type, media_url, is_read, whatsapp_connection_id, agent_id, status, created_at) VALUES ('c2a06d9a-b78e-4bdc-877e-696ba3b124c1', 'da66f68a-f42f-42c6-af39-325ed9fcef1e', 'agent', 'Qual o prazo de entrega?', 'text', NULL, true, '7b6dd712-9428-4531-b46c-e8e7daacf9a1', 'b70992ab-4c75-4ebd-9b7f-8c9b0c053e90', 'sent', '2026-05-04T11:22:14.700028');
INSERT INTO public.messages (id, contact_id, sender, content, message_type, media_url, is_read, whatsapp_connection_id, agent_id, status, created_at) VALUES ('0e1180e1-64ba-4243-8604-61e33190e1b7', 'da66f68a-f42f-42c6-af39-325ed9fcef1e', 'contact', 'Geralmente entregamos em 3 dias úteis.', 'text', NULL, true, '7b6dd712-9428-4531-b46c-e8e7daacf9a1', 'b70992ab-4c75-4ebd-9b7f-8c9b0c053e90', 'sent', '2026-05-02T13:14:14.700038');
INSERT INTO public.messages (id, contact_id, sender, content, message_type, media_url, is_read, whatsapp_connection_id, agent_id, status, created_at) VALUES ('4fdb0c50-a079-46c5-8dce-57b684374ef0', 'da66f68a-f42f-42c6-af39-325ed9fcef1e', 'contact', 'Perfeito, vou realizar a compra.', 'text', NULL, false, '7b6dd712-9428-4531-b46c-e8e7daacf9a1', 'b70992ab-4c75-4ebd-9b7f-8c9b0c053e90', 'sent', '2026-05-02T17:58:14.700048');
INSERT INTO public.messages (id, contact_id, sender, content, message_type, media_url, is_read, whatsapp_connection_id, agent_id, status, created_at) VALUES ('8e7c6e19-dfc2-4aab-987f-dfabf0df429e', 'da66f68a-f42f-42c6-af39-325ed9fcef1e', 'contact', 'Temos uma promoção especial para você hoje!', 'text', NULL, true, '7b6dd712-9428-4531-b46c-e8e7daacf9a1', 'b70992ab-4c75-4ebd-9b7f-8c9b0c053e90', 'sent', '2026-05-01T23:38:14.700062');
INSERT INTO public.contacts (id, name, phone, email, whatsapp_connection_id, assigned_to) VALUES ('f3f56b9d-5efe-4f9e-924e-e03624919755', 'Ursula Bernardes', '+5511999990020', 'ursula.bernardes@example.com', '7b6dd712-9428-4531-b46c-e8e7daacf9a1', 'b70992ab-4c75-4ebd-9b7f-8c9b0c053e90');
INSERT INTO public.conversations (id, contact_id, status, assigned_to, priority, message_count) VALUES ('8504652b-6251-4da8-b91e-14d62dd7861b', 'f3f56b9d-5efe-4f9e-924e-e03624919755', 'pending', 'b70992ab-4c75-4ebd-9b7f-8c9b0c053e90', 'medium', 10);
INSERT INTO public.messages (id, contact_id, sender, content, message_type, media_url, is_read, whatsapp_connection_id, agent_id, status, created_at) VALUES ('362801af-b756-45c6-a4e5-7688edfd2bba', 'f3f56b9d-5efe-4f9e-924e-e03624919755', 'contact', 'Olá, tudo bem?', 'text', NULL, false, '7b6dd712-9428-4531-b46c-e8e7daacf9a1', 'b70992ab-4c75-4ebd-9b7f-8c9b0c053e90', 'sent', '2026-05-02T06:22:14.700088');
INSERT INTO public.messages (id, contact_id, sender, content, message_type, media_url, is_read, whatsapp_connection_id, agent_id, status, created_at) VALUES ('c04d66e1-980f-4153-b272-f80eda7b0bc0', 'f3f56b9d-5efe-4f9e-924e-e03624919755', 'contact', 'Como posso te ajudar hoje?', 'text', NULL, true, '7b6dd712-9428-4531-b46c-e8e7daacf9a1', 'b70992ab-4c75-4ebd-9b7f-8c9b0c053e90', 'sent', '2026-05-02T15:17:14.700101');
INSERT INTO public.messages (id, contact_id, sender, content, message_type, media_url, is_read, whatsapp_connection_id, agent_id, status, created_at) VALUES ('ad5340d4-c751-46aa-b47e-a3903632e604', 'f3f56b9d-5efe-4f9e-924e-e03624919755', 'agent', 'Vi que você se interessou pelo nosso produto.', 'text', NULL, true, '7b6dd712-9428-4531-b46c-e8e7daacf9a1', 'b70992ab-4c75-4ebd-9b7f-8c9b0c053e90', 'sent', '2026-05-06T08:23:14.700112');
INSERT INTO public.messages (id, contact_id, sender, content, message_type, media_url, is_read, whatsapp_connection_id, agent_id, status, created_at) VALUES ('6834fa3d-4d1c-4794-a098-66aed4db1a0d', 'f3f56b9d-5efe-4f9e-924e-e03624919755', 'contact', 'Poderia me enviar mais detalhes?', 'text', NULL, false, '7b6dd712-9428-4531-b46c-e8e7daacf9a1', 'b70992ab-4c75-4ebd-9b7f-8c9b0c053e90', 'sent', '2026-05-02T13:30:14.700121');
INSERT INTO public.messages (id, contact_id, sender, content, message_type, media_url, is_read, whatsapp_connection_id, agent_id, status, created_at) VALUES ('f1bedf98-3a1e-4b0c-bd1d-f562d449af7d', 'f3f56b9d-5efe-4f9e-924e-e03624919755', 'agent', 'Veja esta imagem', 'image', 'https://picsum.photos/400/300', true, '7b6dd712-9428-4531-b46c-e8e7daacf9a1', 'b70992ab-4c75-4ebd-9b7f-8c9b0c053e90', 'sent', '2026-05-04T23:53:14.700132');
INSERT INTO public.messages (id, contact_id, sender, content, message_type, media_url, is_read, whatsapp_connection_id, agent_id, status, created_at) VALUES ('4f75f06b-38b4-459c-b638-02c5215f492a', 'f3f56b9d-5efe-4f9e-924e-e03624919755', 'contact', 'Obrigado pelo retorno!', 'text', NULL, true, '7b6dd712-9428-4531-b46c-e8e7daacf9a1', 'b70992ab-4c75-4ebd-9b7f-8c9b0c053e90', 'sent', '2026-05-03T16:09:14.700142');
INSERT INTO public.messages (id, contact_id, sender, content, message_type, media_url, is_read, whatsapp_connection_id, agent_id, status, created_at) VALUES ('886c4d7c-58c2-45ae-8d9a-ed0c60961d99', 'f3f56b9d-5efe-4f9e-924e-e03624919755', 'contact', 'Qual o prazo de entrega?', 'text', NULL, false, '7b6dd712-9428-4531-b46c-e8e7daacf9a1', 'b70992ab-4c75-4ebd-9b7f-8c9b0c053e90', 'sent', '2026-04-29T07:23:14.700153');
INSERT INTO public.messages (id, contact_id, sender, content, message_type, media_url, is_read, whatsapp_connection_id, agent_id, status, created_at) VALUES ('108d00e1-e85c-4cf0-b5d8-b35d92458702', 'f3f56b9d-5efe-4f9e-924e-e03624919755', 'agent', 'Geralmente entregamos em 3 dias úteis.', 'text', NULL, true, '7b6dd712-9428-4531-b46c-e8e7daacf9a1', 'b70992ab-4c75-4ebd-9b7f-8c9b0c053e90', 'sent', '2026-05-01T12:57:14.700163');
INSERT INTO public.messages (id, contact_id, sender, content, message_type, media_url, is_read, whatsapp_connection_id, agent_id, status, created_at) VALUES ('2c71bf8a-c5c1-46c0-b06f-b73ce56be70d', 'f3f56b9d-5efe-4f9e-924e-e03624919755', 'contact', 'Perfeito, vou realizar a compra.', 'text', NULL, true, '7b6dd712-9428-4531-b46c-e8e7daacf9a1', 'b70992ab-4c75-4ebd-9b7f-8c9b0c053e90', 'sent', '2026-05-03T10:44:14.700173');
INSERT INTO public.messages (id, contact_id, sender, content, message_type, media_url, is_read, whatsapp_connection_id, agent_id, status, created_at) VALUES ('d2ce7a2b-049e-4d78-94e0-3a09817f7270', 'f3f56b9d-5efe-4f9e-924e-e03624919755', 'agent', 'Temos uma promoção especial para você hoje!', 'text', NULL, true, '7b6dd712-9428-4531-b46c-e8e7daacf9a1', 'b70992ab-4c75-4ebd-9b7f-8c9b0c053e90', 'sent', '2026-05-01T23:31:14.700185');
INSERT INTO public.contacts (id, name, phone, email, whatsapp_connection_id, assigned_to) VALUES ('95381473-4e8e-4a38-93ca-ba54a76d3413', 'Vitor Barros', '+5511999990021', 'vitor.barros@example.com', '7b6dd712-9428-4531-b46c-e8e7daacf9a1', 'b70992ab-4c75-4ebd-9b7f-8c9b0c053e90');
INSERT INTO public.conversations (id, contact_id, status, assigned_to, priority, message_count) VALUES ('81c4dc8a-6dfd-41ae-a7a6-9f3b1effbaf9', '95381473-4e8e-4a38-93ca-ba54a76d3413', 'open', 'b70992ab-4c75-4ebd-9b7f-8c9b0c053e90', 'urgent', 10);
INSERT INTO public.messages (id, contact_id, sender, content, message_type, media_url, is_read, whatsapp_connection_id, agent_id, status, created_at) VALUES ('947e9cc9-8665-4c26-bbd8-96da63c2437b', '95381473-4e8e-4a38-93ca-ba54a76d3413', 'agent', 'Olá, tudo bem?', 'text', NULL, true, '7b6dd712-9428-4531-b46c-e8e7daacf9a1', 'b70992ab-4c75-4ebd-9b7f-8c9b0c053e90', 'sent', '2026-05-05T17:47:14.700208');
INSERT INTO public.messages (id, contact_id, sender, content, message_type, media_url, is_read, whatsapp_connection_id, agent_id, status, created_at) VALUES ('aa1fb2b7-4841-43ce-9538-2d510de5947d', '95381473-4e8e-4a38-93ca-ba54a76d3413', 'contact', 'Como posso te ajudar hoje?', 'text', NULL, true, '7b6dd712-9428-4531-b46c-e8e7daacf9a1', 'b70992ab-4c75-4ebd-9b7f-8c9b0c053e90', 'sent', '2026-05-05T19:00:14.700218');
INSERT INTO public.messages (id, contact_id, sender, content, message_type, media_url, is_read, whatsapp_connection_id, agent_id, status, created_at) VALUES ('7f6eb970-39e6-42bb-aa11-0d6b5bfb2723', '95381473-4e8e-4a38-93ca-ba54a76d3413', 'agent', 'Vi que você se interessou pelo nosso produto.', 'text', NULL, true, '7b6dd712-9428-4531-b46c-e8e7daacf9a1', 'b70992ab-4c75-4ebd-9b7f-8c9b0c053e90', 'sent', '2026-05-04T04:41:14.700228');
INSERT INTO public.messages (id, contact_id, sender, content, message_type, media_url, is_read, whatsapp_connection_id, agent_id, status, created_at) VALUES ('511805cb-2965-4dc1-aa89-0c719d4f4087', '95381473-4e8e-4a38-93ca-ba54a76d3413', 'contact', 'Poderia me enviar mais detalhes?', 'text', NULL, false, '7b6dd712-9428-4531-b46c-e8e7daacf9a1', 'b70992ab-4c75-4ebd-9b7f-8c9b0c053e90', 'sent', '2026-05-06T17:09:14.700238');
INSERT INTO public.messages (id, contact_id, sender, content, message_type, media_url, is_read, whatsapp_connection_id, agent_id, status, created_at) VALUES ('4d6aa222-ac92-4991-8296-5f30d17543dc', '95381473-4e8e-4a38-93ca-ba54a76d3413', 'agent', 'Veja esta imagem', 'image', 'https://picsum.photos/400/300', true, '7b6dd712-9428-4531-b46c-e8e7daacf9a1', 'b70992ab-4c75-4ebd-9b7f-8c9b0c053e90', 'sent', '2026-05-04T18:26:14.700248');
INSERT INTO public.messages (id, contact_id, sender, content, message_type, media_url, is_read, whatsapp_connection_id, agent_id, status, created_at) VALUES ('f8ceafcd-9827-4914-8939-ec864e7cac15', '95381473-4e8e-4a38-93ca-ba54a76d3413', 'contact', 'Obrigado pelo retorno!', 'text', NULL, false, '7b6dd712-9428-4531-b46c-e8e7daacf9a1', 'b70992ab-4c75-4ebd-9b7f-8c9b0c053e90', 'sent', '2026-05-02T10:22:14.700258');
INSERT INTO public.messages (id, contact_id, sender, content, message_type, media_url, is_read, whatsapp_connection_id, agent_id, status, created_at) VALUES ('5c85918f-030e-4fb1-9812-5bc69461803f', '95381473-4e8e-4a38-93ca-ba54a76d3413', 'agent', 'Qual o prazo de entrega?', 'text', NULL, true, '7b6dd712-9428-4531-b46c-e8e7daacf9a1', 'b70992ab-4c75-4ebd-9b7f-8c9b0c053e90', 'sent', '2026-05-05T03:24:14.700268');
INSERT INTO public.messages (id, contact_id, sender, content, message_type, media_url, is_read, whatsapp_connection_id, agent_id, status, created_at) VALUES ('3a400b6c-1b8f-4936-bf10-d35a940c8086', '95381473-4e8e-4a38-93ca-ba54a76d3413', 'agent', 'Geralmente entregamos em 3 dias úteis.', 'text', NULL, true, '7b6dd712-9428-4531-b46c-e8e7daacf9a1', 'b70992ab-4c75-4ebd-9b7f-8c9b0c053e90', 'sent', '2026-05-03T05:57:14.700283');
INSERT INTO public.messages (id, contact_id, sender, content, message_type, media_url, is_read, whatsapp_connection_id, agent_id, status, created_at) VALUES ('3e23fa4f-dc30-40a6-8f7c-2d2d94aa1ab7', '95381473-4e8e-4a38-93ca-ba54a76d3413', 'contact', 'Perfeito, vou realizar a compra.', 'text', NULL, true, '7b6dd712-9428-4531-b46c-e8e7daacf9a1', 'b70992ab-4c75-4ebd-9b7f-8c9b0c053e90', 'sent', '2026-04-30T14:33:14.700293');
INSERT INTO public.messages (id, contact_id, sender, content, message_type, media_url, is_read, whatsapp_connection_id, agent_id, status, created_at) VALUES ('d4c5b75d-a45f-4466-a3f9-344a72c555d8', '95381473-4e8e-4a38-93ca-ba54a76d3413', 'contact', 'Temos uma promoção especial para você hoje!', 'text', NULL, true, '7b6dd712-9428-4531-b46c-e8e7daacf9a1', 'b70992ab-4c75-4ebd-9b7f-8c9b0c053e90', 'sent', '2026-05-03T14:17:14.700303');
INSERT INTO public.contacts (id, name, phone, email, whatsapp_connection_id, assigned_to) VALUES ('627d6e0c-431a-4c48-99ab-7f419abffe73', 'Wagner Antunes', '+5511999990022', 'wagner.antunes@example.com', '7b6dd712-9428-4531-b46c-e8e7daacf9a1', 'b70992ab-4c75-4ebd-9b7f-8c9b0c053e90');
INSERT INTO public.conversations (id, contact_id, status, assigned_to, priority, message_count) VALUES ('3cffa9e0-c829-4b5e-ab99-53791bb67d0c', '627d6e0c-431a-4c48-99ab-7f419abffe73', 'pending', 'b70992ab-4c75-4ebd-9b7f-8c9b0c053e90', 'high', 10);
INSERT INTO public.messages (id, contact_id, sender, content, message_type, media_url, is_read, whatsapp_connection_id, agent_id, status, created_at) VALUES ('2d2d14a9-beb9-4b5c-9308-402817320eea', '627d6e0c-431a-4c48-99ab-7f419abffe73', 'contact', 'Olá, tudo bem?', 'text', NULL, true, '7b6dd712-9428-4531-b46c-e8e7daacf9a1', 'b70992ab-4c75-4ebd-9b7f-8c9b0c053e90', 'sent', '2026-04-30T21:54:14.700326');
INSERT INTO public.messages (id, contact_id, sender, content, message_type, media_url, is_read, whatsapp_connection_id, agent_id, status, created_at) VALUES ('2ebf1a2d-2065-4f68-a6e6-b9513856d5af', '627d6e0c-431a-4c48-99ab-7f419abffe73', 'agent', 'Como posso te ajudar hoje?', 'text', NULL, true, '7b6dd712-9428-4531-b46c-e8e7daacf9a1', 'b70992ab-4c75-4ebd-9b7f-8c9b0c053e90', 'sent', '2026-05-05T17:14:14.700336');
INSERT INTO public.messages (id, contact_id, sender, content, message_type, media_url, is_read, whatsapp_connection_id, agent_id, status, created_at) VALUES ('db2ec649-7d9b-46a5-8844-3b310c5e6c5b', '627d6e0c-431a-4c48-99ab-7f419abffe73', 'agent', 'Vi que você se interessou pelo nosso produto.', 'text', NULL, true, '7b6dd712-9428-4531-b46c-e8e7daacf9a1', 'b70992ab-4c75-4ebd-9b7f-8c9b0c053e90', 'sent', '2026-04-28T22:37:14.700346');
INSERT INTO public.messages (id, contact_id, sender, content, message_type, media_url, is_read, whatsapp_connection_id, agent_id, status, created_at) VALUES ('d69ccf0d-9db1-45d2-b4d5-f07bfb6242bb', '627d6e0c-431a-4c48-99ab-7f419abffe73', 'contact', 'Poderia me enviar mais detalhes?', 'text', NULL, true, '7b6dd712-9428-4531-b46c-e8e7daacf9a1', 'b70992ab-4c75-4ebd-9b7f-8c9b0c053e90', 'sent', '2026-04-30T06:59:14.700356');
INSERT INTO public.messages (id, contact_id, sender, content, message_type, media_url, is_read, whatsapp_connection_id, agent_id, status, created_at) VALUES ('bcd14837-e449-4b75-aed0-b827c5ca0e74', '627d6e0c-431a-4c48-99ab-7f419abffe73', 'contact', 'Veja esta imagem', 'image', 'https://picsum.photos/400/300', true, '7b6dd712-9428-4531-b46c-e8e7daacf9a1', 'b70992ab-4c75-4ebd-9b7f-8c9b0c053e90', 'sent', '2026-04-29T07:05:14.700366');
INSERT INTO public.messages (id, contact_id, sender, content, message_type, media_url, is_read, whatsapp_connection_id, agent_id, status, created_at) VALUES ('fe53c05a-9338-4a01-b658-12e49aaf1eb0', '627d6e0c-431a-4c48-99ab-7f419abffe73', 'agent', 'Obrigado pelo retorno!', 'text', NULL, true, '7b6dd712-9428-4531-b46c-e8e7daacf9a1', 'b70992ab-4c75-4ebd-9b7f-8c9b0c053e90', 'sent', '2026-04-28T21:35:14.700377');
INSERT INTO public.messages (id, contact_id, sender, content, message_type, media_url, is_read, whatsapp_connection_id, agent_id, status, created_at) VALUES ('8bdcded0-b6a1-46a1-8fb4-aef0cbd52e66', '627d6e0c-431a-4c48-99ab-7f419abffe73', 'contact', 'Qual o prazo de entrega?', 'text', NULL, true, '7b6dd712-9428-4531-b46c-e8e7daacf9a1', 'b70992ab-4c75-4ebd-9b7f-8c9b0c053e90', 'sent', '2026-05-01T03:51:14.700387');
INSERT INTO public.messages (id, contact_id, sender, content, message_type, media_url, is_read, whatsapp_connection_id, agent_id, status, created_at) VALUES ('0aea36dd-b65b-4696-a850-a15fce0f2dd5', '627d6e0c-431a-4c48-99ab-7f419abffe73', 'contact', 'Geralmente entregamos em 3 dias úteis.', 'text', NULL, true, '7b6dd712-9428-4531-b46c-e8e7daacf9a1', 'b70992ab-4c75-4ebd-9b7f-8c9b0c053e90', 'sent', '2026-05-02T05:42:14.700398');
INSERT INTO public.messages (id, contact_id, sender, content, message_type, media_url, is_read, whatsapp_connection_id, agent_id, status, created_at) VALUES ('5b64ead5-934d-4153-8b69-6daebe223bf8', '627d6e0c-431a-4c48-99ab-7f419abffe73', 'contact', 'Perfeito, vou realizar a compra.', 'text', NULL, true, '7b6dd712-9428-4531-b46c-e8e7daacf9a1', 'b70992ab-4c75-4ebd-9b7f-8c9b0c053e90', 'sent', '2026-05-05T01:07:14.700411');
INSERT INTO public.messages (id, contact_id, sender, content, message_type, media_url, is_read, whatsapp_connection_id, agent_id, status, created_at) VALUES ('2c76d25d-ae58-4b0d-a9ca-ff19926a19f1', '627d6e0c-431a-4c48-99ab-7f419abffe73', 'contact', 'Temos uma promoção especial para você hoje!', 'text', NULL, false, '7b6dd712-9428-4531-b46c-e8e7daacf9a1', 'b70992ab-4c75-4ebd-9b7f-8c9b0c053e90', 'sent', '2026-05-01T05:17:14.700421');
INSERT INTO public.contacts (id, name, phone, email, whatsapp_connection_id, assigned_to) VALUES ('af6d1a69-4b71-4ad2-b4d2-53e38e4e3965', 'Xavier Nazario', '+5511999990023', 'xavier.nazario@example.com', '7b6dd712-9428-4531-b46c-e8e7daacf9a1', 'b70992ab-4c75-4ebd-9b7f-8c9b0c053e90');
INSERT INTO public.conversations (id, contact_id, status, assigned_to, priority, message_count) VALUES ('9bd49e76-4927-491b-bb29-53c29a786128', 'af6d1a69-4b71-4ad2-b4d2-53e38e4e3965', 'pending', 'b70992ab-4c75-4ebd-9b7f-8c9b0c053e90', 'high', 10);
INSERT INTO public.messages (id, contact_id, sender, content, message_type, media_url, is_read, whatsapp_connection_id, agent_id, status, created_at) VALUES ('fee8ef37-6732-48b2-b9c3-41182469beb4', 'af6d1a69-4b71-4ad2-b4d2-53e38e4e3965', 'contact', 'Olá, tudo bem?', 'text', NULL, false, '7b6dd712-9428-4531-b46c-e8e7daacf9a1', 'b70992ab-4c75-4ebd-9b7f-8c9b0c053e90', 'sent', '2026-04-29T14:20:14.700455');
INSERT INTO public.messages (id, contact_id, sender, content, message_type, media_url, is_read, whatsapp_connection_id, agent_id, status, created_at) VALUES ('6a6afd8d-1ffd-4f73-86a2-df5ecc342653', 'af6d1a69-4b71-4ad2-b4d2-53e38e4e3965', 'contact', 'Como posso te ajudar hoje?', 'text', NULL, true, '7b6dd712-9428-4531-b46c-e8e7daacf9a1', 'b70992ab-4c75-4ebd-9b7f-8c9b0c053e90', 'sent', '2026-05-03T07:15:14.700472');
INSERT INTO public.messages (id, contact_id, sender, content, message_type, media_url, is_read, whatsapp_connection_id, agent_id, status, created_at) VALUES ('791c9b07-2167-4cb3-83c4-73e1d0f48cbc', 'af6d1a69-4b71-4ad2-b4d2-53e38e4e3965', 'agent', 'Vi que você se interessou pelo nosso produto.', 'text', NULL, true, '7b6dd712-9428-4531-b46c-e8e7daacf9a1', 'b70992ab-4c75-4ebd-9b7f-8c9b0c053e90', 'sent', '2026-04-30T18:04:14.700485');
INSERT INTO public.messages (id, contact_id, sender, content, message_type, media_url, is_read, whatsapp_connection_id, agent_id, status, created_at) VALUES ('18ebc45b-9aac-4584-9ce1-df5b3cac91b2', 'af6d1a69-4b71-4ad2-b4d2-53e38e4e3965', 'agent', 'Poderia me enviar mais detalhes?', 'text', NULL, true, '7b6dd712-9428-4531-b46c-e8e7daacf9a1', 'b70992ab-4c75-4ebd-9b7f-8c9b0c053e90', 'sent', '2026-05-05T10:53:14.700497');
INSERT INTO public.messages (id, contact_id, sender, content, message_type, media_url, is_read, whatsapp_connection_id, agent_id, status, created_at) VALUES ('8bf62388-f58a-4f05-8b44-c81fd7b8ae7e', 'af6d1a69-4b71-4ad2-b4d2-53e38e4e3965', 'contact', 'Veja esta imagem', 'image', 'https://picsum.photos/400/300', true, '7b6dd712-9428-4531-b46c-e8e7daacf9a1', 'b70992ab-4c75-4ebd-9b7f-8c9b0c053e90', 'sent', '2026-04-30T18:42:14.700507');
INSERT INTO public.messages (id, contact_id, sender, content, message_type, media_url, is_read, whatsapp_connection_id, agent_id, status, created_at) VALUES ('8328653a-0337-43be-94d1-ef4db9eb6318', 'af6d1a69-4b71-4ad2-b4d2-53e38e4e3965', 'agent', 'Obrigado pelo retorno!', 'text', NULL, true, '7b6dd712-9428-4531-b46c-e8e7daacf9a1', 'b70992ab-4c75-4ebd-9b7f-8c9b0c053e90', 'sent', '2026-05-06T14:51:14.700517');
INSERT INTO public.messages (id, contact_id, sender, content, message_type, media_url, is_read, whatsapp_connection_id, agent_id, status, created_at) VALUES ('2323346a-248a-4c63-be64-ccd43c6cba18', 'af6d1a69-4b71-4ad2-b4d2-53e38e4e3965', 'contact', 'Qual o prazo de entrega?', 'text', NULL, true, '7b6dd712-9428-4531-b46c-e8e7daacf9a1', 'b70992ab-4c75-4ebd-9b7f-8c9b0c053e90', 'sent', '2026-05-03T01:15:14.700527');
INSERT INTO public.messages (id, contact_id, sender, content, message_type, media_url, is_read, whatsapp_connection_id, agent_id, status, created_at) VALUES ('c2bae4b6-bf11-4b26-994f-758a466e03c6', 'af6d1a69-4b71-4ad2-b4d2-53e38e4e3965', 'contact', 'Geralmente entregamos em 3 dias úteis.', 'text', NULL, false, '7b6dd712-9428-4531-b46c-e8e7daacf9a1', 'b70992ab-4c75-4ebd-9b7f-8c9b0c053e90', 'sent', '2026-05-03T16:29:14.700537');
INSERT INTO public.messages (id, contact_id, sender, content, message_type, media_url, is_read, whatsapp_connection_id, agent_id, status, created_at) VALUES ('d0faf5c7-c503-476a-bf95-7fbe153eb999', 'af6d1a69-4b71-4ad2-b4d2-53e38e4e3965', 'contact', 'Perfeito, vou realizar a compra.', 'text', NULL, true, '7b6dd712-9428-4531-b46c-e8e7daacf9a1', 'b70992ab-4c75-4ebd-9b7f-8c9b0c053e90', 'sent', '2026-05-01T01:50:14.700547');
INSERT INTO public.messages (id, contact_id, sender, content, message_type, media_url, is_read, whatsapp_connection_id, agent_id, status, created_at) VALUES ('a4130376-7043-435c-aea3-7129114bc9b0', 'af6d1a69-4b71-4ad2-b4d2-53e38e4e3965', 'agent', 'Temos uma promoção especial para você hoje!', 'text', NULL, true, '7b6dd712-9428-4531-b46c-e8e7daacf9a1', 'b70992ab-4c75-4ebd-9b7f-8c9b0c053e90', 'sent', '2026-05-06T01:54:14.700558');
INSERT INTO public.contacts (id, name, phone, email, whatsapp_connection_id, assigned_to) VALUES ('46d0300c-f2b5-49f7-ad7a-18f6ffccb488', 'Yara Pinheiro', '+5511999990024', 'yara.pinheiro@example.com', '7b6dd712-9428-4531-b46c-e8e7daacf9a1', 'b70992ab-4c75-4ebd-9b7f-8c9b0c053e90');
INSERT INTO public.conversations (id, contact_id, status, assigned_to, priority, message_count) VALUES ('0c183117-ce4d-4390-a05d-b6eab4c7449e', '46d0300c-f2b5-49f7-ad7a-18f6ffccb488', 'open', 'b70992ab-4c75-4ebd-9b7f-8c9b0c053e90', 'urgent', 10);
INSERT INTO public.messages (id, contact_id, sender, content, message_type, media_url, is_read, whatsapp_connection_id, agent_id, status, created_at) VALUES ('07f6d763-065e-4d50-aa49-97821272d80a', '46d0300c-f2b5-49f7-ad7a-18f6ffccb488', 'contact', 'Olá, tudo bem?', 'text', NULL, true, '7b6dd712-9428-4531-b46c-e8e7daacf9a1', 'b70992ab-4c75-4ebd-9b7f-8c9b0c053e90', 'sent', '2026-05-06T12:33:14.700582');
INSERT INTO public.messages (id, contact_id, sender, content, message_type, media_url, is_read, whatsapp_connection_id, agent_id, status, created_at) VALUES ('643ffd2d-dc88-499c-aa1c-9bf36ab49f19', '46d0300c-f2b5-49f7-ad7a-18f6ffccb488', 'contact', 'Como posso te ajudar hoje?', 'text', NULL, true, '7b6dd712-9428-4531-b46c-e8e7daacf9a1', 'b70992ab-4c75-4ebd-9b7f-8c9b0c053e90', 'sent', '2026-05-06T08:29:14.700594');
INSERT INTO public.messages (id, contact_id, sender, content, message_type, media_url, is_read, whatsapp_connection_id, agent_id, status, created_at) VALUES ('11e9dad1-2e0e-4d50-b069-dba1fd802573', '46d0300c-f2b5-49f7-ad7a-18f6ffccb488', 'agent', 'Vi que você se interessou pelo nosso produto.', 'text', NULL, true, '7b6dd712-9428-4531-b46c-e8e7daacf9a1', 'b70992ab-4c75-4ebd-9b7f-8c9b0c053e90', 'sent', '2026-04-28T20:46:14.700605');
INSERT INTO public.messages (id, contact_id, sender, content, message_type, media_url, is_read, whatsapp_connection_id, agent_id, status, created_at) VALUES ('78ae5b38-4766-4f2e-9554-4d5a16ab36dc', '46d0300c-f2b5-49f7-ad7a-18f6ffccb488', 'contact', 'Poderia me enviar mais detalhes?', 'text', NULL, false, '7b6dd712-9428-4531-b46c-e8e7daacf9a1', 'b70992ab-4c75-4ebd-9b7f-8c9b0c053e90', 'sent', '2026-04-29T04:16:14.700615');
INSERT INTO public.messages (id, contact_id, sender, content, message_type, media_url, is_read, whatsapp_connection_id, agent_id, status, created_at) VALUES ('a75d25dc-6a1e-4626-b686-3ad55bbbd1b1', '46d0300c-f2b5-49f7-ad7a-18f6ffccb488', 'agent', 'Veja esta imagem', 'image', 'https://picsum.photos/400/300', true, '7b6dd712-9428-4531-b46c-e8e7daacf9a1', 'b70992ab-4c75-4ebd-9b7f-8c9b0c053e90', 'sent', '2026-05-06T04:58:14.700625');
INSERT INTO public.messages (id, contact_id, sender, content, message_type, media_url, is_read, whatsapp_connection_id, agent_id, status, created_at) VALUES ('99ef6c0c-54c4-4177-b9ca-1ba98bec4ed3', '46d0300c-f2b5-49f7-ad7a-18f6ffccb488', 'contact', 'Obrigado pelo retorno!', 'text', NULL, true, '7b6dd712-9428-4531-b46c-e8e7daacf9a1', 'b70992ab-4c75-4ebd-9b7f-8c9b0c053e90', 'sent', '2026-05-06T09:39:14.700635');
INSERT INTO public.messages (id, contact_id, sender, content, message_type, media_url, is_read, whatsapp_connection_id, agent_id, status, created_at) VALUES ('eaa59f0d-94a4-4728-91e9-d3a08b8a48b1', '46d0300c-f2b5-49f7-ad7a-18f6ffccb488', 'agent', 'Qual o prazo de entrega?', 'text', NULL, true, '7b6dd712-9428-4531-b46c-e8e7daacf9a1', 'b70992ab-4c75-4ebd-9b7f-8c9b0c053e90', 'sent', '2026-05-01T22:05:14.700645');
INSERT INTO public.messages (id, contact_id, sender, content, message_type, media_url, is_read, whatsapp_connection_id, agent_id, status, created_at) VALUES ('c6cd18c4-9d34-4e06-986a-995f134bdce4', '46d0300c-f2b5-49f7-ad7a-18f6ffccb488', 'contact', 'Geralmente entregamos em 3 dias úteis.', 'text', NULL, true, '7b6dd712-9428-4531-b46c-e8e7daacf9a1', 'b70992ab-4c75-4ebd-9b7f-8c9b0c053e90', 'sent', '2026-05-05T03:35:14.700655');
INSERT INTO public.messages (id, contact_id, sender, content, message_type, media_url, is_read, whatsapp_connection_id, agent_id, status, created_at) VALUES ('6766c7ce-74e4-4374-ba0a-e9f0724058a9', '46d0300c-f2b5-49f7-ad7a-18f6ffccb488', 'agent', 'Perfeito, vou realizar a compra.', 'text', NULL, true, '7b6dd712-9428-4531-b46c-e8e7daacf9a1', 'b70992ab-4c75-4ebd-9b7f-8c9b0c053e90', 'sent', '2026-04-29T20:40:14.700665');
INSERT INTO public.messages (id, contact_id, sender, content, message_type, media_url, is_read, whatsapp_connection_id, agent_id, status, created_at) VALUES ('618585c7-128d-498d-af2d-51334589e862', '46d0300c-f2b5-49f7-ad7a-18f6ffccb488', 'agent', 'Temos uma promoção especial para você hoje!', 'text', NULL, true, '7b6dd712-9428-4531-b46c-e8e7daacf9a1', 'b70992ab-4c75-4ebd-9b7f-8c9b0c053e90', 'sent', '2026-05-02T03:28:14.700677');
INSERT INTO public.contacts (id, name, phone, email, whatsapp_connection_id, assigned_to) VALUES ('80fe9dab-915a-4690-9104-87c7acadbd87', 'Zeca Pagodinho', '+5511999990025', 'zeca.pagodinho@example.com', '7b6dd712-9428-4531-b46c-e8e7daacf9a1', 'b70992ab-4c75-4ebd-9b7f-8c9b0c053e90');
INSERT INTO public.conversations (id, contact_id, status, assigned_to, priority, message_count) VALUES ('56cbb945-efab-47bd-bc5a-b6aa02870955', '80fe9dab-915a-4690-9104-87c7acadbd87', 'open', 'b70992ab-4c75-4ebd-9b7f-8c9b0c053e90', 'high', 10);
INSERT INTO public.messages (id, contact_id, sender, content, message_type, media_url, is_read, whatsapp_connection_id, agent_id, status, created_at) VALUES ('7b7c4f69-3bf1-46a4-8bf6-9a698495f260', '80fe9dab-915a-4690-9104-87c7acadbd87', 'contact', 'Olá, tudo bem?', 'text', NULL, true, '7b6dd712-9428-4531-b46c-e8e7daacf9a1', 'b70992ab-4c75-4ebd-9b7f-8c9b0c053e90', 'sent', '2026-05-05T05:03:14.700699');
INSERT INTO public.messages (id, contact_id, sender, content, message_type, media_url, is_read, whatsapp_connection_id, agent_id, status, created_at) VALUES ('3335931f-77a9-4c67-8486-aac95e2c82cc', '80fe9dab-915a-4690-9104-87c7acadbd87', 'contact', 'Como posso te ajudar hoje?', 'text', NULL, false, '7b6dd712-9428-4531-b46c-e8e7daacf9a1', 'b70992ab-4c75-4ebd-9b7f-8c9b0c053e90', 'sent', '2026-04-30T03:55:14.700711');
INSERT INTO public.messages (id, contact_id, sender, content, message_type, media_url, is_read, whatsapp_connection_id, agent_id, status, created_at) VALUES ('59e5cbdb-f2e5-40ca-9510-3105bedf01b1', '80fe9dab-915a-4690-9104-87c7acadbd87', 'contact', 'Vi que você se interessou pelo nosso produto.', 'text', NULL, true, '7b6dd712-9428-4531-b46c-e8e7daacf9a1', 'b70992ab-4c75-4ebd-9b7f-8c9b0c053e90', 'sent', '2026-05-06T13:37:14.700721');
INSERT INTO public.messages (id, contact_id, sender, content, message_type, media_url, is_read, whatsapp_connection_id, agent_id, status, created_at) VALUES ('e5d7ea80-1b2a-401a-8fad-ed9dab3bef05', '80fe9dab-915a-4690-9104-87c7acadbd87', 'agent', 'Poderia me enviar mais detalhes?', 'text', NULL, true, '7b6dd712-9428-4531-b46c-e8e7daacf9a1', 'b70992ab-4c75-4ebd-9b7f-8c9b0c053e90', 'sent', '2026-05-05T00:16:14.700733');
INSERT INTO public.messages (id, contact_id, sender, content, message_type, media_url, is_read, whatsapp_connection_id, agent_id, status, created_at) VALUES ('cfee4977-4946-4417-98af-d8fdab726fe2', '80fe9dab-915a-4690-9104-87c7acadbd87', 'agent', 'Veja esta imagem', 'image', 'https://picsum.photos/400/300', true, '7b6dd712-9428-4531-b46c-e8e7daacf9a1', 'b70992ab-4c75-4ebd-9b7f-8c9b0c053e90', 'sent', '2026-04-29T13:38:14.700750');
INSERT INTO public.messages (id, contact_id, sender, content, message_type, media_url, is_read, whatsapp_connection_id, agent_id, status, created_at) VALUES ('6d6622bc-dc06-4293-b13e-44f5318c824e', '80fe9dab-915a-4690-9104-87c7acadbd87', 'contact', 'Obrigado pelo retorno!', 'text', NULL, true, '7b6dd712-9428-4531-b46c-e8e7daacf9a1', 'b70992ab-4c75-4ebd-9b7f-8c9b0c053e90', 'sent', '2026-04-28T22:11:14.700764');
INSERT INTO public.messages (id, contact_id, sender, content, message_type, media_url, is_read, whatsapp_connection_id, agent_id, status, created_at) VALUES ('064a0d96-0c0a-4a7c-9161-19c94607dbbf', '80fe9dab-915a-4690-9104-87c7acadbd87', 'contact', 'Qual o prazo de entrega?', 'text', NULL, true, '7b6dd712-9428-4531-b46c-e8e7daacf9a1', 'b70992ab-4c75-4ebd-9b7f-8c9b0c053e90', 'sent', '2026-05-04T23:26:14.700775');
INSERT INTO public.messages (id, contact_id, sender, content, message_type, media_url, is_read, whatsapp_connection_id, agent_id, status, created_at) VALUES ('0dec0b5f-30c9-4640-b618-994d9f80d2df', '80fe9dab-915a-4690-9104-87c7acadbd87', 'contact', 'Geralmente entregamos em 3 dias úteis.', 'text', NULL, true, '7b6dd712-9428-4531-b46c-e8e7daacf9a1', 'b70992ab-4c75-4ebd-9b7f-8c9b0c053e90', 'sent', '2026-05-04T21:22:14.700785');
INSERT INTO public.messages (id, contact_id, sender, content, message_type, media_url, is_read, whatsapp_connection_id, agent_id, status, created_at) VALUES ('a31020a9-d669-4d9b-aa1c-1ead50f03c59', '80fe9dab-915a-4690-9104-87c7acadbd87', 'agent', 'Perfeito, vou realizar a compra.', 'text', NULL, true, '7b6dd712-9428-4531-b46c-e8e7daacf9a1', 'b70992ab-4c75-4ebd-9b7f-8c9b0c053e90', 'sent', '2026-05-03T20:52:14.700795');
INSERT INTO public.messages (id, contact_id, sender, content, message_type, media_url, is_read, whatsapp_connection_id, agent_id, status, created_at) VALUES ('e5f4a131-727e-4086-a4c8-0dae389c22bd', '80fe9dab-915a-4690-9104-87c7acadbd87', 'agent', 'Temos uma promoção especial para você hoje!', 'text', NULL, true, '7b6dd712-9428-4531-b46c-e8e7daacf9a1', 'b70992ab-4c75-4ebd-9b7f-8c9b0c053e90', 'sent', '2026-05-04T15:14:14.700822');
INSERT INTO public.contacts (id, name, phone, email, whatsapp_connection_id, assigned_to) VALUES ('24d1274e-07b4-4c89-84c7-c05611b6a37b', 'Alice Wonder', '+5511999990026', 'alice.wonder@example.com', '7b6dd712-9428-4531-b46c-e8e7daacf9a1', 'b70992ab-4c75-4ebd-9b7f-8c9b0c053e90');
INSERT INTO public.conversations (id, contact_id, status, assigned_to, priority, message_count) VALUES ('9c3f1cdf-1af3-4e50-bda3-52ec8209f24f', '24d1274e-07b4-4c89-84c7-c05611b6a37b', 'open', 'b70992ab-4c75-4ebd-9b7f-8c9b0c053e90', 'high', 10);
INSERT INTO public.messages (id, contact_id, sender, content, message_type, media_url, is_read, whatsapp_connection_id, agent_id, status, created_at) VALUES ('385c5868-42ad-451a-a680-24bf59506ac8', '24d1274e-07b4-4c89-84c7-c05611b6a37b', 'contact', 'Olá, tudo bem?', 'text', NULL, false, '7b6dd712-9428-4531-b46c-e8e7daacf9a1', 'b70992ab-4c75-4ebd-9b7f-8c9b0c053e90', 'sent', '2026-04-29T18:38:14.700847');
INSERT INTO public.messages (id, contact_id, sender, content, message_type, media_url, is_read, whatsapp_connection_id, agent_id, status, created_at) VALUES ('0b5468a5-be11-4ed9-b104-12762b50c57d', '24d1274e-07b4-4c89-84c7-c05611b6a37b', 'agent', 'Como posso te ajudar hoje?', 'text', NULL, true, '7b6dd712-9428-4531-b46c-e8e7daacf9a1', 'b70992ab-4c75-4ebd-9b7f-8c9b0c053e90', 'sent', '2026-05-05T11:34:14.700858');
INSERT INTO public.messages (id, contact_id, sender, content, message_type, media_url, is_read, whatsapp_connection_id, agent_id, status, created_at) VALUES ('4e51724f-9053-4ad8-a002-323490b9f030', '24d1274e-07b4-4c89-84c7-c05611b6a37b', 'contact', 'Vi que você se interessou pelo nosso produto.', 'text', NULL, true, '7b6dd712-9428-4531-b46c-e8e7daacf9a1', 'b70992ab-4c75-4ebd-9b7f-8c9b0c053e90', 'sent', '2026-05-05T04:43:14.700868');
INSERT INTO public.messages (id, contact_id, sender, content, message_type, media_url, is_read, whatsapp_connection_id, agent_id, status, created_at) VALUES ('a76fe6db-a5d5-4e27-890e-a34f3fc75d61', '24d1274e-07b4-4c89-84c7-c05611b6a37b', 'contact', 'Poderia me enviar mais detalhes?', 'text', NULL, true, '7b6dd712-9428-4531-b46c-e8e7daacf9a1', 'b70992ab-4c75-4ebd-9b7f-8c9b0c053e90', 'sent', '2026-05-06T13:17:14.700878');
INSERT INTO public.messages (id, contact_id, sender, content, message_type, media_url, is_read, whatsapp_connection_id, agent_id, status, created_at) VALUES ('0c981738-88db-4214-b015-af14285b8796', '24d1274e-07b4-4c89-84c7-c05611b6a37b', 'contact', 'Veja esta imagem', 'image', 'https://picsum.photos/400/300', false, '7b6dd712-9428-4531-b46c-e8e7daacf9a1', 'b70992ab-4c75-4ebd-9b7f-8c9b0c053e90', 'sent', '2026-04-29T08:28:14.700899');
INSERT INTO public.messages (id, contact_id, sender, content, message_type, media_url, is_read, whatsapp_connection_id, agent_id, status, created_at) VALUES ('4580d3c2-0247-485c-96ef-11bff658af35', '24d1274e-07b4-4c89-84c7-c05611b6a37b', 'contact', 'Obrigado pelo retorno!', 'text', NULL, false, '7b6dd712-9428-4531-b46c-e8e7daacf9a1', 'b70992ab-4c75-4ebd-9b7f-8c9b0c053e90', 'sent', '2026-05-04T04:38:14.700909');
INSERT INTO public.messages (id, contact_id, sender, content, message_type, media_url, is_read, whatsapp_connection_id, agent_id, status, created_at) VALUES ('7f76fad9-10e1-4142-84c1-ed064119369b', '24d1274e-07b4-4c89-84c7-c05611b6a37b', 'contact', 'Qual o prazo de entrega?', 'text', NULL, false, '7b6dd712-9428-4531-b46c-e8e7daacf9a1', 'b70992ab-4c75-4ebd-9b7f-8c9b0c053e90', 'sent', '2026-05-01T06:22:14.700919');
INSERT INTO public.messages (id, contact_id, sender, content, message_type, media_url, is_read, whatsapp_connection_id, agent_id, status, created_at) VALUES ('607f830a-815f-4352-88eb-45ed1c73fe53', '24d1274e-07b4-4c89-84c7-c05611b6a37b', 'agent', 'Geralmente entregamos em 3 dias úteis.', 'text', NULL, true, '7b6dd712-9428-4531-b46c-e8e7daacf9a1', 'b70992ab-4c75-4ebd-9b7f-8c9b0c053e90', 'sent', '2026-04-30T13:17:14.700929');
INSERT INTO public.messages (id, contact_id, sender, content, message_type, media_url, is_read, whatsapp_connection_id, agent_id, status, created_at) VALUES ('ed80e0ea-66e1-43ba-ab13-391f543388d0', '24d1274e-07b4-4c89-84c7-c05611b6a37b', 'contact', 'Perfeito, vou realizar a compra.', 'text', NULL, true, '7b6dd712-9428-4531-b46c-e8e7daacf9a1', 'b70992ab-4c75-4ebd-9b7f-8c9b0c053e90', 'sent', '2026-04-30T14:57:14.700939');
INSERT INTO public.messages (id, contact_id, sender, content, message_type, media_url, is_read, whatsapp_connection_id, agent_id, status, created_at) VALUES ('3530297c-87b7-477d-8ade-f6d0335e5dd2', '24d1274e-07b4-4c89-84c7-c05611b6a37b', 'contact', 'Temos uma promoção especial para você hoje!', 'text', NULL, false, '7b6dd712-9428-4531-b46c-e8e7daacf9a1', 'b70992ab-4c75-4ebd-9b7f-8c9b0c053e90', 'sent', '2026-05-05T03:01:14.700949');
INSERT INTO public.contacts (id, name, phone, email, whatsapp_connection_id, assigned_to) VALUES ('5783d8b8-3af1-4717-9507-6fb9244a9bc1', 'Bob Builder', '+5511999990027', 'bob.builder@example.com', '7b6dd712-9428-4531-b46c-e8e7daacf9a1', 'b70992ab-4c75-4ebd-9b7f-8c9b0c053e90');
INSERT INTO public.conversations (id, contact_id, status, assigned_to, priority, message_count) VALUES ('8c555c12-f886-4479-acb3-811ba5de8d0c', '5783d8b8-3af1-4717-9507-6fb9244a9bc1', 'pending', 'b70992ab-4c75-4ebd-9b7f-8c9b0c053e90', 'low', 10);
INSERT INTO public.messages (id, contact_id, sender, content, message_type, media_url, is_read, whatsapp_connection_id, agent_id, status, created_at) VALUES ('deaef745-a0b2-4444-80ac-45546c0ff32a', '5783d8b8-3af1-4717-9507-6fb9244a9bc1', 'agent', 'Olá, tudo bem?', 'text', NULL, true, '7b6dd712-9428-4531-b46c-e8e7daacf9a1', 'b70992ab-4c75-4ebd-9b7f-8c9b0c053e90', 'sent', '2026-05-01T07:22:14.700971');
INSERT INTO public.messages (id, contact_id, sender, content, message_type, media_url, is_read, whatsapp_connection_id, agent_id, status, created_at) VALUES ('92959d47-c482-4c9a-9bb6-33a64e4094eb', '5783d8b8-3af1-4717-9507-6fb9244a9bc1', 'agent', 'Como posso te ajudar hoje?', 'text', NULL, true, '7b6dd712-9428-4531-b46c-e8e7daacf9a1', 'b70992ab-4c75-4ebd-9b7f-8c9b0c053e90', 'sent', '2026-05-04T23:05:14.700983');
INSERT INTO public.messages (id, contact_id, sender, content, message_type, media_url, is_read, whatsapp_connection_id, agent_id, status, created_at) VALUES ('6944f016-7aed-4559-8802-745098ccd3d3', '5783d8b8-3af1-4717-9507-6fb9244a9bc1', 'contact', 'Vi que você se interessou pelo nosso produto.', 'text', NULL, true, '7b6dd712-9428-4531-b46c-e8e7daacf9a1', 'b70992ab-4c75-4ebd-9b7f-8c9b0c053e90', 'sent', '2026-05-01T18:14:14.700993');
INSERT INTO public.messages (id, contact_id, sender, content, message_type, media_url, is_read, whatsapp_connection_id, agent_id, status, created_at) VALUES ('6c1bea87-c917-4d39-8980-37651eb8ba6b', '5783d8b8-3af1-4717-9507-6fb9244a9bc1', 'agent', 'Poderia me enviar mais detalhes?', 'text', NULL, true, '7b6dd712-9428-4531-b46c-e8e7daacf9a1', 'b70992ab-4c75-4ebd-9b7f-8c9b0c053e90', 'sent', '2026-05-03T08:25:14.701003');
INSERT INTO public.messages (id, contact_id, sender, content, message_type, media_url, is_read, whatsapp_connection_id, agent_id, status, created_at) VALUES ('fe71a3b7-ca4a-4044-b2ed-5dc78d8dbd8c', '5783d8b8-3af1-4717-9507-6fb9244a9bc1', 'contact', 'Veja esta imagem', 'image', 'https://picsum.photos/400/300', false, '7b6dd712-9428-4531-b46c-e8e7daacf9a1', 'b70992ab-4c75-4ebd-9b7f-8c9b0c053e90', 'sent', '2026-05-01T07:23:14.701013');
INSERT INTO public.messages (id, contact_id, sender, content, message_type, media_url, is_read, whatsapp_connection_id, agent_id, status, created_at) VALUES ('892829de-de97-4127-b36c-5b4b35c5144b', '5783d8b8-3af1-4717-9507-6fb9244a9bc1', 'agent', 'Obrigado pelo retorno!', 'text', NULL, true, '7b6dd712-9428-4531-b46c-e8e7daacf9a1', 'b70992ab-4c75-4ebd-9b7f-8c9b0c053e90', 'sent', '2026-05-03T11:04:14.701023');
INSERT INTO public.messages (id, contact_id, sender, content, message_type, media_url, is_read, whatsapp_connection_id, agent_id, status, created_at) VALUES ('d2e7d3ca-a7a2-4b82-8f3c-684361b53ce8', '5783d8b8-3af1-4717-9507-6fb9244a9bc1', 'agent', 'Qual o prazo de entrega?', 'text', NULL, true, '7b6dd712-9428-4531-b46c-e8e7daacf9a1', 'b70992ab-4c75-4ebd-9b7f-8c9b0c053e90', 'sent', '2026-05-04T22:23:14.701036');
INSERT INTO public.messages (id, contact_id, sender, content, message_type, media_url, is_read, whatsapp_connection_id, agent_id, status, created_at) VALUES ('1d633c45-4f96-4d7c-b238-dfb8ffb1e3c1', '5783d8b8-3af1-4717-9507-6fb9244a9bc1', 'agent', 'Geralmente entregamos em 3 dias úteis.', 'text', NULL, true, '7b6dd712-9428-4531-b46c-e8e7daacf9a1', 'b70992ab-4c75-4ebd-9b7f-8c9b0c053e90', 'sent', '2026-05-01T23:36:14.701048');
INSERT INTO public.messages (id, contact_id, sender, content, message_type, media_url, is_read, whatsapp_connection_id, agent_id, status, created_at) VALUES ('d02c86ef-b7ee-4af7-80b9-0fffa54254b6', '5783d8b8-3af1-4717-9507-6fb9244a9bc1', 'agent', 'Perfeito, vou realizar a compra.', 'text', NULL, true, '7b6dd712-9428-4531-b46c-e8e7daacf9a1', 'b70992ab-4c75-4ebd-9b7f-8c9b0c053e90', 'sent', '2026-05-06T08:34:14.701058');
INSERT INTO public.messages (id, contact_id, sender, content, message_type, media_url, is_read, whatsapp_connection_id, agent_id, status, created_at) VALUES ('845f2f67-eac5-459f-8e66-eb6b933ced84', '5783d8b8-3af1-4717-9507-6fb9244a9bc1', 'agent', 'Temos uma promoção especial para você hoje!', 'text', NULL, true, '7b6dd712-9428-4531-b46c-e8e7daacf9a1', 'b70992ab-4c75-4ebd-9b7f-8c9b0c053e90', 'sent', '2026-05-02T20:20:14.701067');
INSERT INTO public.contacts (id, name, phone, email, whatsapp_connection_id, assigned_to) VALUES ('6824b152-a9ad-4d96-a2c0-cfc559ce8596', 'Charlie Brown', '+5511999990028', 'charlie.brown@example.com', '7b6dd712-9428-4531-b46c-e8e7daacf9a1', 'b70992ab-4c75-4ebd-9b7f-8c9b0c053e90');
INSERT INTO public.conversations (id, contact_id, status, assigned_to, priority, message_count) VALUES ('5f2b22b2-b0e4-485b-9e9a-2605029db005', '6824b152-a9ad-4d96-a2c0-cfc559ce8596', 'open', 'b70992ab-4c75-4ebd-9b7f-8c9b0c053e90', 'medium', 10);
INSERT INTO public.messages (id, contact_id, sender, content, message_type, media_url, is_read, whatsapp_connection_id, agent_id, status, created_at) VALUES ('692564fe-9d31-42e6-a445-135fe9243ad3', '6824b152-a9ad-4d96-a2c0-cfc559ce8596', 'agent', 'Olá, tudo bem?', 'text', NULL, true, '7b6dd712-9428-4531-b46c-e8e7daacf9a1', 'b70992ab-4c75-4ebd-9b7f-8c9b0c053e90', 'sent', '2026-05-06T07:22:14.701091');
INSERT INTO public.messages (id, contact_id, sender, content, message_type, media_url, is_read, whatsapp_connection_id, agent_id, status, created_at) VALUES ('178aa0df-40af-41dd-8e28-f54cb3d3f368', '6824b152-a9ad-4d96-a2c0-cfc559ce8596', 'agent', 'Como posso te ajudar hoje?', 'text', NULL, true, '7b6dd712-9428-4531-b46c-e8e7daacf9a1', 'b70992ab-4c75-4ebd-9b7f-8c9b0c053e90', 'sent', '2026-05-05T14:34:14.701101');
INSERT INTO public.messages (id, contact_id, sender, content, message_type, media_url, is_read, whatsapp_connection_id, agent_id, status, created_at) VALUES ('d31ea583-b285-41c5-afd2-99efe6692873', '6824b152-a9ad-4d96-a2c0-cfc559ce8596', 'agent', 'Vi que você se interessou pelo nosso produto.', 'text', NULL, true, '7b6dd712-9428-4531-b46c-e8e7daacf9a1', 'b70992ab-4c75-4ebd-9b7f-8c9b0c053e90', 'sent', '2026-05-04T17:14:14.701113');
INSERT INTO public.messages (id, contact_id, sender, content, message_type, media_url, is_read, whatsapp_connection_id, agent_id, status, created_at) VALUES ('95f7d905-0016-4082-977e-18a37dae3b67', '6824b152-a9ad-4d96-a2c0-cfc559ce8596', 'agent', 'Poderia me enviar mais detalhes?', 'text', NULL, true, '7b6dd712-9428-4531-b46c-e8e7daacf9a1', 'b70992ab-4c75-4ebd-9b7f-8c9b0c053e90', 'sent', '2026-05-05T22:07:14.701123');
INSERT INTO public.messages (id, contact_id, sender, content, message_type, media_url, is_read, whatsapp_connection_id, agent_id, status, created_at) VALUES ('38da3fac-fed6-4b79-a8e0-6b6977264018', '6824b152-a9ad-4d96-a2c0-cfc559ce8596', 'agent', 'Veja esta imagem', 'image', 'https://picsum.photos/400/300', true, '7b6dd712-9428-4531-b46c-e8e7daacf9a1', 'b70992ab-4c75-4ebd-9b7f-8c9b0c053e90', 'sent', '2026-05-03T13:01:14.701132');
INSERT INTO public.messages (id, contact_id, sender, content, message_type, media_url, is_read, whatsapp_connection_id, agent_id, status, created_at) VALUES ('804feb09-4c00-482b-b615-160d824409b5', '6824b152-a9ad-4d96-a2c0-cfc559ce8596', 'contact', 'Obrigado pelo retorno!', 'text', NULL, false, '7b6dd712-9428-4531-b46c-e8e7daacf9a1', 'b70992ab-4c75-4ebd-9b7f-8c9b0c053e90', 'sent', '2026-05-06T01:04:14.701142');
INSERT INTO public.messages (id, contact_id, sender, content, message_type, media_url, is_read, whatsapp_connection_id, agent_id, status, created_at) VALUES ('9bc6f032-d60f-459b-823e-a657540a0e16', '6824b152-a9ad-4d96-a2c0-cfc559ce8596', 'contact', 'Qual o prazo de entrega?', 'text', NULL, true, '7b6dd712-9428-4531-b46c-e8e7daacf9a1', 'b70992ab-4c75-4ebd-9b7f-8c9b0c053e90', 'sent', '2026-05-03T12:07:14.701154');
INSERT INTO public.messages (id, contact_id, sender, content, message_type, media_url, is_read, whatsapp_connection_id, agent_id, status, created_at) VALUES ('7b0333ab-c509-401e-8162-812251f8349a', '6824b152-a9ad-4d96-a2c0-cfc559ce8596', 'contact', 'Geralmente entregamos em 3 dias úteis.', 'text', NULL, true, '7b6dd712-9428-4531-b46c-e8e7daacf9a1', 'b70992ab-4c75-4ebd-9b7f-8c9b0c053e90', 'sent', '2026-05-03T15:38:14.701166');
INSERT INTO public.messages (id, contact_id, sender, content, message_type, media_url, is_read, whatsapp_connection_id, agent_id, status, created_at) VALUES ('3788e4a4-452c-4831-a541-4c30ecab10d2', '6824b152-a9ad-4d96-a2c0-cfc559ce8596', 'agent', 'Perfeito, vou realizar a compra.', 'text', NULL, true, '7b6dd712-9428-4531-b46c-e8e7daacf9a1', 'b70992ab-4c75-4ebd-9b7f-8c9b0c053e90', 'sent', '2026-04-29T13:22:14.701176');
INSERT INTO public.messages (id, contact_id, sender, content, message_type, media_url, is_read, whatsapp_connection_id, agent_id, status, created_at) VALUES ('8b67a35d-193d-434b-8c7e-9e6978598e50', '6824b152-a9ad-4d96-a2c0-cfc559ce8596', 'contact', 'Temos uma promoção especial para você hoje!', 'text', NULL, true, '7b6dd712-9428-4531-b46c-e8e7daacf9a1', 'b70992ab-4c75-4ebd-9b7f-8c9b0c053e90', 'sent', '2026-04-29T23:25:14.701186');
INSERT INTO public.contacts (id, name, phone, email, whatsapp_connection_id, assigned_to) VALUES ('f752a4fd-318c-4e1b-8ea7-c7233173cbdc', 'Diana Prince', '+5511999990029', 'diana.prince@example.com', '7b6dd712-9428-4531-b46c-e8e7daacf9a1', 'b70992ab-4c75-4ebd-9b7f-8c9b0c053e90');
INSERT INTO public.conversations (id, contact_id, status, assigned_to, priority, message_count) VALUES ('25b85cb3-d850-4b26-aa8c-5f357c95434c', 'f752a4fd-318c-4e1b-8ea7-c7233173cbdc', 'open', 'b70992ab-4c75-4ebd-9b7f-8c9b0c053e90', 'medium', 10);
INSERT INTO public.messages (id, contact_id, sender, content, message_type, media_url, is_read, whatsapp_connection_id, agent_id, status, created_at) VALUES ('9d702583-4928-41b0-b2f7-ec0f8a6ffd30', 'f752a4fd-318c-4e1b-8ea7-c7233173cbdc', 'contact', 'Olá, tudo bem?', 'text', NULL, true, '7b6dd712-9428-4531-b46c-e8e7daacf9a1', 'b70992ab-4c75-4ebd-9b7f-8c9b0c053e90', 'sent', '2026-05-06T16:06:14.701210');
INSERT INTO public.messages (id, contact_id, sender, content, message_type, media_url, is_read, whatsapp_connection_id, agent_id, status, created_at) VALUES ('e84effb5-2892-4a3e-8a6a-949225c7a0bd', 'f752a4fd-318c-4e1b-8ea7-c7233173cbdc', 'agent', 'Como posso te ajudar hoje?', 'text', NULL, true, '7b6dd712-9428-4531-b46c-e8e7daacf9a1', 'b70992ab-4c75-4ebd-9b7f-8c9b0c053e90', 'sent', '2026-05-02T00:27:14.701220');
INSERT INTO public.messages (id, contact_id, sender, content, message_type, media_url, is_read, whatsapp_connection_id, agent_id, status, created_at) VALUES ('c5a1cec8-99d2-4940-8fe1-e01993a68df4', 'f752a4fd-318c-4e1b-8ea7-c7233173cbdc', 'agent', 'Vi que você se interessou pelo nosso produto.', 'text', NULL, true, '7b6dd712-9428-4531-b46c-e8e7daacf9a1', 'b70992ab-4c75-4ebd-9b7f-8c9b0c053e90', 'sent', '2026-04-30T03:04:14.701232');
INSERT INTO public.messages (id, contact_id, sender, content, message_type, media_url, is_read, whatsapp_connection_id, agent_id, status, created_at) VALUES ('620c0ced-2236-4ca4-a809-62c2dbfa80c6', 'f752a4fd-318c-4e1b-8ea7-c7233173cbdc', 'agent', 'Poderia me enviar mais detalhes?', 'text', NULL, true, '7b6dd712-9428-4531-b46c-e8e7daacf9a1', 'b70992ab-4c75-4ebd-9b7f-8c9b0c053e90', 'sent', '2026-05-03T01:52:14.701242');
INSERT INTO public.messages (id, contact_id, sender, content, message_type, media_url, is_read, whatsapp_connection_id, agent_id, status, created_at) VALUES ('17af26b1-586d-4573-beca-270c53583559', 'f752a4fd-318c-4e1b-8ea7-c7233173cbdc', 'contact', 'Veja esta imagem', 'image', 'https://picsum.photos/400/300', false, '7b6dd712-9428-4531-b46c-e8e7daacf9a1', 'b70992ab-4c75-4ebd-9b7f-8c9b0c053e90', 'sent', '2026-05-01T20:40:14.701251');
INSERT INTO public.messages (id, contact_id, sender, content, message_type, media_url, is_read, whatsapp_connection_id, agent_id, status, created_at) VALUES ('5de0e036-922a-4392-b7ba-4d4f908d26b5', 'f752a4fd-318c-4e1b-8ea7-c7233173cbdc', 'agent', 'Obrigado pelo retorno!', 'text', NULL, true, '7b6dd712-9428-4531-b46c-e8e7daacf9a1', 'b70992ab-4c75-4ebd-9b7f-8c9b0c053e90', 'sent', '2026-05-04T09:50:14.701263');
INSERT INTO public.messages (id, contact_id, sender, content, message_type, media_url, is_read, whatsapp_connection_id, agent_id, status, created_at) VALUES ('395fe914-f9cf-4ae5-9f0f-f0ebcb96b628', 'f752a4fd-318c-4e1b-8ea7-c7233173cbdc', 'contact', 'Qual o prazo de entrega?', 'text', NULL, true, '7b6dd712-9428-4531-b46c-e8e7daacf9a1', 'b70992ab-4c75-4ebd-9b7f-8c9b0c053e90', 'sent', '2026-04-29T08:00:14.701273');
INSERT INTO public.messages (id, contact_id, sender, content, message_type, media_url, is_read, whatsapp_connection_id, agent_id, status, created_at) VALUES ('71fb2747-a957-4d0a-970c-21345f427379', 'f752a4fd-318c-4e1b-8ea7-c7233173cbdc', 'agent', 'Geralmente entregamos em 3 dias úteis.', 'text', NULL, true, '7b6dd712-9428-4531-b46c-e8e7daacf9a1', 'b70992ab-4c75-4ebd-9b7f-8c9b0c053e90', 'sent', '2026-05-04T04:47:14.701283');
INSERT INTO public.messages (id, contact_id, sender, content, message_type, media_url, is_read, whatsapp_connection_id, agent_id, status, created_at) VALUES ('e05a6b80-ec2f-4f7e-b14b-781d9f4ddf04', 'f752a4fd-318c-4e1b-8ea7-c7233173cbdc', 'agent', 'Perfeito, vou realizar a compra.', 'text', NULL, true, '7b6dd712-9428-4531-b46c-e8e7daacf9a1', 'b70992ab-4c75-4ebd-9b7f-8c9b0c053e90', 'sent', '2026-05-02T19:37:14.701292');
INSERT INTO public.messages (id, contact_id, sender, content, message_type, media_url, is_read, whatsapp_connection_id, agent_id, status, created_at) VALUES ('8b5ac8e1-1b9b-4212-9417-f75d9868ff08', 'f752a4fd-318c-4e1b-8ea7-c7233173cbdc', 'agent', 'Temos uma promoção especial para você hoje!', 'text', NULL, true, '7b6dd712-9428-4531-b46c-e8e7daacf9a1', 'b70992ab-4c75-4ebd-9b7f-8c9b0c053e90', 'sent', '2026-05-01T05:40:14.701302');
INSERT INTO public.contacts (id, name, phone, email, whatsapp_connection_id, assigned_to) VALUES ('2d098bee-03f5-47eb-acc6-ed7b2f6ac0c1', 'Edward Stark', '+5511999990030', 'edward.stark@example.com', '7b6dd712-9428-4531-b46c-e8e7daacf9a1', 'b70992ab-4c75-4ebd-9b7f-8c9b0c053e90');
INSERT INTO public.conversations (id, contact_id, status, assigned_to, priority, message_count) VALUES ('7ac59416-aaa5-42f1-ac7f-91fa79e2ccd7', '2d098bee-03f5-47eb-acc6-ed7b2f6ac0c1', 'open', 'b70992ab-4c75-4ebd-9b7f-8c9b0c053e90', 'medium', 10);
INSERT INTO public.messages (id, contact_id, sender, content, message_type, media_url, is_read, whatsapp_connection_id, agent_id, status, created_at) VALUES ('2e045c37-5f68-4e34-80f8-6c88261ab257', '2d098bee-03f5-47eb-acc6-ed7b2f6ac0c1', 'contact', 'Olá, tudo bem?', 'text', NULL, false, '7b6dd712-9428-4531-b46c-e8e7daacf9a1', 'b70992ab-4c75-4ebd-9b7f-8c9b0c053e90', 'sent', '2026-05-01T18:05:14.701327');
INSERT INTO public.messages (id, contact_id, sender, content, message_type, media_url, is_read, whatsapp_connection_id, agent_id, status, created_at) VALUES ('29195fb6-605c-430b-83f2-f17c95f1a1f7', '2d098bee-03f5-47eb-acc6-ed7b2f6ac0c1', 'agent', 'Como posso te ajudar hoje?', 'text', NULL, true, '7b6dd712-9428-4531-b46c-e8e7daacf9a1', 'b70992ab-4c75-4ebd-9b7f-8c9b0c053e90', 'sent', '2026-05-03T11:32:14.701338');
INSERT INTO public.messages (id, contact_id, sender, content, message_type, media_url, is_read, whatsapp_connection_id, agent_id, status, created_at) VALUES ('fc6bed91-a893-4aae-90af-04d02925d924', '2d098bee-03f5-47eb-acc6-ed7b2f6ac0c1', 'agent', 'Vi que você se interessou pelo nosso produto.', 'text', NULL, true, '7b6dd712-9428-4531-b46c-e8e7daacf9a1', 'b70992ab-4c75-4ebd-9b7f-8c9b0c053e90', 'sent', '2026-05-02T21:59:14.701348');
INSERT INTO public.messages (id, contact_id, sender, content, message_type, media_url, is_read, whatsapp_connection_id, agent_id, status, created_at) VALUES ('6e375fa3-f6a2-4b15-9a88-75b42ce57f96', '2d098bee-03f5-47eb-acc6-ed7b2f6ac0c1', 'agent', 'Poderia me enviar mais detalhes?', 'text', NULL, true, '7b6dd712-9428-4531-b46c-e8e7daacf9a1', 'b70992ab-4c75-4ebd-9b7f-8c9b0c053e90', 'sent', '2026-04-30T10:50:14.701359');
INSERT INTO public.messages (id, contact_id, sender, content, message_type, media_url, is_read, whatsapp_connection_id, agent_id, status, created_at) VALUES ('ab1d4660-4f90-4c9c-9ba5-fccdbb69cc38', '2d098bee-03f5-47eb-acc6-ed7b2f6ac0c1', 'agent', 'Veja esta imagem', 'image', 'https://picsum.photos/400/300', true, '7b6dd712-9428-4531-b46c-e8e7daacf9a1', 'b70992ab-4c75-4ebd-9b7f-8c9b0c053e90', 'sent', '2026-04-29T08:56:14.701369');
INSERT INTO public.messages (id, contact_id, sender, content, message_type, media_url, is_read, whatsapp_connection_id, agent_id, status, created_at) VALUES ('6c3ea537-3b55-4c2a-8006-7e19e0242fda', '2d098bee-03f5-47eb-acc6-ed7b2f6ac0c1', 'agent', 'Obrigado pelo retorno!', 'text', NULL, true, '7b6dd712-9428-4531-b46c-e8e7daacf9a1', 'b70992ab-4c75-4ebd-9b7f-8c9b0c053e90', 'sent', '2026-05-02T21:25:14.701379');
INSERT INTO public.messages (id, contact_id, sender, content, message_type, media_url, is_read, whatsapp_connection_id, agent_id, status, created_at) VALUES ('cd998e35-944e-4b0f-b945-8d4ce0eac843', '2d098bee-03f5-47eb-acc6-ed7b2f6ac0c1', 'contact', 'Qual o prazo de entrega?', 'text', NULL, true, '7b6dd712-9428-4531-b46c-e8e7daacf9a1', 'b70992ab-4c75-4ebd-9b7f-8c9b0c053e90', 'sent', '2026-04-30T09:48:14.701389');
INSERT INTO public.messages (id, contact_id, sender, content, message_type, media_url, is_read, whatsapp_connection_id, agent_id, status, created_at) VALUES ('e52e2b58-878c-432b-867b-8aa1e99e189d', '2d098bee-03f5-47eb-acc6-ed7b2f6ac0c1', 'agent', 'Geralmente entregamos em 3 dias úteis.', 'text', NULL, true, '7b6dd712-9428-4531-b46c-e8e7daacf9a1', 'b70992ab-4c75-4ebd-9b7f-8c9b0c053e90', 'sent', '2026-05-01T16:26:14.701401');
INSERT INTO public.messages (id, contact_id, sender, content, message_type, media_url, is_read, whatsapp_connection_id, agent_id, status, created_at) VALUES ('b7f9a241-8853-42c4-b655-51d97cd2a76d', '2d098bee-03f5-47eb-acc6-ed7b2f6ac0c1', 'agent', 'Perfeito, vou realizar a compra.', 'text', NULL, true, '7b6dd712-9428-4531-b46c-e8e7daacf9a1', 'b70992ab-4c75-4ebd-9b7f-8c9b0c053e90', 'sent', '2026-04-29T03:47:14.701414');
INSERT INTO public.messages (id, contact_id, sender, content, message_type, media_url, is_read, whatsapp_connection_id, agent_id, status, created_at) VALUES ('adf1518b-3403-4cc3-94c4-2f572befc12b', '2d098bee-03f5-47eb-acc6-ed7b2f6ac0c1', 'contact', 'Temos uma promoção especial para você hoje!', 'text', NULL, true, '7b6dd712-9428-4531-b46c-e8e7daacf9a1', 'b70992ab-4c75-4ebd-9b7f-8c9b0c053e90', 'sent', '2026-05-06T13:11:14.701424');
INSERT INTO public.contacts (id, name, phone, email, whatsapp_connection_id, assigned_to) VALUES ('bdda5ad8-0668-4836-b708-36dcb2f57271', 'Fiona Apple', '+5511999990031', 'fiona.apple@example.com', '7b6dd712-9428-4531-b46c-e8e7daacf9a1', 'b70992ab-4c75-4ebd-9b7f-8c9b0c053e90');
INSERT INTO public.conversations (id, contact_id, status, assigned_to, priority, message_count) VALUES ('9293cf95-1562-48f3-b8d1-4dec1a6f74df', 'bdda5ad8-0668-4836-b708-36dcb2f57271', 'pending', 'b70992ab-4c75-4ebd-9b7f-8c9b0c053e90', 'high', 10);
INSERT INTO public.messages (id, contact_id, sender, content, message_type, media_url, is_read, whatsapp_connection_id, agent_id, status, created_at) VALUES ('ea51f4a5-7af0-44ae-8f3b-d931662031b4', 'bdda5ad8-0668-4836-b708-36dcb2f57271', 'agent', 'Olá, tudo bem?', 'text', NULL, true, '7b6dd712-9428-4531-b46c-e8e7daacf9a1', 'b70992ab-4c75-4ebd-9b7f-8c9b0c053e90', 'sent', '2026-05-05T01:01:14.701448');
INSERT INTO public.messages (id, contact_id, sender, content, message_type, media_url, is_read, whatsapp_connection_id, agent_id, status, created_at) VALUES ('683a6e5e-7a9e-4a48-8d6e-10333ce6ab84', 'bdda5ad8-0668-4836-b708-36dcb2f57271', 'contact', 'Como posso te ajudar hoje?', 'text', NULL, false, '7b6dd712-9428-4531-b46c-e8e7daacf9a1', 'b70992ab-4c75-4ebd-9b7f-8c9b0c053e90', 'sent', '2026-05-03T04:35:14.701457');
INSERT INTO public.messages (id, contact_id, sender, content, message_type, media_url, is_read, whatsapp_connection_id, agent_id, status, created_at) VALUES ('441e26f1-0c9a-4d01-a96f-8746d1310715', 'bdda5ad8-0668-4836-b708-36dcb2f57271', 'contact', 'Vi que você se interessou pelo nosso produto.', 'text', NULL, false, '7b6dd712-9428-4531-b46c-e8e7daacf9a1', 'b70992ab-4c75-4ebd-9b7f-8c9b0c053e90', 'sent', '2026-05-02T11:23:14.701468');
INSERT INTO public.messages (id, contact_id, sender, content, message_type, media_url, is_read, whatsapp_connection_id, agent_id, status, created_at) VALUES ('213482f8-6d43-4810-95bd-cf7638eb2113', 'bdda5ad8-0668-4836-b708-36dcb2f57271', 'contact', 'Poderia me enviar mais detalhes?', 'text', NULL, true, '7b6dd712-9428-4531-b46c-e8e7daacf9a1', 'b70992ab-4c75-4ebd-9b7f-8c9b0c053e90', 'sent', '2026-04-28T20:06:14.701478');
INSERT INTO public.messages (id, contact_id, sender, content, message_type, media_url, is_read, whatsapp_connection_id, agent_id, status, created_at) VALUES ('59a1abe0-6f34-4500-af44-0bbcc4582fd8', 'bdda5ad8-0668-4836-b708-36dcb2f57271', 'contact', 'Veja esta imagem', 'image', 'https://picsum.photos/400/300', false, '7b6dd712-9428-4531-b46c-e8e7daacf9a1', 'b70992ab-4c75-4ebd-9b7f-8c9b0c053e90', 'sent', '2026-05-06T13:38:14.701492');
INSERT INTO public.messages (id, contact_id, sender, content, message_type, media_url, is_read, whatsapp_connection_id, agent_id, status, created_at) VALUES ('823d2e8b-f4d3-42e0-a7f8-433fa5f1712d', 'bdda5ad8-0668-4836-b708-36dcb2f57271', 'contact', 'Obrigado pelo retorno!', 'text', NULL, true, '7b6dd712-9428-4531-b46c-e8e7daacf9a1', 'b70992ab-4c75-4ebd-9b7f-8c9b0c053e90', 'sent', '2026-05-05T19:43:14.701503');
INSERT INTO public.messages (id, contact_id, sender, content, message_type, media_url, is_read, whatsapp_connection_id, agent_id, status, created_at) VALUES ('0d9f35b9-b975-49d1-b7f3-d3159dc00852', 'bdda5ad8-0668-4836-b708-36dcb2f57271', 'agent', 'Qual o prazo de entrega?', 'text', NULL, true, '7b6dd712-9428-4531-b46c-e8e7daacf9a1', 'b70992ab-4c75-4ebd-9b7f-8c9b0c053e90', 'sent', '2026-04-30T03:11:14.701513');
INSERT INTO public.messages (id, contact_id, sender, content, message_type, media_url, is_read, whatsapp_connection_id, agent_id, status, created_at) VALUES ('0b4202d3-9e8c-4ba9-a76d-cbfc799745f7', 'bdda5ad8-0668-4836-b708-36dcb2f57271', 'agent', 'Geralmente entregamos em 3 dias úteis.', 'text', NULL, true, '7b6dd712-9428-4531-b46c-e8e7daacf9a1', 'b70992ab-4c75-4ebd-9b7f-8c9b0c053e90', 'sent', '2026-05-01T15:39:14.701523');
INSERT INTO public.messages (id, contact_id, sender, content, message_type, media_url, is_read, whatsapp_connection_id, agent_id, status, created_at) VALUES ('a0eeb3c2-e297-4bb3-bbd5-75cead48c48c', 'bdda5ad8-0668-4836-b708-36dcb2f57271', 'contact', 'Perfeito, vou realizar a compra.', 'text', NULL, true, '7b6dd712-9428-4531-b46c-e8e7daacf9a1', 'b70992ab-4c75-4ebd-9b7f-8c9b0c053e90', 'sent', '2026-05-04T16:44:14.701533');
INSERT INTO public.messages (id, contact_id, sender, content, message_type, media_url, is_read, whatsapp_connection_id, agent_id, status, created_at) VALUES ('948f7bf0-fd95-4bb3-baa9-399a8c9d5383', 'bdda5ad8-0668-4836-b708-36dcb2f57271', 'contact', 'Temos uma promoção especial para você hoje!', 'text', NULL, false, '7b6dd712-9428-4531-b46c-e8e7daacf9a1', 'b70992ab-4c75-4ebd-9b7f-8c9b0c053e90', 'sent', '2026-05-02T12:32:14.701543');
INSERT INTO public.contacts (id, name, phone, email, whatsapp_connection_id, assigned_to) VALUES ('2666616e-c4f8-47dc-83d8-01198ee1f597', 'George Lucas', '+5511999990032', 'george.lucas@example.com', '7b6dd712-9428-4531-b46c-e8e7daacf9a1', 'b70992ab-4c75-4ebd-9b7f-8c9b0c053e90');
INSERT INTO public.conversations (id, contact_id, status, assigned_to, priority, message_count) VALUES ('e1866de4-e8af-46f2-acd5-e7bf6ba354d1', '2666616e-c4f8-47dc-83d8-01198ee1f597', 'closed', 'b70992ab-4c75-4ebd-9b7f-8c9b0c053e90', 'high', 10);
INSERT INTO public.messages (id, contact_id, sender, content, message_type, media_url, is_read, whatsapp_connection_id, agent_id, status, created_at) VALUES ('e67c6621-a53e-4e2e-8443-97999d586cb9', '2666616e-c4f8-47dc-83d8-01198ee1f597', 'contact', 'Olá, tudo bem?', 'text', NULL, true, '7b6dd712-9428-4531-b46c-e8e7daacf9a1', 'b70992ab-4c75-4ebd-9b7f-8c9b0c053e90', 'sent', '2026-05-05T06:23:14.701568');
INSERT INTO public.messages (id, contact_id, sender, content, message_type, media_url, is_read, whatsapp_connection_id, agent_id, status, created_at) VALUES ('386702cd-f35e-4faf-b5ad-b351d26ee86b', '2666616e-c4f8-47dc-83d8-01198ee1f597', 'agent', 'Como posso te ajudar hoje?', 'text', NULL, true, '7b6dd712-9428-4531-b46c-e8e7daacf9a1', 'b70992ab-4c75-4ebd-9b7f-8c9b0c053e90', 'sent', '2026-05-03T06:12:14.701578');
INSERT INTO public.messages (id, contact_id, sender, content, message_type, media_url, is_read, whatsapp_connection_id, agent_id, status, created_at) VALUES ('cf72f52d-3df9-4d39-b536-5efa51ab9f35', '2666616e-c4f8-47dc-83d8-01198ee1f597', 'contact', 'Vi que você se interessou pelo nosso produto.', 'text', NULL, true, '7b6dd712-9428-4531-b46c-e8e7daacf9a1', 'b70992ab-4c75-4ebd-9b7f-8c9b0c053e90', 'sent', '2026-05-03T09:30:14.701592');
INSERT INTO public.messages (id, contact_id, sender, content, message_type, media_url, is_read, whatsapp_connection_id, agent_id, status, created_at) VALUES ('a0fd43b1-e23b-4ac6-94db-78887d308789', '2666616e-c4f8-47dc-83d8-01198ee1f597', 'agent', 'Poderia me enviar mais detalhes?', 'text', NULL, true, '7b6dd712-9428-4531-b46c-e8e7daacf9a1', 'b70992ab-4c75-4ebd-9b7f-8c9b0c053e90', 'sent', '2026-04-29T02:18:14.701602');
INSERT INTO public.messages (id, contact_id, sender, content, message_type, media_url, is_read, whatsapp_connection_id, agent_id, status, created_at) VALUES ('0c030562-3585-4b7d-b5db-fb4a14b0e0d9', '2666616e-c4f8-47dc-83d8-01198ee1f597', 'contact', 'Veja esta imagem', 'image', 'https://picsum.photos/400/300', false, '7b6dd712-9428-4531-b46c-e8e7daacf9a1', 'b70992ab-4c75-4ebd-9b7f-8c9b0c053e90', 'sent', '2026-05-01T05:11:14.701614');
INSERT INTO public.messages (id, contact_id, sender, content, message_type, media_url, is_read, whatsapp_connection_id, agent_id, status, created_at) VALUES ('bba9adc1-6259-4148-8ba9-b08d2a7106f0', '2666616e-c4f8-47dc-83d8-01198ee1f597', 'agent', 'Obrigado pelo retorno!', 'text', NULL, true, '7b6dd712-9428-4531-b46c-e8e7daacf9a1', 'b70992ab-4c75-4ebd-9b7f-8c9b0c053e90', 'sent', '2026-05-03T15:12:14.701624');
INSERT INTO public.messages (id, contact_id, sender, content, message_type, media_url, is_read, whatsapp_connection_id, agent_id, status, created_at) VALUES ('9fe1306d-a85f-40b1-845c-96d946a10230', '2666616e-c4f8-47dc-83d8-01198ee1f597', 'contact', 'Qual o prazo de entrega?', 'text', NULL, true, '7b6dd712-9428-4531-b46c-e8e7daacf9a1', 'b70992ab-4c75-4ebd-9b7f-8c9b0c053e90', 'sent', '2026-05-02T17:44:14.701634');
INSERT INTO public.messages (id, contact_id, sender, content, message_type, media_url, is_read, whatsapp_connection_id, agent_id, status, created_at) VALUES ('a44c6886-89e3-4ddc-8efb-bafd34c1729c', '2666616e-c4f8-47dc-83d8-01198ee1f597', 'agent', 'Geralmente entregamos em 3 dias úteis.', 'text', NULL, true, '7b6dd712-9428-4531-b46c-e8e7daacf9a1', 'b70992ab-4c75-4ebd-9b7f-8c9b0c053e90', 'sent', '2026-05-03T14:40:14.701646');
INSERT INTO public.messages (id, contact_id, sender, content, message_type, media_url, is_read, whatsapp_connection_id, agent_id, status, created_at) VALUES ('73473ec1-563e-49db-acb1-7334569126b7', '2666616e-c4f8-47dc-83d8-01198ee1f597', 'contact', 'Perfeito, vou realizar a compra.', 'text', NULL, false, '7b6dd712-9428-4531-b46c-e8e7daacf9a1', 'b70992ab-4c75-4ebd-9b7f-8c9b0c053e90', 'sent', '2026-04-29T07:41:14.701679');
INSERT INTO public.messages (id, contact_id, sender, content, message_type, media_url, is_read, whatsapp_connection_id, agent_id, status, created_at) VALUES ('5d505388-ebce-416d-816d-6ab63a3eeb70', '2666616e-c4f8-47dc-83d8-01198ee1f597', 'contact', 'Temos uma promoção especial para você hoje!', 'text', NULL, false, '7b6dd712-9428-4531-b46c-e8e7daacf9a1', 'b70992ab-4c75-4ebd-9b7f-8c9b0c053e90', 'sent', '2026-05-04T23:08:14.701696');
INSERT INTO public.contacts (id, name, phone, email, whatsapp_connection_id, assigned_to) VALUES ('29d7a9a7-ddaf-4b75-8f2d-bc0e3e640bed', 'Hannah Baker', '+5511999990033', 'hannah.baker@example.com', '7b6dd712-9428-4531-b46c-e8e7daacf9a1', 'b70992ab-4c75-4ebd-9b7f-8c9b0c053e90');
INSERT INTO public.conversations (id, contact_id, status, assigned_to, priority, message_count) VALUES ('2903d8c9-e7fb-4d11-892e-9de80914a336', '29d7a9a7-ddaf-4b75-8f2d-bc0e3e640bed', 'closed', 'b70992ab-4c75-4ebd-9b7f-8c9b0c053e90', 'high', 10);
INSERT INTO public.messages (id, contact_id, sender, content, message_type, media_url, is_read, whatsapp_connection_id, agent_id, status, created_at) VALUES ('d4f91bbb-6193-487a-a37c-5c70ba0119e4', '29d7a9a7-ddaf-4b75-8f2d-bc0e3e640bed', 'agent', 'Olá, tudo bem?', 'text', NULL, true, '7b6dd712-9428-4531-b46c-e8e7daacf9a1', 'b70992ab-4c75-4ebd-9b7f-8c9b0c053e90', 'sent', '2026-05-05T13:04:14.701721');
INSERT INTO public.messages (id, contact_id, sender, content, message_type, media_url, is_read, whatsapp_connection_id, agent_id, status, created_at) VALUES ('7061063f-3161-4590-8eeb-9c4eb212333e', '29d7a9a7-ddaf-4b75-8f2d-bc0e3e640bed', 'agent', 'Como posso te ajudar hoje?', 'text', NULL, true, '7b6dd712-9428-4531-b46c-e8e7daacf9a1', 'b70992ab-4c75-4ebd-9b7f-8c9b0c053e90', 'sent', '2026-05-04T11:51:14.701731');
INSERT INTO public.messages (id, contact_id, sender, content, message_type, media_url, is_read, whatsapp_connection_id, agent_id, status, created_at) VALUES ('580fd6b0-a4f5-4213-aee4-0e5c9b3700d2', '29d7a9a7-ddaf-4b75-8f2d-bc0e3e640bed', 'contact', 'Vi que você se interessou pelo nosso produto.', 'text', NULL, true, '7b6dd712-9428-4531-b46c-e8e7daacf9a1', 'b70992ab-4c75-4ebd-9b7f-8c9b0c053e90', 'sent', '2026-05-06T14:43:14.701747');
INSERT INTO public.messages (id, contact_id, sender, content, message_type, media_url, is_read, whatsapp_connection_id, agent_id, status, created_at) VALUES ('e5ad77d8-c820-46de-8433-64478ba6911b', '29d7a9a7-ddaf-4b75-8f2d-bc0e3e640bed', 'agent', 'Poderia me enviar mais detalhes?', 'text', NULL, true, '7b6dd712-9428-4531-b46c-e8e7daacf9a1', 'b70992ab-4c75-4ebd-9b7f-8c9b0c053e90', 'sent', '2026-05-04T15:14:14.701761');
INSERT INTO public.messages (id, contact_id, sender, content, message_type, media_url, is_read, whatsapp_connection_id, agent_id, status, created_at) VALUES ('7c9a6c27-3e01-4c15-adbd-cc14f574c7b1', '29d7a9a7-ddaf-4b75-8f2d-bc0e3e640bed', 'agent', 'Veja esta imagem', 'image', 'https://picsum.photos/400/300', true, '7b6dd712-9428-4531-b46c-e8e7daacf9a1', 'b70992ab-4c75-4ebd-9b7f-8c9b0c053e90', 'sent', '2026-05-03T23:52:14.701771');
INSERT INTO public.messages (id, contact_id, sender, content, message_type, media_url, is_read, whatsapp_connection_id, agent_id, status, created_at) VALUES ('ae9e4a5f-68a1-4bd0-b5b6-0d494f15576c', '29d7a9a7-ddaf-4b75-8f2d-bc0e3e640bed', 'contact', 'Obrigado pelo retorno!', 'text', NULL, false, '7b6dd712-9428-4531-b46c-e8e7daacf9a1', 'b70992ab-4c75-4ebd-9b7f-8c9b0c053e90', 'sent', '2026-05-02T07:07:14.701784');
INSERT INTO public.messages (id, contact_id, sender, content, message_type, media_url, is_read, whatsapp_connection_id, agent_id, status, created_at) VALUES ('07ca7c8d-af46-41b9-8529-a7d9cd60d47d', '29d7a9a7-ddaf-4b75-8f2d-bc0e3e640bed', 'contact', 'Qual o prazo de entrega?', 'text', NULL, true, '7b6dd712-9428-4531-b46c-e8e7daacf9a1', 'b70992ab-4c75-4ebd-9b7f-8c9b0c053e90', 'sent', '2026-05-05T18:27:14.701794');
INSERT INTO public.messages (id, contact_id, sender, content, message_type, media_url, is_read, whatsapp_connection_id, agent_id, status, created_at) VALUES ('b5966a2d-c5e3-469e-a9a3-2c7caeebd059', '29d7a9a7-ddaf-4b75-8f2d-bc0e3e640bed', 'agent', 'Geralmente entregamos em 3 dias úteis.', 'text', NULL, true, '7b6dd712-9428-4531-b46c-e8e7daacf9a1', 'b70992ab-4c75-4ebd-9b7f-8c9b0c053e90', 'sent', '2026-04-30T22:34:14.701840');
INSERT INTO public.messages (id, contact_id, sender, content, message_type, media_url, is_read, whatsapp_connection_id, agent_id, status, created_at) VALUES ('d51f4f02-eb35-4578-97f9-2c9bd804a6a7', '29d7a9a7-ddaf-4b75-8f2d-bc0e3e640bed', 'agent', 'Perfeito, vou realizar a compra.', 'text', NULL, true, '7b6dd712-9428-4531-b46c-e8e7daacf9a1', 'b70992ab-4c75-4ebd-9b7f-8c9b0c053e90', 'sent', '2026-05-06T00:57:14.701857');
INSERT INTO public.messages (id, contact_id, sender, content, message_type, media_url, is_read, whatsapp_connection_id, agent_id, status, created_at) VALUES ('154136f9-af55-449b-b36e-a903b4b9b30d', '29d7a9a7-ddaf-4b75-8f2d-bc0e3e640bed', 'agent', 'Temos uma promoção especial para você hoje!', 'text', NULL, true, '7b6dd712-9428-4531-b46c-e8e7daacf9a1', 'b70992ab-4c75-4ebd-9b7f-8c9b0c053e90', 'sent', '2026-04-30T18:54:14.701867');
INSERT INTO public.contacts (id, name, phone, email, whatsapp_connection_id, assigned_to) VALUES ('4e07906e-2356-4dee-b017-3f0eba4ff368', 'Ian Curtis', '+5511999990034', 'ian.curtis@example.com', '7b6dd712-9428-4531-b46c-e8e7daacf9a1', 'b70992ab-4c75-4ebd-9b7f-8c9b0c053e90');
INSERT INTO public.conversations (id, contact_id, status, assigned_to, priority, message_count) VALUES ('d7158ed1-a604-4ba1-a27b-edf972c8ae84', '4e07906e-2356-4dee-b017-3f0eba4ff368', 'pending', 'b70992ab-4c75-4ebd-9b7f-8c9b0c053e90', 'high', 10);
INSERT INTO public.messages (id, contact_id, sender, content, message_type, media_url, is_read, whatsapp_connection_id, agent_id, status, created_at) VALUES ('d0ed00de-3392-4942-84b6-a83b580a69ec', '4e07906e-2356-4dee-b017-3f0eba4ff368', 'contact', 'Olá, tudo bem?', 'text', NULL, false, '7b6dd712-9428-4531-b46c-e8e7daacf9a1', 'b70992ab-4c75-4ebd-9b7f-8c9b0c053e90', 'sent', '2026-04-29T04:47:14.701892');
INSERT INTO public.messages (id, contact_id, sender, content, message_type, media_url, is_read, whatsapp_connection_id, agent_id, status, created_at) VALUES ('8e9eda61-79a6-45c3-a2d5-4311839a91d0', '4e07906e-2356-4dee-b017-3f0eba4ff368', 'contact', 'Como posso te ajudar hoje?', 'text', NULL, false, '7b6dd712-9428-4531-b46c-e8e7daacf9a1', 'b70992ab-4c75-4ebd-9b7f-8c9b0c053e90', 'sent', '2026-05-03T19:29:14.701903');
INSERT INTO public.messages (id, contact_id, sender, content, message_type, media_url, is_read, whatsapp_connection_id, agent_id, status, created_at) VALUES ('97cf2a78-032a-4dab-a51b-a8916517892e', '4e07906e-2356-4dee-b017-3f0eba4ff368', 'agent', 'Vi que você se interessou pelo nosso produto.', 'text', NULL, true, '7b6dd712-9428-4531-b46c-e8e7daacf9a1', 'b70992ab-4c75-4ebd-9b7f-8c9b0c053e90', 'sent', '2026-04-30T16:38:14.701914');
INSERT INTO public.messages (id, contact_id, sender, content, message_type, media_url, is_read, whatsapp_connection_id, agent_id, status, created_at) VALUES ('b303e63e-e323-4198-8822-40dd203764ba', '4e07906e-2356-4dee-b017-3f0eba4ff368', 'agent', 'Poderia me enviar mais detalhes?', 'text', NULL, true, '7b6dd712-9428-4531-b46c-e8e7daacf9a1', 'b70992ab-4c75-4ebd-9b7f-8c9b0c053e90', 'sent', '2026-04-30T21:17:14.701924');
INSERT INTO public.messages (id, contact_id, sender, content, message_type, media_url, is_read, whatsapp_connection_id, agent_id, status, created_at) VALUES ('8e4c374c-9a25-494c-96eb-7cc0d4e9f7c4', '4e07906e-2356-4dee-b017-3f0eba4ff368', 'agent', 'Veja esta imagem', 'image', 'https://picsum.photos/400/300', true, '7b6dd712-9428-4531-b46c-e8e7daacf9a1', 'b70992ab-4c75-4ebd-9b7f-8c9b0c053e90', 'sent', '2026-04-29T12:14:14.701933');
INSERT INTO public.messages (id, contact_id, sender, content, message_type, media_url, is_read, whatsapp_connection_id, agent_id, status, created_at) VALUES ('894617e4-5ded-4c06-9e8b-6ee131cacc2b', '4e07906e-2356-4dee-b017-3f0eba4ff368', 'agent', 'Obrigado pelo retorno!', 'text', NULL, true, '7b6dd712-9428-4531-b46c-e8e7daacf9a1', 'b70992ab-4c75-4ebd-9b7f-8c9b0c053e90', 'sent', '2026-05-03T21:54:14.701943');
INSERT INTO public.messages (id, contact_id, sender, content, message_type, media_url, is_read, whatsapp_connection_id, agent_id, status, created_at) VALUES ('37426bac-d3ae-462c-83a9-047ac9c7fc5e', '4e07906e-2356-4dee-b017-3f0eba4ff368', 'contact', 'Qual o prazo de entrega?', 'text', NULL, false, '7b6dd712-9428-4531-b46c-e8e7daacf9a1', 'b70992ab-4c75-4ebd-9b7f-8c9b0c053e90', 'sent', '2026-04-30T13:23:14.701953');
INSERT INTO public.messages (id, contact_id, sender, content, message_type, media_url, is_read, whatsapp_connection_id, agent_id, status, created_at) VALUES ('046d7a3b-b803-4992-9ea4-72db1aac744c', '4e07906e-2356-4dee-b017-3f0eba4ff368', 'contact', 'Geralmente entregamos em 3 dias úteis.', 'text', NULL, false, '7b6dd712-9428-4531-b46c-e8e7daacf9a1', 'b70992ab-4c75-4ebd-9b7f-8c9b0c053e90', 'sent', '2026-05-03T03:30:14.701964');
INSERT INTO public.messages (id, contact_id, sender, content, message_type, media_url, is_read, whatsapp_connection_id, agent_id, status, created_at) VALUES ('567bf434-efc4-409f-91a3-ad31d0a18d1e', '4e07906e-2356-4dee-b017-3f0eba4ff368', 'contact', 'Perfeito, vou realizar a compra.', 'text', NULL, true, '7b6dd712-9428-4531-b46c-e8e7daacf9a1', 'b70992ab-4c75-4ebd-9b7f-8c9b0c053e90', 'sent', '2026-04-30T21:12:14.701974');
INSERT INTO public.messages (id, contact_id, sender, content, message_type, media_url, is_read, whatsapp_connection_id, agent_id, status, created_at) VALUES ('ce42eae9-c254-4ffd-9469-d7e53fcdc05f', '4e07906e-2356-4dee-b017-3f0eba4ff368', 'agent', 'Temos uma promoção especial para você hoje!', 'text', NULL, true, '7b6dd712-9428-4531-b46c-e8e7daacf9a1', 'b70992ab-4c75-4ebd-9b7f-8c9b0c053e90', 'sent', '2026-05-02T02:50:14.701984');
INSERT INTO public.contacts (id, name, phone, email, whatsapp_connection_id, assigned_to) VALUES ('113e45f0-841b-4d4d-ac4d-d6927142ae4f', 'Julia Roberts', '+5511999990035', 'julia.roberts@example.com', '7b6dd712-9428-4531-b46c-e8e7daacf9a1', 'b70992ab-4c75-4ebd-9b7f-8c9b0c053e90');
INSERT INTO public.conversations (id, contact_id, status, assigned_to, priority, message_count) VALUES ('03a01f2d-370e-4a21-ab7b-af1082a6067a', '113e45f0-841b-4d4d-ac4d-d6927142ae4f', 'pending', 'b70992ab-4c75-4ebd-9b7f-8c9b0c053e90', 'high', 10);
INSERT INTO public.messages (id, contact_id, sender, content, message_type, media_url, is_read, whatsapp_connection_id, agent_id, status, created_at) VALUES ('4c6d9cbf-3d5b-4955-9046-0093b6f334d9', '113e45f0-841b-4d4d-ac4d-d6927142ae4f', 'agent', 'Olá, tudo bem?', 'text', NULL, true, '7b6dd712-9428-4531-b46c-e8e7daacf9a1', 'b70992ab-4c75-4ebd-9b7f-8c9b0c053e90', 'sent', '2026-04-29T06:20:14.702007');
INSERT INTO public.messages (id, contact_id, sender, content, message_type, media_url, is_read, whatsapp_connection_id, agent_id, status, created_at) VALUES ('6757f7e2-5923-44c4-b933-eb0d2af7016a', '113e45f0-841b-4d4d-ac4d-d6927142ae4f', 'agent', 'Como posso te ajudar hoje?', 'text', NULL, true, '7b6dd712-9428-4531-b46c-e8e7daacf9a1', 'b70992ab-4c75-4ebd-9b7f-8c9b0c053e90', 'sent', '2026-04-30T15:26:14.702017');
INSERT INTO public.messages (id, contact_id, sender, content, message_type, media_url, is_read, whatsapp_connection_id, agent_id, status, created_at) VALUES ('d6f487a3-6412-4e87-8ff2-7a6367633715', '113e45f0-841b-4d4d-ac4d-d6927142ae4f', 'contact', 'Vi que você se interessou pelo nosso produto.', 'text', NULL, true, '7b6dd712-9428-4531-b46c-e8e7daacf9a1', 'b70992ab-4c75-4ebd-9b7f-8c9b0c053e90', 'sent', '2026-04-29T04:17:14.702030');
INSERT INTO public.messages (id, contact_id, sender, content, message_type, media_url, is_read, whatsapp_connection_id, agent_id, status, created_at) VALUES ('55fa5168-4e59-4d82-a0d6-135415860723', '113e45f0-841b-4d4d-ac4d-d6927142ae4f', 'agent', 'Poderia me enviar mais detalhes?', 'text', NULL, true, '7b6dd712-9428-4531-b46c-e8e7daacf9a1', 'b70992ab-4c75-4ebd-9b7f-8c9b0c053e90', 'sent', '2026-05-01T03:04:14.702040');
INSERT INTO public.messages (id, contact_id, sender, content, message_type, media_url, is_read, whatsapp_connection_id, agent_id, status, created_at) VALUES ('b7d5e5cc-45df-4145-958b-602030d5d48c', '113e45f0-841b-4d4d-ac4d-d6927142ae4f', 'agent', 'Veja esta imagem', 'image', 'https://picsum.photos/400/300', true, '7b6dd712-9428-4531-b46c-e8e7daacf9a1', 'b70992ab-4c75-4ebd-9b7f-8c9b0c053e90', 'sent', '2026-05-04T11:09:14.702050');
INSERT INTO public.messages (id, contact_id, sender, content, message_type, media_url, is_read, whatsapp_connection_id, agent_id, status, created_at) VALUES ('7860b144-db58-4abd-9a0d-1e11b22f6ee7', '113e45f0-841b-4d4d-ac4d-d6927142ae4f', 'contact', 'Obrigado pelo retorno!', 'text', NULL, true, '7b6dd712-9428-4531-b46c-e8e7daacf9a1', 'b70992ab-4c75-4ebd-9b7f-8c9b0c053e90', 'sent', '2026-04-30T20:32:14.702062');
INSERT INTO public.messages (id, contact_id, sender, content, message_type, media_url, is_read, whatsapp_connection_id, agent_id, status, created_at) VALUES ('c6109e03-fa4c-4a5c-a7d4-c964eb31d2cb', '113e45f0-841b-4d4d-ac4d-d6927142ae4f', 'agent', 'Qual o prazo de entrega?', 'text', NULL, true, '7b6dd712-9428-4531-b46c-e8e7daacf9a1', 'b70992ab-4c75-4ebd-9b7f-8c9b0c053e90', 'sent', '2026-05-02T08:42:14.702074');
INSERT INTO public.messages (id, contact_id, sender, content, message_type, media_url, is_read, whatsapp_connection_id, agent_id, status, created_at) VALUES ('227781bd-539c-46d4-9e21-d8a6e68f2df1', '113e45f0-841b-4d4d-ac4d-d6927142ae4f', 'contact', 'Geralmente entregamos em 3 dias úteis.', 'text', NULL, false, '7b6dd712-9428-4531-b46c-e8e7daacf9a1', 'b70992ab-4c75-4ebd-9b7f-8c9b0c053e90', 'sent', '2026-05-06T01:21:14.702084');
INSERT INTO public.messages (id, contact_id, sender, content, message_type, media_url, is_read, whatsapp_connection_id, agent_id, status, created_at) VALUES ('2150663e-a58b-4cbf-a7d1-cff3f6d2c0c7', '113e45f0-841b-4d4d-ac4d-d6927142ae4f', 'agent', 'Perfeito, vou realizar a compra.', 'text', NULL, true, '7b6dd712-9428-4531-b46c-e8e7daacf9a1', 'b70992ab-4c75-4ebd-9b7f-8c9b0c053e90', 'sent', '2026-05-02T17:15:14.702094');
INSERT INTO public.messages (id, contact_id, sender, content, message_type, media_url, is_read, whatsapp_connection_id, agent_id, status, created_at) VALUES ('672f100a-109b-4161-8421-43fc48288430', '113e45f0-841b-4d4d-ac4d-d6927142ae4f', 'contact', 'Temos uma promoção especial para você hoje!', 'text', NULL, true, '7b6dd712-9428-4531-b46c-e8e7daacf9a1', 'b70992ab-4c75-4ebd-9b7f-8c9b0c053e90', 'sent', '2026-04-30T09:30:14.702104');
INSERT INTO public.contacts (id, name, phone, email, whatsapp_connection_id, assigned_to) VALUES ('30a753f6-869b-4c4c-a44c-8d1d760fe6d6', 'Kevin Hart', '+5511999990036', 'kevin.hart@example.com', '7b6dd712-9428-4531-b46c-e8e7daacf9a1', 'b70992ab-4c75-4ebd-9b7f-8c9b0c053e90');
INSERT INTO public.conversations (id, contact_id, status, assigned_to, priority, message_count) VALUES ('12858b4c-d4e3-4200-a35a-b2fd3e323c3d', '30a753f6-869b-4c4c-a44c-8d1d760fe6d6', 'pending', 'b70992ab-4c75-4ebd-9b7f-8c9b0c053e90', 'high', 10);
INSERT INTO public.messages (id, contact_id, sender, content, message_type, media_url, is_read, whatsapp_connection_id, agent_id, status, created_at) VALUES ('0f5a722f-a2ba-406e-adc8-1a5fd348dc96', '30a753f6-869b-4c4c-a44c-8d1d760fe6d6', 'agent', 'Olá, tudo bem?', 'text', NULL, true, '7b6dd712-9428-4531-b46c-e8e7daacf9a1', 'b70992ab-4c75-4ebd-9b7f-8c9b0c053e90', 'sent', '2026-05-01T04:26:14.702128');
INSERT INTO public.messages (id, contact_id, sender, content, message_type, media_url, is_read, whatsapp_connection_id, agent_id, status, created_at) VALUES ('98c03dab-0a67-4e69-aad1-b5688e923145', '30a753f6-869b-4c4c-a44c-8d1d760fe6d6', 'agent', 'Como posso te ajudar hoje?', 'text', NULL, true, '7b6dd712-9428-4531-b46c-e8e7daacf9a1', 'b70992ab-4c75-4ebd-9b7f-8c9b0c053e90', 'sent', '2026-04-30T03:12:14.702138');
INSERT INTO public.messages (id, contact_id, sender, content, message_type, media_url, is_read, whatsapp_connection_id, agent_id, status, created_at) VALUES ('b1f54675-6875-452c-98b3-f41768b0e335', '30a753f6-869b-4c4c-a44c-8d1d760fe6d6', 'agent', 'Vi que você se interessou pelo nosso produto.', 'text', NULL, true, '7b6dd712-9428-4531-b46c-e8e7daacf9a1', 'b70992ab-4c75-4ebd-9b7f-8c9b0c053e90', 'sent', '2026-05-01T01:55:14.702148');
INSERT INTO public.messages (id, contact_id, sender, content, message_type, media_url, is_read, whatsapp_connection_id, agent_id, status, created_at) VALUES ('40492c22-15ed-4543-a49d-b3f490f815b3', '30a753f6-869b-4c4c-a44c-8d1d760fe6d6', 'agent', 'Poderia me enviar mais detalhes?', 'text', NULL, true, '7b6dd712-9428-4531-b46c-e8e7daacf9a1', 'b70992ab-4c75-4ebd-9b7f-8c9b0c053e90', 'sent', '2026-04-29T19:04:14.702158');
INSERT INTO public.messages (id, contact_id, sender, content, message_type, media_url, is_read, whatsapp_connection_id, agent_id, status, created_at) VALUES ('6a4f8c31-4b7d-4127-9523-e486be4e78a3', '30a753f6-869b-4c4c-a44c-8d1d760fe6d6', 'contact', 'Veja esta imagem', 'image', 'https://picsum.photos/400/300', false, '7b6dd712-9428-4531-b46c-e8e7daacf9a1', 'b70992ab-4c75-4ebd-9b7f-8c9b0c053e90', 'sent', '2026-05-03T02:53:14.702167');
INSERT INTO public.messages (id, contact_id, sender, content, message_type, media_url, is_read, whatsapp_connection_id, agent_id, status, created_at) VALUES ('729a08da-eef9-4a03-a049-e44fc3c4233c', '30a753f6-869b-4c4c-a44c-8d1d760fe6d6', 'contact', 'Obrigado pelo retorno!', 'text', NULL, false, '7b6dd712-9428-4531-b46c-e8e7daacf9a1', 'b70992ab-4c75-4ebd-9b7f-8c9b0c053e90', 'sent', '2026-05-06T04:37:14.702178');
INSERT INTO public.messages (id, contact_id, sender, content, message_type, media_url, is_read, whatsapp_connection_id, agent_id, status, created_at) VALUES ('958d4a3c-451b-4f85-bc51-6128413f5453', '30a753f6-869b-4c4c-a44c-8d1d760fe6d6', 'agent', 'Qual o prazo de entrega?', 'text', NULL, true, '7b6dd712-9428-4531-b46c-e8e7daacf9a1', 'b70992ab-4c75-4ebd-9b7f-8c9b0c053e90', 'sent', '2026-04-29T20:18:14.702188');
INSERT INTO public.messages (id, contact_id, sender, content, message_type, media_url, is_read, whatsapp_connection_id, agent_id, status, created_at) VALUES ('ddc1ea96-9c55-4439-aa36-7ab3399ac417', '30a753f6-869b-4c4c-a44c-8d1d760fe6d6', 'agent', 'Geralmente entregamos em 3 dias úteis.', 'text', NULL, true, '7b6dd712-9428-4531-b46c-e8e7daacf9a1', 'b70992ab-4c75-4ebd-9b7f-8c9b0c053e90', 'sent', '2026-05-06T00:51:14.702200');
INSERT INTO public.messages (id, contact_id, sender, content, message_type, media_url, is_read, whatsapp_connection_id, agent_id, status, created_at) VALUES ('a5d24967-0f82-4a6d-aa3a-9e3887505dca', '30a753f6-869b-4c4c-a44c-8d1d760fe6d6', 'agent', 'Perfeito, vou realizar a compra.', 'text', NULL, true, '7b6dd712-9428-4531-b46c-e8e7daacf9a1', 'b70992ab-4c75-4ebd-9b7f-8c9b0c053e90', 'sent', '2026-05-05T18:22:14.702210');
INSERT INTO public.messages (id, contact_id, sender, content, message_type, media_url, is_read, whatsapp_connection_id, agent_id, status, created_at) VALUES ('3daa021d-c4fa-4cda-8c86-0d89b65cbd9d', '30a753f6-869b-4c4c-a44c-8d1d760fe6d6', 'contact', 'Temos uma promoção especial para você hoje!', 'text', NULL, false, '7b6dd712-9428-4531-b46c-e8e7daacf9a1', 'b70992ab-4c75-4ebd-9b7f-8c9b0c053e90', 'sent', '2026-05-04T14:48:14.702219');
INSERT INTO public.contacts (id, name, phone, email, whatsapp_connection_id, assigned_to) VALUES ('f8efe27d-e649-4c61-a832-d4e56dde1066', 'Lana Del Rey', '+5511999990037', 'lana.del.rey@example.com', '7b6dd712-9428-4531-b46c-e8e7daacf9a1', 'b70992ab-4c75-4ebd-9b7f-8c9b0c053e90');
INSERT INTO public.conversations (id, contact_id, status, assigned_to, priority, message_count) VALUES ('a603208c-4c47-4cb0-b813-26e5f2581058', 'f8efe27d-e649-4c61-a832-d4e56dde1066', 'open', 'b70992ab-4c75-4ebd-9b7f-8c9b0c053e90', 'low', 10);
INSERT INTO public.messages (id, contact_id, sender, content, message_type, media_url, is_read, whatsapp_connection_id, agent_id, status, created_at) VALUES ('9c20c25f-d428-49c0-80df-274f68f44f93', 'f8efe27d-e649-4c61-a832-d4e56dde1066', 'agent', 'Olá, tudo bem?', 'text', NULL, true, '7b6dd712-9428-4531-b46c-e8e7daacf9a1', 'b70992ab-4c75-4ebd-9b7f-8c9b0c053e90', 'sent', '2026-05-06T14:30:14.702241');
INSERT INTO public.messages (id, contact_id, sender, content, message_type, media_url, is_read, whatsapp_connection_id, agent_id, status, created_at) VALUES ('0a96e66d-f9ba-4d85-994e-6a244433bdfd', 'f8efe27d-e649-4c61-a832-d4e56dde1066', 'agent', 'Como posso te ajudar hoje?', 'text', NULL, true, '7b6dd712-9428-4531-b46c-e8e7daacf9a1', 'b70992ab-4c75-4ebd-9b7f-8c9b0c053e90', 'sent', '2026-05-05T00:29:14.702251');
INSERT INTO public.messages (id, contact_id, sender, content, message_type, media_url, is_read, whatsapp_connection_id, agent_id, status, created_at) VALUES ('8ce03480-188d-4553-80ed-326bbe850702', 'f8efe27d-e649-4c61-a832-d4e56dde1066', 'contact', 'Vi que você se interessou pelo nosso produto.', 'text', NULL, false, '7b6dd712-9428-4531-b46c-e8e7daacf9a1', 'b70992ab-4c75-4ebd-9b7f-8c9b0c053e90', 'sent', '2026-05-03T20:48:14.702260');
INSERT INTO public.messages (id, contact_id, sender, content, message_type, media_url, is_read, whatsapp_connection_id, agent_id, status, created_at) VALUES ('bb32436f-f92a-40c5-a933-8b9918d007a7', 'f8efe27d-e649-4c61-a832-d4e56dde1066', 'agent', 'Poderia me enviar mais detalhes?', 'text', NULL, true, '7b6dd712-9428-4531-b46c-e8e7daacf9a1', 'b70992ab-4c75-4ebd-9b7f-8c9b0c053e90', 'sent', '2026-05-04T21:37:14.702271');
INSERT INTO public.messages (id, contact_id, sender, content, message_type, media_url, is_read, whatsapp_connection_id, agent_id, status, created_at) VALUES ('6a2f32fa-aca1-4949-a9b5-be2a09aafbb2', 'f8efe27d-e649-4c61-a832-d4e56dde1066', 'contact', 'Veja esta imagem', 'image', 'https://picsum.photos/400/300', true, '7b6dd712-9428-4531-b46c-e8e7daacf9a1', 'b70992ab-4c75-4ebd-9b7f-8c9b0c053e90', 'sent', '2026-05-05T20:05:14.702280');
INSERT INTO public.messages (id, contact_id, sender, content, message_type, media_url, is_read, whatsapp_connection_id, agent_id, status, created_at) VALUES ('a71ef0d7-fd4d-44af-9d6e-3dbf950b2d81', 'f8efe27d-e649-4c61-a832-d4e56dde1066', 'agent', 'Obrigado pelo retorno!', 'text', NULL, true, '7b6dd712-9428-4531-b46c-e8e7daacf9a1', 'b70992ab-4c75-4ebd-9b7f-8c9b0c053e90', 'sent', '2026-05-03T19:57:14.702290');
INSERT INTO public.messages (id, contact_id, sender, content, message_type, media_url, is_read, whatsapp_connection_id, agent_id, status, created_at) VALUES ('2bd8016f-e636-440d-a5bd-bc261de0a8d0', 'f8efe27d-e649-4c61-a832-d4e56dde1066', 'agent', 'Qual o prazo de entrega?', 'text', NULL, true, '7b6dd712-9428-4531-b46c-e8e7daacf9a1', 'b70992ab-4c75-4ebd-9b7f-8c9b0c053e90', 'sent', '2026-04-29T18:28:14.702300');
INSERT INTO public.messages (id, contact_id, sender, content, message_type, media_url, is_read, whatsapp_connection_id, agent_id, status, created_at) VALUES ('be5ef1e4-d741-49f0-9199-373b1751fb5a', 'f8efe27d-e649-4c61-a832-d4e56dde1066', 'agent', 'Geralmente entregamos em 3 dias úteis.', 'text', NULL, true, '7b6dd712-9428-4531-b46c-e8e7daacf9a1', 'b70992ab-4c75-4ebd-9b7f-8c9b0c053e90', 'sent', '2026-04-30T06:22:14.702310');
INSERT INTO public.messages (id, contact_id, sender, content, message_type, media_url, is_read, whatsapp_connection_id, agent_id, status, created_at) VALUES ('c7890ab5-2a2d-4148-b15e-bfa35ea1d9e0', 'f8efe27d-e649-4c61-a832-d4e56dde1066', 'contact', 'Perfeito, vou realizar a compra.', 'text', NULL, false, '7b6dd712-9428-4531-b46c-e8e7daacf9a1', 'b70992ab-4c75-4ebd-9b7f-8c9b0c053e90', 'sent', '2026-05-01T22:24:14.702319');
INSERT INTO public.messages (id, contact_id, sender, content, message_type, media_url, is_read, whatsapp_connection_id, agent_id, status, created_at) VALUES ('56751bc4-da39-4f5f-80d4-527b55f14fa9', 'f8efe27d-e649-4c61-a832-d4e56dde1066', 'agent', 'Temos uma promoção especial para você hoje!', 'text', NULL, true, '7b6dd712-9428-4531-b46c-e8e7daacf9a1', 'b70992ab-4c75-4ebd-9b7f-8c9b0c053e90', 'sent', '2026-04-28T22:17:14.702329');
INSERT INTO public.contacts (id, name, phone, email, whatsapp_connection_id, assigned_to) VALUES ('187fbd23-d8f2-454b-b921-a0cd71ceebf5', 'Miles Davis', '+5511999990038', 'miles.davis@example.com', '7b6dd712-9428-4531-b46c-e8e7daacf9a1', 'b70992ab-4c75-4ebd-9b7f-8c9b0c053e90');
INSERT INTO public.conversations (id, contact_id, status, assigned_to, priority, message_count) VALUES ('17b062e8-556d-4f95-b38f-1efd1b84fb71', '187fbd23-d8f2-454b-b921-a0cd71ceebf5', 'pending', 'b70992ab-4c75-4ebd-9b7f-8c9b0c053e90', 'high', 10);
INSERT INTO public.messages (id, contact_id, sender, content, message_type, media_url, is_read, whatsapp_connection_id, agent_id, status, created_at) VALUES ('91dbe98e-7d6d-4556-ac2b-2ebc43380789', '187fbd23-d8f2-454b-b921-a0cd71ceebf5', 'contact', 'Olá, tudo bem?', 'text', NULL, true, '7b6dd712-9428-4531-b46c-e8e7daacf9a1', 'b70992ab-4c75-4ebd-9b7f-8c9b0c053e90', 'sent', '2026-04-28T23:47:14.702351');
INSERT INTO public.messages (id, contact_id, sender, content, message_type, media_url, is_read, whatsapp_connection_id, agent_id, status, created_at) VALUES ('5e06bee0-1ee3-4e9d-a3fa-3a0c0f7fdf3d', '187fbd23-d8f2-454b-b921-a0cd71ceebf5', 'agent', 'Como posso te ajudar hoje?', 'text', NULL, true, '7b6dd712-9428-4531-b46c-e8e7daacf9a1', 'b70992ab-4c75-4ebd-9b7f-8c9b0c053e90', 'sent', '2026-05-02T11:18:14.702361');
INSERT INTO public.messages (id, contact_id, sender, content, message_type, media_url, is_read, whatsapp_connection_id, agent_id, status, created_at) VALUES ('3938e338-45b8-49d9-ac1d-c5f62b0f5f67', '187fbd23-d8f2-454b-b921-a0cd71ceebf5', 'agent', 'Vi que você se interessou pelo nosso produto.', 'text', NULL, true, '7b6dd712-9428-4531-b46c-e8e7daacf9a1', 'b70992ab-4c75-4ebd-9b7f-8c9b0c053e90', 'sent', '2026-04-30T18:53:14.702371');
INSERT INTO public.messages (id, contact_id, sender, content, message_type, media_url, is_read, whatsapp_connection_id, agent_id, status, created_at) VALUES ('12d3ca59-6f60-4134-b553-c77b92acd39f', '187fbd23-d8f2-454b-b921-a0cd71ceebf5', 'contact', 'Poderia me enviar mais detalhes?', 'text', NULL, true, '7b6dd712-9428-4531-b46c-e8e7daacf9a1', 'b70992ab-4c75-4ebd-9b7f-8c9b0c053e90', 'sent', '2026-04-30T07:05:14.702380');
INSERT INTO public.messages (id, contact_id, sender, content, message_type, media_url, is_read, whatsapp_connection_id, agent_id, status, created_at) VALUES ('3cacb551-2b66-4daa-a9da-c8a5d63182e0', '187fbd23-d8f2-454b-b921-a0cd71ceebf5', 'agent', 'Veja esta imagem', 'image', 'https://picsum.photos/400/300', true, '7b6dd712-9428-4531-b46c-e8e7daacf9a1', 'b70992ab-4c75-4ebd-9b7f-8c9b0c053e90', 'sent', '2026-04-29T02:40:14.702394');
INSERT INTO public.messages (id, contact_id, sender, content, message_type, media_url, is_read, whatsapp_connection_id, agent_id, status, created_at) VALUES ('3e9fd39c-c1d9-4197-8e23-37d96d74301e', '187fbd23-d8f2-454b-b921-a0cd71ceebf5', 'agent', 'Obrigado pelo retorno!', 'text', NULL, true, '7b6dd712-9428-4531-b46c-e8e7daacf9a1', 'b70992ab-4c75-4ebd-9b7f-8c9b0c053e90', 'sent', '2026-04-28T18:53:14.702404');
INSERT INTO public.messages (id, contact_id, sender, content, message_type, media_url, is_read, whatsapp_connection_id, agent_id, status, created_at) VALUES ('a49cef40-cec1-4a28-9817-d587434a79b3', '187fbd23-d8f2-454b-b921-a0cd71ceebf5', 'agent', 'Qual o prazo de entrega?', 'text', NULL, true, '7b6dd712-9428-4531-b46c-e8e7daacf9a1', 'b70992ab-4c75-4ebd-9b7f-8c9b0c053e90', 'sent', '2026-05-01T01:10:14.702414');
INSERT INTO public.messages (id, contact_id, sender, content, message_type, media_url, is_read, whatsapp_connection_id, agent_id, status, created_at) VALUES ('681c12e6-9433-4800-9f09-9df9fc35aee3', '187fbd23-d8f2-454b-b921-a0cd71ceebf5', 'contact', 'Geralmente entregamos em 3 dias úteis.', 'text', NULL, true, '7b6dd712-9428-4531-b46c-e8e7daacf9a1', 'b70992ab-4c75-4ebd-9b7f-8c9b0c053e90', 'sent', '2026-04-29T01:11:14.702423');
INSERT INTO public.messages (id, contact_id, sender, content, message_type, media_url, is_read, whatsapp_connection_id, agent_id, status, created_at) VALUES ('50b49b8e-716f-4fb4-9803-a913de1066a9', '187fbd23-d8f2-454b-b921-a0cd71ceebf5', 'contact', 'Perfeito, vou realizar a compra.', 'text', NULL, true, '7b6dd712-9428-4531-b46c-e8e7daacf9a1', 'b70992ab-4c75-4ebd-9b7f-8c9b0c053e90', 'sent', '2026-05-03T00:28:14.702436');
INSERT INTO public.messages (id, contact_id, sender, content, message_type, media_url, is_read, whatsapp_connection_id, agent_id, status, created_at) VALUES ('c0fb6f9d-d1bc-4187-9c44-ddd08df95d8b', '187fbd23-d8f2-454b-b921-a0cd71ceebf5', 'agent', 'Temos uma promoção especial para você hoje!', 'text', NULL, true, '7b6dd712-9428-4531-b46c-e8e7daacf9a1', 'b70992ab-4c75-4ebd-9b7f-8c9b0c053e90', 'sent', '2026-04-29T22:26:14.702445');
INSERT INTO public.contacts (id, name, phone, email, whatsapp_connection_id, assigned_to) VALUES ('0b005f11-956a-48ed-a519-947a67182d29', 'Nina Simone', '+5511999990039', 'nina.simone@example.com', '7b6dd712-9428-4531-b46c-e8e7daacf9a1', 'b70992ab-4c75-4ebd-9b7f-8c9b0c053e90');
INSERT INTO public.conversations (id, contact_id, status, assigned_to, priority, message_count) VALUES ('42d66e00-fcea-469a-a25a-1f8d24409947', '0b005f11-956a-48ed-a519-947a67182d29', 'closed', 'b70992ab-4c75-4ebd-9b7f-8c9b0c053e90', 'high', 10);
INSERT INTO public.messages (id, contact_id, sender, content, message_type, media_url, is_read, whatsapp_connection_id, agent_id, status, created_at) VALUES ('38f4ff14-d58f-4b1c-98b2-6edd1e84e9f2', '0b005f11-956a-48ed-a519-947a67182d29', 'agent', 'Olá, tudo bem?', 'text', NULL, true, '7b6dd712-9428-4531-b46c-e8e7daacf9a1', 'b70992ab-4c75-4ebd-9b7f-8c9b0c053e90', 'sent', '2026-05-06T06:22:14.702467');
INSERT INTO public.messages (id, contact_id, sender, content, message_type, media_url, is_read, whatsapp_connection_id, agent_id, status, created_at) VALUES ('adf5a7b9-d90a-4f0a-a5c0-977d062e3f26', '0b005f11-956a-48ed-a519-947a67182d29', 'contact', 'Como posso te ajudar hoje?', 'text', NULL, true, '7b6dd712-9428-4531-b46c-e8e7daacf9a1', 'b70992ab-4c75-4ebd-9b7f-8c9b0c053e90', 'sent', '2026-04-30T23:55:14.702476');
INSERT INTO public.messages (id, contact_id, sender, content, message_type, media_url, is_read, whatsapp_connection_id, agent_id, status, created_at) VALUES ('6023f599-7e8e-4ab7-b13e-ec98610e8681', '0b005f11-956a-48ed-a519-947a67182d29', 'agent', 'Vi que você se interessou pelo nosso produto.', 'text', NULL, true, '7b6dd712-9428-4531-b46c-e8e7daacf9a1', 'b70992ab-4c75-4ebd-9b7f-8c9b0c053e90', 'sent', '2026-05-01T05:26:14.702488');
INSERT INTO public.messages (id, contact_id, sender, content, message_type, media_url, is_read, whatsapp_connection_id, agent_id, status, created_at) VALUES ('b05b1f37-adca-4cff-ba62-315156490b06', '0b005f11-956a-48ed-a519-947a67182d29', 'agent', 'Poderia me enviar mais detalhes?', 'text', NULL, true, '7b6dd712-9428-4531-b46c-e8e7daacf9a1', 'b70992ab-4c75-4ebd-9b7f-8c9b0c053e90', 'sent', '2026-04-29T09:55:14.702499');
INSERT INTO public.messages (id, contact_id, sender, content, message_type, media_url, is_read, whatsapp_connection_id, agent_id, status, created_at) VALUES ('ce20503a-550f-4227-b411-6423ab9f394e', '0b005f11-956a-48ed-a519-947a67182d29', 'agent', 'Veja esta imagem', 'image', 'https://picsum.photos/400/300', true, '7b6dd712-9428-4531-b46c-e8e7daacf9a1', 'b70992ab-4c75-4ebd-9b7f-8c9b0c053e90', 'sent', '2026-04-30T00:22:14.702508');
INSERT INTO public.messages (id, contact_id, sender, content, message_type, media_url, is_read, whatsapp_connection_id, agent_id, status, created_at) VALUES ('ae7e01db-6f34-4f4a-897c-9488a510530c', '0b005f11-956a-48ed-a519-947a67182d29', 'contact', 'Obrigado pelo retorno!', 'text', NULL, false, '7b6dd712-9428-4531-b46c-e8e7daacf9a1', 'b70992ab-4c75-4ebd-9b7f-8c9b0c053e90', 'sent', '2026-05-01T17:27:14.702520');
INSERT INTO public.messages (id, contact_id, sender, content, message_type, media_url, is_read, whatsapp_connection_id, agent_id, status, created_at) VALUES ('d89b593b-96fe-4e9f-a3fe-6f716bd7e80f', '0b005f11-956a-48ed-a519-947a67182d29', 'agent', 'Qual o prazo de entrega?', 'text', NULL, true, '7b6dd712-9428-4531-b46c-e8e7daacf9a1', 'b70992ab-4c75-4ebd-9b7f-8c9b0c053e90', 'sent', '2026-05-03T21:39:14.702531');
INSERT INTO public.messages (id, contact_id, sender, content, message_type, media_url, is_read, whatsapp_connection_id, agent_id, status, created_at) VALUES ('52539026-ff48-4327-b6ab-1651cbde524e', '0b005f11-956a-48ed-a519-947a67182d29', 'contact', 'Geralmente entregamos em 3 dias úteis.', 'text', NULL, false, '7b6dd712-9428-4531-b46c-e8e7daacf9a1', 'b70992ab-4c75-4ebd-9b7f-8c9b0c053e90', 'sent', '2026-05-03T06:01:14.702543');
INSERT INTO public.messages (id, contact_id, sender, content, message_type, media_url, is_read, whatsapp_connection_id, agent_id, status, created_at) VALUES ('3ea05ecc-c3cc-4bea-acca-0463698f5256', '0b005f11-956a-48ed-a519-947a67182d29', 'contact', 'Perfeito, vou realizar a compra.', 'text', NULL, false, '7b6dd712-9428-4531-b46c-e8e7daacf9a1', 'b70992ab-4c75-4ebd-9b7f-8c9b0c053e90', 'sent', '2026-04-29T21:38:14.702553');
INSERT INTO public.messages (id, contact_id, sender, content, message_type, media_url, is_read, whatsapp_connection_id, agent_id, status, created_at) VALUES ('5b4a5a59-6e60-4f77-b470-79fbddf1ad47', '0b005f11-956a-48ed-a519-947a67182d29', 'contact', 'Temos uma promoção especial para você hoje!', 'text', NULL, true, '7b6dd712-9428-4531-b46c-e8e7daacf9a1', 'b70992ab-4c75-4ebd-9b7f-8c9b0c053e90', 'sent', '2026-05-04T19:02:14.702565');
INSERT INTO public.contacts (id, name, phone, email, whatsapp_connection_id, assigned_to) VALUES ('4ea1d9c2-b34a-4ffe-8ec5-b06aaa9b92e5', 'Oscar Wilde', '+5511999990040', 'oscar.wilde@example.com', '7b6dd712-9428-4531-b46c-e8e7daacf9a1', 'b70992ab-4c75-4ebd-9b7f-8c9b0c053e90');
INSERT INTO public.conversations (id, contact_id, status, assigned_to, priority, message_count) VALUES ('5a2e018f-75bb-4542-b24d-3e16da81080e', '4ea1d9c2-b34a-4ffe-8ec5-b06aaa9b92e5', 'open', 'b70992ab-4c75-4ebd-9b7f-8c9b0c053e90', 'urgent', 10);
INSERT INTO public.messages (id, contact_id, sender, content, message_type, media_url, is_read, whatsapp_connection_id, agent_id, status, created_at) VALUES ('db3b1567-b603-4eda-a7fd-bbb6832a6229', '4ea1d9c2-b34a-4ffe-8ec5-b06aaa9b92e5', 'contact', 'Olá, tudo bem?', 'text', NULL, true, '7b6dd712-9428-4531-b46c-e8e7daacf9a1', 'b70992ab-4c75-4ebd-9b7f-8c9b0c053e90', 'sent', '2026-05-02T08:00:14.702588');
INSERT INTO public.messages (id, contact_id, sender, content, message_type, media_url, is_read, whatsapp_connection_id, agent_id, status, created_at) VALUES ('119ea933-1324-44b7-8db0-c9dcdc506c5a', '4ea1d9c2-b34a-4ffe-8ec5-b06aaa9b92e5', 'contact', 'Como posso te ajudar hoje?', 'text', NULL, true, '7b6dd712-9428-4531-b46c-e8e7daacf9a1', 'b70992ab-4c75-4ebd-9b7f-8c9b0c053e90', 'sent', '2026-05-01T09:26:14.702598');
INSERT INTO public.messages (id, contact_id, sender, content, message_type, media_url, is_read, whatsapp_connection_id, agent_id, status, created_at) VALUES ('5f6ecae9-417b-4514-a6f4-744a47e6d7eb', '4ea1d9c2-b34a-4ffe-8ec5-b06aaa9b92e5', 'contact', 'Vi que você se interessou pelo nosso produto.', 'text', NULL, true, '7b6dd712-9428-4531-b46c-e8e7daacf9a1', 'b70992ab-4c75-4ebd-9b7f-8c9b0c053e90', 'sent', '2026-05-03T11:15:14.702608');
INSERT INTO public.messages (id, contact_id, sender, content, message_type, media_url, is_read, whatsapp_connection_id, agent_id, status, created_at) VALUES ('478de212-e90a-469c-8339-31783180ffa2', '4ea1d9c2-b34a-4ffe-8ec5-b06aaa9b92e5', 'agent', 'Poderia me enviar mais detalhes?', 'text', NULL, true, '7b6dd712-9428-4531-b46c-e8e7daacf9a1', 'b70992ab-4c75-4ebd-9b7f-8c9b0c053e90', 'sent', '2026-05-06T07:37:14.702618');
INSERT INTO public.messages (id, contact_id, sender, content, message_type, media_url, is_read, whatsapp_connection_id, agent_id, status, created_at) VALUES ('796798a0-6f69-428b-a466-4f33713a1411', '4ea1d9c2-b34a-4ffe-8ec5-b06aaa9b92e5', 'agent', 'Veja esta imagem', 'image', 'https://picsum.photos/400/300', true, '7b6dd712-9428-4531-b46c-e8e7daacf9a1', 'b70992ab-4c75-4ebd-9b7f-8c9b0c053e90', 'sent', '2026-05-02T23:28:14.702628');
INSERT INTO public.messages (id, contact_id, sender, content, message_type, media_url, is_read, whatsapp_connection_id, agent_id, status, created_at) VALUES ('a29399fb-5cf4-48bb-ac02-31a0996bbb43', '4ea1d9c2-b34a-4ffe-8ec5-b06aaa9b92e5', 'agent', 'Obrigado pelo retorno!', 'text', NULL, true, '7b6dd712-9428-4531-b46c-e8e7daacf9a1', 'b70992ab-4c75-4ebd-9b7f-8c9b0c053e90', 'sent', '2026-05-03T00:44:14.702638');
INSERT INTO public.messages (id, contact_id, sender, content, message_type, media_url, is_read, whatsapp_connection_id, agent_id, status, created_at) VALUES ('2565a7ca-ef5a-4401-843b-a32f97279aba', '4ea1d9c2-b34a-4ffe-8ec5-b06aaa9b92e5', 'agent', 'Qual o prazo de entrega?', 'text', NULL, true, '7b6dd712-9428-4531-b46c-e8e7daacf9a1', 'b70992ab-4c75-4ebd-9b7f-8c9b0c053e90', 'sent', '2026-05-02T17:04:14.702647');
INSERT INTO public.messages (id, contact_id, sender, content, message_type, media_url, is_read, whatsapp_connection_id, agent_id, status, created_at) VALUES ('b8db345c-1674-440d-ad27-08b2ef74ac99', '4ea1d9c2-b34a-4ffe-8ec5-b06aaa9b92e5', 'contact', 'Geralmente entregamos em 3 dias úteis.', 'text', NULL, true, '7b6dd712-9428-4531-b46c-e8e7daacf9a1', 'b70992ab-4c75-4ebd-9b7f-8c9b0c053e90', 'sent', '2026-05-02T22:43:14.702657');
INSERT INTO public.messages (id, contact_id, sender, content, message_type, media_url, is_read, whatsapp_connection_id, agent_id, status, created_at) VALUES ('80b2ec94-863e-4f33-9788-ad523d68cf7a', '4ea1d9c2-b34a-4ffe-8ec5-b06aaa9b92e5', 'agent', 'Perfeito, vou realizar a compra.', 'text', NULL, true, '7b6dd712-9428-4531-b46c-e8e7daacf9a1', 'b70992ab-4c75-4ebd-9b7f-8c9b0c053e90', 'sent', '2026-05-01T19:50:14.702668');
INSERT INTO public.messages (id, contact_id, sender, content, message_type, media_url, is_read, whatsapp_connection_id, agent_id, status, created_at) VALUES ('a02d51a6-14c6-491a-8aa6-5b81fdfd0c08', '4ea1d9c2-b34a-4ffe-8ec5-b06aaa9b92e5', 'contact', 'Temos uma promoção especial para você hoje!', 'text', NULL, false, '7b6dd712-9428-4531-b46c-e8e7daacf9a1', 'b70992ab-4c75-4ebd-9b7f-8c9b0c053e90', 'sent', '2026-04-29T18:40:14.702677');
INSERT INTO public.contacts (id, name, phone, email, whatsapp_connection_id, assigned_to) VALUES ('fcf47992-16bd-4900-94eb-435641939957', 'Pablo Picasso', '+5511999990041', 'pablo.picasso@example.com', '7b6dd712-9428-4531-b46c-e8e7daacf9a1', 'b70992ab-4c75-4ebd-9b7f-8c9b0c053e90');
INSERT INTO public.conversations (id, contact_id, status, assigned_to, priority, message_count) VALUES ('5641a369-2f6b-4b32-be5c-8779b9fd11fe', 'fcf47992-16bd-4900-94eb-435641939957', 'closed', 'b70992ab-4c75-4ebd-9b7f-8c9b0c053e90', 'high', 10);
INSERT INTO public.messages (id, contact_id, sender, content, message_type, media_url, is_read, whatsapp_connection_id, agent_id, status, created_at) VALUES ('fc5ff224-2bec-4db9-8340-b132cb661f05', 'fcf47992-16bd-4900-94eb-435641939957', 'agent', 'Olá, tudo bem?', 'text', NULL, true, '7b6dd712-9428-4531-b46c-e8e7daacf9a1', 'b70992ab-4c75-4ebd-9b7f-8c9b0c053e90', 'sent', '2026-04-30T00:31:14.702698');
INSERT INTO public.messages (id, contact_id, sender, content, message_type, media_url, is_read, whatsapp_connection_id, agent_id, status, created_at) VALUES ('2f53fc57-d00c-4f6c-877c-cbcfbefeb143', 'fcf47992-16bd-4900-94eb-435641939957', 'contact', 'Como posso te ajudar hoje?', 'text', NULL, false, '7b6dd712-9428-4531-b46c-e8e7daacf9a1', 'b70992ab-4c75-4ebd-9b7f-8c9b0c053e90', 'sent', '2026-05-02T11:15:14.702708');
INSERT INTO public.messages (id, contact_id, sender, content, message_type, media_url, is_read, whatsapp_connection_id, agent_id, status, created_at) VALUES ('3bafe840-7035-4359-a591-400eb346978d', 'fcf47992-16bd-4900-94eb-435641939957', 'agent', 'Vi que você se interessou pelo nosso produto.', 'text', NULL, true, '7b6dd712-9428-4531-b46c-e8e7daacf9a1', 'b70992ab-4c75-4ebd-9b7f-8c9b0c053e90', 'sent', '2026-05-02T11:13:14.702717');
INSERT INTO public.messages (id, contact_id, sender, content, message_type, media_url, is_read, whatsapp_connection_id, agent_id, status, created_at) VALUES ('71c75c7d-af75-4bf6-a73c-a82a41d7ab8b', 'fcf47992-16bd-4900-94eb-435641939957', 'agent', 'Poderia me enviar mais detalhes?', 'text', NULL, true, '7b6dd712-9428-4531-b46c-e8e7daacf9a1', 'b70992ab-4c75-4ebd-9b7f-8c9b0c053e90', 'sent', '2026-05-02T07:17:14.702733');
INSERT INTO public.messages (id, contact_id, sender, content, message_type, media_url, is_read, whatsapp_connection_id, agent_id, status, created_at) VALUES ('4138522e-3846-46e9-a797-9d0f73779b45', 'fcf47992-16bd-4900-94eb-435641939957', 'agent', 'Veja esta imagem', 'image', 'https://picsum.photos/400/300', true, '7b6dd712-9428-4531-b46c-e8e7daacf9a1', 'b70992ab-4c75-4ebd-9b7f-8c9b0c053e90', 'sent', '2026-05-06T17:40:14.702827');
INSERT INTO public.messages (id, contact_id, sender, content, message_type, media_url, is_read, whatsapp_connection_id, agent_id, status, created_at) VALUES ('cc22b2a6-8eb9-4418-a6a0-ede469982e38', 'fcf47992-16bd-4900-94eb-435641939957', 'contact', 'Obrigado pelo retorno!', 'text', NULL, true, '7b6dd712-9428-4531-b46c-e8e7daacf9a1', 'b70992ab-4c75-4ebd-9b7f-8c9b0c053e90', 'sent', '2026-04-30T04:37:14.702841');
INSERT INTO public.messages (id, contact_id, sender, content, message_type, media_url, is_read, whatsapp_connection_id, agent_id, status, created_at) VALUES ('a0ca4972-fa0f-4d0f-b02b-5c45b10ae7de', 'fcf47992-16bd-4900-94eb-435641939957', 'agent', 'Qual o prazo de entrega?', 'text', NULL, true, '7b6dd712-9428-4531-b46c-e8e7daacf9a1', 'b70992ab-4c75-4ebd-9b7f-8c9b0c053e90', 'sent', '2026-05-03T23:12:14.702852');
INSERT INTO public.messages (id, contact_id, sender, content, message_type, media_url, is_read, whatsapp_connection_id, agent_id, status, created_at) VALUES ('7c6cdc35-cac7-44fb-a267-02f7c8dfc2f0', 'fcf47992-16bd-4900-94eb-435641939957', 'contact', 'Geralmente entregamos em 3 dias úteis.', 'text', NULL, false, '7b6dd712-9428-4531-b46c-e8e7daacf9a1', 'b70992ab-4c75-4ebd-9b7f-8c9b0c053e90', 'sent', '2026-05-03T15:44:14.702862');
INSERT INTO public.messages (id, contact_id, sender, content, message_type, media_url, is_read, whatsapp_connection_id, agent_id, status, created_at) VALUES ('26e32d72-249f-4c11-bc5d-11874b7d3dda', 'fcf47992-16bd-4900-94eb-435641939957', 'contact', 'Perfeito, vou realizar a compra.', 'text', NULL, true, '7b6dd712-9428-4531-b46c-e8e7daacf9a1', 'b70992ab-4c75-4ebd-9b7f-8c9b0c053e90', 'sent', '2026-05-02T14:07:14.702873');
INSERT INTO public.messages (id, contact_id, sender, content, message_type, media_url, is_read, whatsapp_connection_id, agent_id, status, created_at) VALUES ('44e838f6-74c7-40ea-8f7d-681459ba3345', 'fcf47992-16bd-4900-94eb-435641939957', 'agent', 'Temos uma promoção especial para você hoje!', 'text', NULL, true, '7b6dd712-9428-4531-b46c-e8e7daacf9a1', 'b70992ab-4c75-4ebd-9b7f-8c9b0c053e90', 'sent', '2026-05-02T23:53:14.702886');
INSERT INTO public.contacts (id, name, phone, email, whatsapp_connection_id, assigned_to) VALUES ('d4fb9788-efe1-4ad7-84eb-897a17eb1be3', 'Quentin Tarantino', '+5511999990042', 'quentin.tarantino@example.com', '7b6dd712-9428-4531-b46c-e8e7daacf9a1', 'b70992ab-4c75-4ebd-9b7f-8c9b0c053e90');
INSERT INTO public.conversations (id, contact_id, status, assigned_to, priority, message_count) VALUES ('77a61e42-0ab6-4179-b345-46eb660b66c7', 'd4fb9788-efe1-4ad7-84eb-897a17eb1be3', 'pending', 'b70992ab-4c75-4ebd-9b7f-8c9b0c053e90', 'medium', 10);
INSERT INTO public.messages (id, contact_id, sender, content, message_type, media_url, is_read, whatsapp_connection_id, agent_id, status, created_at) VALUES ('03d039ce-0252-4ebc-81fa-8e8362c51a0f', 'd4fb9788-efe1-4ad7-84eb-897a17eb1be3', 'agent', 'Olá, tudo bem?', 'text', NULL, true, '7b6dd712-9428-4531-b46c-e8e7daacf9a1', 'b70992ab-4c75-4ebd-9b7f-8c9b0c053e90', 'sent', '2026-05-04T05:46:14.702977');
INSERT INTO public.messages (id, contact_id, sender, content, message_type, media_url, is_read, whatsapp_connection_id, agent_id, status, created_at) VALUES ('80a983aa-0eb3-46c2-b2e5-d6b3079688ca', 'd4fb9788-efe1-4ad7-84eb-897a17eb1be3', 'contact', 'Como posso te ajudar hoje?', 'text', NULL, true, '7b6dd712-9428-4531-b46c-e8e7daacf9a1', 'b70992ab-4c75-4ebd-9b7f-8c9b0c053e90', 'sent', '2026-05-01T23:11:14.702992');
INSERT INTO public.messages (id, contact_id, sender, content, message_type, media_url, is_read, whatsapp_connection_id, agent_id, status, created_at) VALUES ('256ef040-7716-4681-b80c-1c754d2775a9', 'd4fb9788-efe1-4ad7-84eb-897a17eb1be3', 'agent', 'Vi que você se interessou pelo nosso produto.', 'text', NULL, true, '7b6dd712-9428-4531-b46c-e8e7daacf9a1', 'b70992ab-4c75-4ebd-9b7f-8c9b0c053e90', 'sent', '2026-05-01T12:25:14.703002');
INSERT INTO public.messages (id, contact_id, sender, content, message_type, media_url, is_read, whatsapp_connection_id, agent_id, status, created_at) VALUES ('1e48471e-fce4-466d-a581-36657fdeaacb', 'd4fb9788-efe1-4ad7-84eb-897a17eb1be3', 'agent', 'Poderia me enviar mais detalhes?', 'text', NULL, true, '7b6dd712-9428-4531-b46c-e8e7daacf9a1', 'b70992ab-4c75-4ebd-9b7f-8c9b0c053e90', 'sent', '2026-04-30T15:23:14.703012');
INSERT INTO public.messages (id, contact_id, sender, content, message_type, media_url, is_read, whatsapp_connection_id, agent_id, status, created_at) VALUES ('8eb9dd91-4be2-4835-b614-aa44d8e607ea', 'd4fb9788-efe1-4ad7-84eb-897a17eb1be3', 'agent', 'Veja esta imagem', 'image', 'https://picsum.photos/400/300', true, '7b6dd712-9428-4531-b46c-e8e7daacf9a1', 'b70992ab-4c75-4ebd-9b7f-8c9b0c053e90', 'sent', '2026-05-03T18:51:14.703023');
INSERT INTO public.messages (id, contact_id, sender, content, message_type, media_url, is_read, whatsapp_connection_id, agent_id, status, created_at) VALUES ('c156ec64-8115-4da1-a200-f536bdad784c', 'd4fb9788-efe1-4ad7-84eb-897a17eb1be3', 'contact', 'Obrigado pelo retorno!', 'text', NULL, true, '7b6dd712-9428-4531-b46c-e8e7daacf9a1', 'b70992ab-4c75-4ebd-9b7f-8c9b0c053e90', 'sent', '2026-05-04T23:28:14.703034');
INSERT INTO public.messages (id, contact_id, sender, content, message_type, media_url, is_read, whatsapp_connection_id, agent_id, status, created_at) VALUES ('394beb8b-8123-4c28-aa72-4ea5066c4deb', 'd4fb9788-efe1-4ad7-84eb-897a17eb1be3', 'agent', 'Qual o prazo de entrega?', 'text', NULL, true, '7b6dd712-9428-4531-b46c-e8e7daacf9a1', 'b70992ab-4c75-4ebd-9b7f-8c9b0c053e90', 'sent', '2026-04-29T03:10:14.703044');
INSERT INTO public.messages (id, contact_id, sender, content, message_type, media_url, is_read, whatsapp_connection_id, agent_id, status, created_at) VALUES ('ddbdec15-1f2a-4dbc-90c9-efd209cdbbf5', 'd4fb9788-efe1-4ad7-84eb-897a17eb1be3', 'contact', 'Geralmente entregamos em 3 dias úteis.', 'text', NULL, false, '7b6dd712-9428-4531-b46c-e8e7daacf9a1', 'b70992ab-4c75-4ebd-9b7f-8c9b0c053e90', 'sent', '2026-04-29T07:50:14.703053');
INSERT INTO public.messages (id, contact_id, sender, content, message_type, media_url, is_read, whatsapp_connection_id, agent_id, status, created_at) VALUES ('9306235f-02a2-49ea-9aa7-fdd59e9fda97', 'd4fb9788-efe1-4ad7-84eb-897a17eb1be3', 'contact', 'Perfeito, vou realizar a compra.', 'text', NULL, true, '7b6dd712-9428-4531-b46c-e8e7daacf9a1', 'b70992ab-4c75-4ebd-9b7f-8c9b0c053e90', 'sent', '2026-05-01T08:11:14.703064');
INSERT INTO public.messages (id, contact_id, sender, content, message_type, media_url, is_read, whatsapp_connection_id, agent_id, status, created_at) VALUES ('b6dbec1d-3fc5-4d9c-972a-aaa87111bfb7', 'd4fb9788-efe1-4ad7-84eb-897a17eb1be3', 'contact', 'Temos uma promoção especial para você hoje!', 'text', NULL, false, '7b6dd712-9428-4531-b46c-e8e7daacf9a1', 'b70992ab-4c75-4ebd-9b7f-8c9b0c053e90', 'sent', '2026-05-01T02:17:14.703076');
INSERT INTO public.contacts (id, name, phone, email, whatsapp_connection_id, assigned_to) VALUES ('4d034439-7e33-44fb-ac49-e3ff45316474', 'Rihanna', '+5511999990043', 'rihanna@example.com', '7b6dd712-9428-4531-b46c-e8e7daacf9a1', 'b70992ab-4c75-4ebd-9b7f-8c9b0c053e90');
INSERT INTO public.conversations (id, contact_id, status, assigned_to, priority, message_count) VALUES ('e686e50c-7cbc-43d4-91f9-c9d0dc4d9103', '4d034439-7e33-44fb-ac49-e3ff45316474', 'pending', 'b70992ab-4c75-4ebd-9b7f-8c9b0c053e90', 'low', 10);
INSERT INTO public.messages (id, contact_id, sender, content, message_type, media_url, is_read, whatsapp_connection_id, agent_id, status, created_at) VALUES ('6ff3b462-82a8-406a-a141-371d891d7488', '4d034439-7e33-44fb-ac49-e3ff45316474', 'contact', 'Olá, tudo bem?', 'text', NULL, false, '7b6dd712-9428-4531-b46c-e8e7daacf9a1', 'b70992ab-4c75-4ebd-9b7f-8c9b0c053e90', 'sent', '2026-05-01T16:48:14.703099');
INSERT INTO public.messages (id, contact_id, sender, content, message_type, media_url, is_read, whatsapp_connection_id, agent_id, status, created_at) VALUES ('8f6c8bf7-cfdc-490e-ae28-67d9cd2cf142', '4d034439-7e33-44fb-ac49-e3ff45316474', 'contact', 'Como posso te ajudar hoje?', 'text', NULL, true, '7b6dd712-9428-4531-b46c-e8e7daacf9a1', 'b70992ab-4c75-4ebd-9b7f-8c9b0c053e90', 'sent', '2026-05-05T21:39:14.703109');
INSERT INTO public.messages (id, contact_id, sender, content, message_type, media_url, is_read, whatsapp_connection_id, agent_id, status, created_at) VALUES ('14b7a06a-954c-4915-af02-c37eb4313707', '4d034439-7e33-44fb-ac49-e3ff45316474', 'agent', 'Vi que você se interessou pelo nosso produto.', 'text', NULL, true, '7b6dd712-9428-4531-b46c-e8e7daacf9a1', 'b70992ab-4c75-4ebd-9b7f-8c9b0c053e90', 'sent', '2026-05-04T07:41:14.703119');
INSERT INTO public.messages (id, contact_id, sender, content, message_type, media_url, is_read, whatsapp_connection_id, agent_id, status, created_at) VALUES ('5440b371-c1ce-4e8a-84eb-5d13045e739c', '4d034439-7e33-44fb-ac49-e3ff45316474', 'contact', 'Poderia me enviar mais detalhes?', 'text', NULL, true, '7b6dd712-9428-4531-b46c-e8e7daacf9a1', 'b70992ab-4c75-4ebd-9b7f-8c9b0c053e90', 'sent', '2026-05-01T12:21:14.703129');
INSERT INTO public.messages (id, contact_id, sender, content, message_type, media_url, is_read, whatsapp_connection_id, agent_id, status, created_at) VALUES ('7294b4e9-6fc0-499e-95c0-c46935d803c1', '4d034439-7e33-44fb-ac49-e3ff45316474', 'contact', 'Veja esta imagem', 'image', 'https://picsum.photos/400/300', true, '7b6dd712-9428-4531-b46c-e8e7daacf9a1', 'b70992ab-4c75-4ebd-9b7f-8c9b0c053e90', 'sent', '2026-05-03T04:52:14.703139');
INSERT INTO public.messages (id, contact_id, sender, content, message_type, media_url, is_read, whatsapp_connection_id, agent_id, status, created_at) VALUES ('2800bc35-f631-45a9-bd3d-91444e081551', '4d034439-7e33-44fb-ac49-e3ff45316474', 'agent', 'Obrigado pelo retorno!', 'text', NULL, true, '7b6dd712-9428-4531-b46c-e8e7daacf9a1', 'b70992ab-4c75-4ebd-9b7f-8c9b0c053e90', 'sent', '2026-04-29T17:44:14.703149');
INSERT INTO public.messages (id, contact_id, sender, content, message_type, media_url, is_read, whatsapp_connection_id, agent_id, status, created_at) VALUES ('e937a6c6-f90a-4949-bb06-0ebe197ccbed', '4d034439-7e33-44fb-ac49-e3ff45316474', 'agent', 'Qual o prazo de entrega?', 'text', NULL, true, '7b6dd712-9428-4531-b46c-e8e7daacf9a1', 'b70992ab-4c75-4ebd-9b7f-8c9b0c053e90', 'sent', '2026-05-01T00:19:14.703159');
INSERT INTO public.messages (id, contact_id, sender, content, message_type, media_url, is_read, whatsapp_connection_id, agent_id, status, created_at) VALUES ('ed82c402-819a-4e4a-9ffe-1d227d31a409', '4d034439-7e33-44fb-ac49-e3ff45316474', 'agent', 'Geralmente entregamos em 3 dias úteis.', 'text', NULL, true, '7b6dd712-9428-4531-b46c-e8e7daacf9a1', 'b70992ab-4c75-4ebd-9b7f-8c9b0c053e90', 'sent', '2026-05-05T06:27:14.703168');
INSERT INTO public.messages (id, contact_id, sender, content, message_type, media_url, is_read, whatsapp_connection_id, agent_id, status, created_at) VALUES ('bf218d47-65dc-4a42-abe4-f907901aec67', '4d034439-7e33-44fb-ac49-e3ff45316474', 'agent', 'Perfeito, vou realizar a compra.', 'text', NULL, true, '7b6dd712-9428-4531-b46c-e8e7daacf9a1', 'b70992ab-4c75-4ebd-9b7f-8c9b0c053e90', 'sent', '2026-05-03T04:58:14.703178');
INSERT INTO public.messages (id, contact_id, sender, content, message_type, media_url, is_read, whatsapp_connection_id, agent_id, status, created_at) VALUES ('d6eb4b02-f952-4503-8847-4f1b7ce37c2d', '4d034439-7e33-44fb-ac49-e3ff45316474', 'agent', 'Temos uma promoção especial para você hoje!', 'text', NULL, true, '7b6dd712-9428-4531-b46c-e8e7daacf9a1', 'b70992ab-4c75-4ebd-9b7f-8c9b0c053e90', 'sent', '2026-04-30T21:10:14.703188');
INSERT INTO public.contacts (id, name, phone, email, whatsapp_connection_id, assigned_to) VALUES ('55c453f7-6bd6-4350-a8c8-ff6c5a8dd145', 'Steve Jobs', '+5511999990044', 'steve.jobs@example.com', '7b6dd712-9428-4531-b46c-e8e7daacf9a1', 'b70992ab-4c75-4ebd-9b7f-8c9b0c053e90');
INSERT INTO public.conversations (id, contact_id, status, assigned_to, priority, message_count) VALUES ('3778220c-29c1-4b70-9ef5-6651841ff8a6', '55c453f7-6bd6-4350-a8c8-ff6c5a8dd145', 'closed', 'b70992ab-4c75-4ebd-9b7f-8c9b0c053e90', 'high', 10);
INSERT INTO public.messages (id, contact_id, sender, content, message_type, media_url, is_read, whatsapp_connection_id, agent_id, status, created_at) VALUES ('5ea03155-0669-4bc1-bd06-6695f3b78093', '55c453f7-6bd6-4350-a8c8-ff6c5a8dd145', 'contact', 'Olá, tudo bem?', 'text', NULL, true, '7b6dd712-9428-4531-b46c-e8e7daacf9a1', 'b70992ab-4c75-4ebd-9b7f-8c9b0c053e90', 'sent', '2026-05-03T15:47:14.703212');
INSERT INTO public.messages (id, contact_id, sender, content, message_type, media_url, is_read, whatsapp_connection_id, agent_id, status, created_at) VALUES ('b81d61ee-0492-4f33-a79d-c2a4924bfadb', '55c453f7-6bd6-4350-a8c8-ff6c5a8dd145', 'contact', 'Como posso te ajudar hoje?', 'text', NULL, false, '7b6dd712-9428-4531-b46c-e8e7daacf9a1', 'b70992ab-4c75-4ebd-9b7f-8c9b0c053e90', 'sent', '2026-05-05T17:04:14.703223');
INSERT INTO public.messages (id, contact_id, sender, content, message_type, media_url, is_read, whatsapp_connection_id, agent_id, status, created_at) VALUES ('8480543e-48ac-4b3a-bd83-0236995f9eb2', '55c453f7-6bd6-4350-a8c8-ff6c5a8dd145', 'agent', 'Vi que você se interessou pelo nosso produto.', 'text', NULL, true, '7b6dd712-9428-4531-b46c-e8e7daacf9a1', 'b70992ab-4c75-4ebd-9b7f-8c9b0c053e90', 'sent', '2026-05-05T20:47:14.703233');
INSERT INTO public.messages (id, contact_id, sender, content, message_type, media_url, is_read, whatsapp_connection_id, agent_id, status, created_at) VALUES ('eec26c74-46bf-4d0f-8715-e85572e15d97', '55c453f7-6bd6-4350-a8c8-ff6c5a8dd145', 'agent', 'Poderia me enviar mais detalhes?', 'text', NULL, true, '7b6dd712-9428-4531-b46c-e8e7daacf9a1', 'b70992ab-4c75-4ebd-9b7f-8c9b0c053e90', 'sent', '2026-04-28T18:52:14.703243');
INSERT INTO public.messages (id, contact_id, sender, content, message_type, media_url, is_read, whatsapp_connection_id, agent_id, status, created_at) VALUES ('8d3a0a26-3812-42c4-9a8a-b3ef81b8b5f4', '55c453f7-6bd6-4350-a8c8-ff6c5a8dd145', 'agent', 'Veja esta imagem', 'image', 'https://picsum.photos/400/300', true, '7b6dd712-9428-4531-b46c-e8e7daacf9a1', 'b70992ab-4c75-4ebd-9b7f-8c9b0c053e90', 'sent', '2026-05-05T13:11:14.703257');
INSERT INTO public.messages (id, contact_id, sender, content, message_type, media_url, is_read, whatsapp_connection_id, agent_id, status, created_at) VALUES ('17623b92-662a-480c-9868-adb5f30fa4b3', '55c453f7-6bd6-4350-a8c8-ff6c5a8dd145', 'contact', 'Obrigado pelo retorno!', 'text', NULL, true, '7b6dd712-9428-4531-b46c-e8e7daacf9a1', 'b70992ab-4c75-4ebd-9b7f-8c9b0c053e90', 'sent', '2026-05-06T13:43:14.703267');
INSERT INTO public.messages (id, contact_id, sender, content, message_type, media_url, is_read, whatsapp_connection_id, agent_id, status, created_at) VALUES ('b30539e2-e6ee-4967-aa3a-35b00453f65d', '55c453f7-6bd6-4350-a8c8-ff6c5a8dd145', 'contact', 'Qual o prazo de entrega?', 'text', NULL, true, '7b6dd712-9428-4531-b46c-e8e7daacf9a1', 'b70992ab-4c75-4ebd-9b7f-8c9b0c053e90', 'sent', '2026-04-30T07:56:14.703277');
INSERT INTO public.messages (id, contact_id, sender, content, message_type, media_url, is_read, whatsapp_connection_id, agent_id, status, created_at) VALUES ('82d4691e-99a4-4304-b6b3-d9ede264eb43', '55c453f7-6bd6-4350-a8c8-ff6c5a8dd145', 'agent', 'Geralmente entregamos em 3 dias úteis.', 'text', NULL, true, '7b6dd712-9428-4531-b46c-e8e7daacf9a1', 'b70992ab-4c75-4ebd-9b7f-8c9b0c053e90', 'sent', '2026-05-06T13:22:14.703287');
INSERT INTO public.messages (id, contact_id, sender, content, message_type, media_url, is_read, whatsapp_connection_id, agent_id, status, created_at) VALUES ('13182e4c-58f4-454a-a22e-4a54b50628d1', '55c453f7-6bd6-4350-a8c8-ff6c5a8dd145', 'agent', 'Perfeito, vou realizar a compra.', 'text', NULL, true, '7b6dd712-9428-4531-b46c-e8e7daacf9a1', 'b70992ab-4c75-4ebd-9b7f-8c9b0c053e90', 'sent', '2026-05-01T03:31:14.703297');
INSERT INTO public.messages (id, contact_id, sender, content, message_type, media_url, is_read, whatsapp_connection_id, agent_id, status, created_at) VALUES ('a5059a9c-9294-4725-9668-4b33dd8e1800', '55c453f7-6bd6-4350-a8c8-ff6c5a8dd145', 'agent', 'Temos uma promoção especial para você hoje!', 'text', NULL, true, '7b6dd712-9428-4531-b46c-e8e7daacf9a1', 'b70992ab-4c75-4ebd-9b7f-8c9b0c053e90', 'sent', '2026-04-28T22:55:14.703307');
INSERT INTO public.contacts (id, name, phone, email, whatsapp_connection_id, assigned_to) VALUES ('c7a54dd3-599b-4d47-a368-8ef1161ab5b0', 'Taylor Swift', '+5511999990045', 'taylor.swift@example.com', '7b6dd712-9428-4531-b46c-e8e7daacf9a1', 'b70992ab-4c75-4ebd-9b7f-8c9b0c053e90');
INSERT INTO public.conversations (id, contact_id, status, assigned_to, priority, message_count) VALUES ('ddb15573-9aa7-495c-8066-909288d1f3bf', 'c7a54dd3-599b-4d47-a368-8ef1161ab5b0', 'closed', 'b70992ab-4c75-4ebd-9b7f-8c9b0c053e90', 'urgent', 10);
INSERT INTO public.messages (id, contact_id, sender, content, message_type, media_url, is_read, whatsapp_connection_id, agent_id, status, created_at) VALUES ('3865c2d5-7abe-44e2-9069-c45e72ce0903', 'c7a54dd3-599b-4d47-a368-8ef1161ab5b0', 'contact', 'Olá, tudo bem?', 'text', NULL, false, '7b6dd712-9428-4531-b46c-e8e7daacf9a1', 'b70992ab-4c75-4ebd-9b7f-8c9b0c053e90', 'sent', '2026-05-04T18:04:14.703329');
INSERT INTO public.messages (id, contact_id, sender, content, message_type, media_url, is_read, whatsapp_connection_id, agent_id, status, created_at) VALUES ('7893738d-1c38-40a1-be46-352a0f5f6452', 'c7a54dd3-599b-4d47-a368-8ef1161ab5b0', 'contact', 'Como posso te ajudar hoje?', 'text', NULL, false, '7b6dd712-9428-4531-b46c-e8e7daacf9a1', 'b70992ab-4c75-4ebd-9b7f-8c9b0c053e90', 'sent', '2026-05-06T16:43:14.703339');
INSERT INTO public.messages (id, contact_id, sender, content, message_type, media_url, is_read, whatsapp_connection_id, agent_id, status, created_at) VALUES ('bc9088ad-9ffd-47eb-be0f-cad3036dfd7e', 'c7a54dd3-599b-4d47-a368-8ef1161ab5b0', 'contact', 'Vi que você se interessou pelo nosso produto.', 'text', NULL, false, '7b6dd712-9428-4531-b46c-e8e7daacf9a1', 'b70992ab-4c75-4ebd-9b7f-8c9b0c053e90', 'sent', '2026-04-30T17:47:14.703349');
INSERT INTO public.messages (id, contact_id, sender, content, message_type, media_url, is_read, whatsapp_connection_id, agent_id, status, created_at) VALUES ('eec1711c-c47c-45ac-b276-d1980321bf7f', 'c7a54dd3-599b-4d47-a368-8ef1161ab5b0', 'agent', 'Poderia me enviar mais detalhes?', 'text', NULL, true, '7b6dd712-9428-4531-b46c-e8e7daacf9a1', 'b70992ab-4c75-4ebd-9b7f-8c9b0c053e90', 'sent', '2026-05-03T03:00:14.703359');
INSERT INTO public.messages (id, contact_id, sender, content, message_type, media_url, is_read, whatsapp_connection_id, agent_id, status, created_at) VALUES ('13be8786-9dff-4386-adc6-30210788835c', 'c7a54dd3-599b-4d47-a368-8ef1161ab5b0', 'contact', 'Veja esta imagem', 'image', 'https://picsum.photos/400/300', false, '7b6dd712-9428-4531-b46c-e8e7daacf9a1', 'b70992ab-4c75-4ebd-9b7f-8c9b0c053e90', 'sent', '2026-05-03T15:43:14.703369');
INSERT INTO public.messages (id, contact_id, sender, content, message_type, media_url, is_read, whatsapp_connection_id, agent_id, status, created_at) VALUES ('c95402ae-e49b-4b91-a99f-53e486964d43', 'c7a54dd3-599b-4d47-a368-8ef1161ab5b0', 'contact', 'Obrigado pelo retorno!', 'text', NULL, false, '7b6dd712-9428-4531-b46c-e8e7daacf9a1', 'b70992ab-4c75-4ebd-9b7f-8c9b0c053e90', 'sent', '2026-05-02T14:25:14.703380');
INSERT INTO public.messages (id, contact_id, sender, content, message_type, media_url, is_read, whatsapp_connection_id, agent_id, status, created_at) VALUES ('e95ba49a-6f6a-49f9-8170-2db0f9fca179', 'c7a54dd3-599b-4d47-a368-8ef1161ab5b0', 'agent', 'Qual o prazo de entrega?', 'text', NULL, true, '7b6dd712-9428-4531-b46c-e8e7daacf9a1', 'b70992ab-4c75-4ebd-9b7f-8c9b0c053e90', 'sent', '2026-05-02T00:36:14.703390');
INSERT INTO public.messages (id, contact_id, sender, content, message_type, media_url, is_read, whatsapp_connection_id, agent_id, status, created_at) VALUES ('5ec142a7-e456-466c-b0cf-04f7fb8786e7', 'c7a54dd3-599b-4d47-a368-8ef1161ab5b0', 'agent', 'Geralmente entregamos em 3 dias úteis.', 'text', NULL, true, '7b6dd712-9428-4531-b46c-e8e7daacf9a1', 'b70992ab-4c75-4ebd-9b7f-8c9b0c053e90', 'sent', '2026-04-29T20:01:14.703404');
INSERT INTO public.messages (id, contact_id, sender, content, message_type, media_url, is_read, whatsapp_connection_id, agent_id, status, created_at) VALUES ('22ba7aef-cef3-4fd1-b83b-04f6a789ec10', 'c7a54dd3-599b-4d47-a368-8ef1161ab5b0', 'agent', 'Perfeito, vou realizar a compra.', 'text', NULL, true, '7b6dd712-9428-4531-b46c-e8e7daacf9a1', 'b70992ab-4c75-4ebd-9b7f-8c9b0c053e90', 'sent', '2026-05-02T15:10:14.703414');
INSERT INTO public.messages (id, contact_id, sender, content, message_type, media_url, is_read, whatsapp_connection_id, agent_id, status, created_at) VALUES ('258d0d70-e4ce-4714-a10b-13a1df1235e8', 'c7a54dd3-599b-4d47-a368-8ef1161ab5b0', 'agent', 'Temos uma promoção especial para você hoje!', 'text', NULL, true, '7b6dd712-9428-4531-b46c-e8e7daacf9a1', 'b70992ab-4c75-4ebd-9b7f-8c9b0c053e90', 'sent', '2026-05-03T15:28:14.703423');
INSERT INTO public.contacts (id, name, phone, email, whatsapp_connection_id, assigned_to) VALUES ('18e07c47-d56d-4d9d-bcd1-214907ff4351', 'Uma Thurman', '+5511999990046', 'uma.thurman@example.com', '7b6dd712-9428-4531-b46c-e8e7daacf9a1', 'b70992ab-4c75-4ebd-9b7f-8c9b0c053e90');
INSERT INTO public.conversations (id, contact_id, status, assigned_to, priority, message_count) VALUES ('8eae84e2-7ec7-4b49-a47d-7c56e823375d', '18e07c47-d56d-4d9d-bcd1-214907ff4351', 'closed', 'b70992ab-4c75-4ebd-9b7f-8c9b0c053e90', 'low', 10);
INSERT INTO public.messages (id, contact_id, sender, content, message_type, media_url, is_read, whatsapp_connection_id, agent_id, status, created_at) VALUES ('a7cffd84-8f06-4275-957b-18ad5e6da220', '18e07c47-d56d-4d9d-bcd1-214907ff4351', 'agent', 'Olá, tudo bem?', 'text', NULL, true, '7b6dd712-9428-4531-b46c-e8e7daacf9a1', 'b70992ab-4c75-4ebd-9b7f-8c9b0c053e90', 'sent', '2026-05-02T09:02:14.703445');
INSERT INTO public.messages (id, contact_id, sender, content, message_type, media_url, is_read, whatsapp_connection_id, agent_id, status, created_at) VALUES ('156286cc-953e-4c8b-b813-a9f5dadd7553', '18e07c47-d56d-4d9d-bcd1-214907ff4351', 'contact', 'Como posso te ajudar hoje?', 'text', NULL, true, '7b6dd712-9428-4531-b46c-e8e7daacf9a1', 'b70992ab-4c75-4ebd-9b7f-8c9b0c053e90', 'sent', '2026-05-04T02:34:14.703455');
INSERT INTO public.messages (id, contact_id, sender, content, message_type, media_url, is_read, whatsapp_connection_id, agent_id, status, created_at) VALUES ('60682bf0-b791-4549-89dd-97b6f29b57ea', '18e07c47-d56d-4d9d-bcd1-214907ff4351', 'agent', 'Vi que você se interessou pelo nosso produto.', 'text', NULL, true, '7b6dd712-9428-4531-b46c-e8e7daacf9a1', 'b70992ab-4c75-4ebd-9b7f-8c9b0c053e90', 'sent', '2026-04-30T21:57:14.703465');
INSERT INTO public.messages (id, contact_id, sender, content, message_type, media_url, is_read, whatsapp_connection_id, agent_id, status, created_at) VALUES ('c3b5d201-615a-49ea-9687-33157e18b593', '18e07c47-d56d-4d9d-bcd1-214907ff4351', 'agent', 'Poderia me enviar mais detalhes?', 'text', NULL, true, '7b6dd712-9428-4531-b46c-e8e7daacf9a1', 'b70992ab-4c75-4ebd-9b7f-8c9b0c053e90', 'sent', '2026-04-30T23:25:14.703475');
INSERT INTO public.messages (id, contact_id, sender, content, message_type, media_url, is_read, whatsapp_connection_id, agent_id, status, created_at) VALUES ('4bd40fc9-73d2-41b6-8e4c-ac72cd8cf78f', '18e07c47-d56d-4d9d-bcd1-214907ff4351', 'contact', 'Veja esta imagem', 'image', 'https://picsum.photos/400/300', false, '7b6dd712-9428-4531-b46c-e8e7daacf9a1', 'b70992ab-4c75-4ebd-9b7f-8c9b0c053e90', 'sent', '2026-05-04T16:10:14.703484');
INSERT INTO public.messages (id, contact_id, sender, content, message_type, media_url, is_read, whatsapp_connection_id, agent_id, status, created_at) VALUES ('44e6c128-f84b-45c4-9bea-8cf0e7146f75', '18e07c47-d56d-4d9d-bcd1-214907ff4351', 'contact', 'Obrigado pelo retorno!', 'text', NULL, true, '7b6dd712-9428-4531-b46c-e8e7daacf9a1', 'b70992ab-4c75-4ebd-9b7f-8c9b0c053e90', 'sent', '2026-04-30T03:25:14.703497');
INSERT INTO public.messages (id, contact_id, sender, content, message_type, media_url, is_read, whatsapp_connection_id, agent_id, status, created_at) VALUES ('605cdd1a-8463-4ca0-b9af-ae6b882c2716', '18e07c47-d56d-4d9d-bcd1-214907ff4351', 'contact', 'Qual o prazo de entrega?', 'text', NULL, true, '7b6dd712-9428-4531-b46c-e8e7daacf9a1', 'b70992ab-4c75-4ebd-9b7f-8c9b0c053e90', 'sent', '2026-05-04T06:54:14.703507');
INSERT INTO public.messages (id, contact_id, sender, content, message_type, media_url, is_read, whatsapp_connection_id, agent_id, status, created_at) VALUES ('689eb6e5-7e72-4456-8975-5155aa69a76c', '18e07c47-d56d-4d9d-bcd1-214907ff4351', 'contact', 'Geralmente entregamos em 3 dias úteis.', 'text', NULL, false, '7b6dd712-9428-4531-b46c-e8e7daacf9a1', 'b70992ab-4c75-4ebd-9b7f-8c9b0c053e90', 'sent', '2026-04-30T16:37:14.703517');
INSERT INTO public.messages (id, contact_id, sender, content, message_type, media_url, is_read, whatsapp_connection_id, agent_id, status, created_at) VALUES ('368c87d2-f4a1-449f-9996-d9f4fb1f9dfe', '18e07c47-d56d-4d9d-bcd1-214907ff4351', 'agent', 'Perfeito, vou realizar a compra.', 'text', NULL, true, '7b6dd712-9428-4531-b46c-e8e7daacf9a1', 'b70992ab-4c75-4ebd-9b7f-8c9b0c053e90', 'sent', '2026-04-30T19:58:14.703533');
INSERT INTO public.messages (id, contact_id, sender, content, message_type, media_url, is_read, whatsapp_connection_id, agent_id, status, created_at) VALUES ('bfceda86-b753-49d7-a673-5086a5ef1fdb', '18e07c47-d56d-4d9d-bcd1-214907ff4351', 'contact', 'Temos uma promoção especial para você hoje!', 'text', NULL, false, '7b6dd712-9428-4531-b46c-e8e7daacf9a1', 'b70992ab-4c75-4ebd-9b7f-8c9b0c053e90', 'sent', '2026-05-02T22:13:14.703543');
INSERT INTO public.contacts (id, name, phone, email, whatsapp_connection_id, assigned_to) VALUES ('b7c28051-4c96-461f-a5be-395c46f13fc9', 'Vin Diesel', '+5511999990047', 'vin.diesel@example.com', '7b6dd712-9428-4531-b46c-e8e7daacf9a1', 'b70992ab-4c75-4ebd-9b7f-8c9b0c053e90');
INSERT INTO public.conversations (id, contact_id, status, assigned_to, priority, message_count) VALUES ('cdde910f-25ff-4ef6-8139-80b6c7f5d799', 'b7c28051-4c96-461f-a5be-395c46f13fc9', 'closed', 'b70992ab-4c75-4ebd-9b7f-8c9b0c053e90', 'high', 10);
INSERT INTO public.messages (id, contact_id, sender, content, message_type, media_url, is_read, whatsapp_connection_id, agent_id, status, created_at) VALUES ('b17f463d-2a0c-44cb-9015-bebff47a4508', 'b7c28051-4c96-461f-a5be-395c46f13fc9', 'agent', 'Olá, tudo bem?', 'text', NULL, true, '7b6dd712-9428-4531-b46c-e8e7daacf9a1', 'b70992ab-4c75-4ebd-9b7f-8c9b0c053e90', 'sent', '2026-05-04T21:40:14.703565');
INSERT INTO public.messages (id, contact_id, sender, content, message_type, media_url, is_read, whatsapp_connection_id, agent_id, status, created_at) VALUES ('63b0795e-ec4c-4de7-b5cd-79762d349cb8', 'b7c28051-4c96-461f-a5be-395c46f13fc9', 'agent', 'Como posso te ajudar hoje?', 'text', NULL, true, '7b6dd712-9428-4531-b46c-e8e7daacf9a1', 'b70992ab-4c75-4ebd-9b7f-8c9b0c053e90', 'sent', '2026-05-03T10:19:14.703574');
INSERT INTO public.messages (id, contact_id, sender, content, message_type, media_url, is_read, whatsapp_connection_id, agent_id, status, created_at) VALUES ('001927b9-0e51-445b-aafa-fe7a15879724', 'b7c28051-4c96-461f-a5be-395c46f13fc9', 'agent', 'Vi que você se interessou pelo nosso produto.', 'text', NULL, true, '7b6dd712-9428-4531-b46c-e8e7daacf9a1', 'b70992ab-4c75-4ebd-9b7f-8c9b0c053e90', 'sent', '2026-05-03T22:19:14.703587');
INSERT INTO public.messages (id, contact_id, sender, content, message_type, media_url, is_read, whatsapp_connection_id, agent_id, status, created_at) VALUES ('7fd0b6b2-a3ad-49c2-8471-a6fcb576ea71', 'b7c28051-4c96-461f-a5be-395c46f13fc9', 'agent', 'Poderia me enviar mais detalhes?', 'text', NULL, true, '7b6dd712-9428-4531-b46c-e8e7daacf9a1', 'b70992ab-4c75-4ebd-9b7f-8c9b0c053e90', 'sent', '2026-05-02T08:48:14.703596');
INSERT INTO public.messages (id, contact_id, sender, content, message_type, media_url, is_read, whatsapp_connection_id, agent_id, status, created_at) VALUES ('e9f3719d-8cff-45d6-91d5-bd98b4e3f5d9', 'b7c28051-4c96-461f-a5be-395c46f13fc9', 'contact', 'Veja esta imagem', 'image', 'https://picsum.photos/400/300', true, '7b6dd712-9428-4531-b46c-e8e7daacf9a1', 'b70992ab-4c75-4ebd-9b7f-8c9b0c053e90', 'sent', '2026-05-02T10:44:14.703606');
INSERT INTO public.messages (id, contact_id, sender, content, message_type, media_url, is_read, whatsapp_connection_id, agent_id, status, created_at) VALUES ('ed352c20-a1d9-48a0-b0cb-ba9ba94f6821', 'b7c28051-4c96-461f-a5be-395c46f13fc9', 'agent', 'Obrigado pelo retorno!', 'text', NULL, true, '7b6dd712-9428-4531-b46c-e8e7daacf9a1', 'b70992ab-4c75-4ebd-9b7f-8c9b0c053e90', 'sent', '2026-05-05T10:12:14.703618');
INSERT INTO public.messages (id, contact_id, sender, content, message_type, media_url, is_read, whatsapp_connection_id, agent_id, status, created_at) VALUES ('d1ff2d4e-f469-4e09-b374-9363bf97d3eb', 'b7c28051-4c96-461f-a5be-395c46f13fc9', 'contact', 'Qual o prazo de entrega?', 'text', NULL, false, '7b6dd712-9428-4531-b46c-e8e7daacf9a1', 'b70992ab-4c75-4ebd-9b7f-8c9b0c053e90', 'sent', '2026-05-03T05:47:14.703627');
INSERT INTO public.messages (id, contact_id, sender, content, message_type, media_url, is_read, whatsapp_connection_id, agent_id, status, created_at) VALUES ('86ccc6e7-f705-4da4-b629-51a767be2b39', 'b7c28051-4c96-461f-a5be-395c46f13fc9', 'agent', 'Geralmente entregamos em 3 dias úteis.', 'text', NULL, true, '7b6dd712-9428-4531-b46c-e8e7daacf9a1', 'b70992ab-4c75-4ebd-9b7f-8c9b0c053e90', 'sent', '2026-04-30T19:17:14.703638');
INSERT INTO public.messages (id, contact_id, sender, content, message_type, media_url, is_read, whatsapp_connection_id, agent_id, status, created_at) VALUES ('f2dfbbf1-e0e7-4daf-8b55-210f9ab808b5', 'b7c28051-4c96-461f-a5be-395c46f13fc9', 'contact', 'Perfeito, vou realizar a compra.', 'text', NULL, true, '7b6dd712-9428-4531-b46c-e8e7daacf9a1', 'b70992ab-4c75-4ebd-9b7f-8c9b0c053e90', 'sent', '2026-05-04T20:32:14.703656');
INSERT INTO public.messages (id, contact_id, sender, content, message_type, media_url, is_read, whatsapp_connection_id, agent_id, status, created_at) VALUES ('00ffacf5-f289-4577-8b30-468714f0cef6', 'b7c28051-4c96-461f-a5be-395c46f13fc9', 'contact', 'Temos uma promoção especial para você hoje!', 'text', NULL, true, '7b6dd712-9428-4531-b46c-e8e7daacf9a1', 'b70992ab-4c75-4ebd-9b7f-8c9b0c053e90', 'sent', '2026-04-30T10:44:14.703667');
INSERT INTO public.contacts (id, name, phone, email, whatsapp_connection_id, assigned_to) VALUES ('cbe3b0c0-c6d1-439d-8148-ac893dcf79b3', 'Will Smith', '+5511999990048', 'will.smith@example.com', '7b6dd712-9428-4531-b46c-e8e7daacf9a1', 'b70992ab-4c75-4ebd-9b7f-8c9b0c053e90');
INSERT INTO public.conversations (id, contact_id, status, assigned_to, priority, message_count) VALUES ('f83458f3-b132-4f94-9414-ead0c378cf35', 'cbe3b0c0-c6d1-439d-8148-ac893dcf79b3', 'pending', 'b70992ab-4c75-4ebd-9b7f-8c9b0c053e90', 'high', 10);
INSERT INTO public.messages (id, contact_id, sender, content, message_type, media_url, is_read, whatsapp_connection_id, agent_id, status, created_at) VALUES ('911630d9-1f0e-47e0-9109-2acb83db3e76', 'cbe3b0c0-c6d1-439d-8148-ac893dcf79b3', 'agent', 'Olá, tudo bem?', 'text', NULL, true, '7b6dd712-9428-4531-b46c-e8e7daacf9a1', 'b70992ab-4c75-4ebd-9b7f-8c9b0c053e90', 'sent', '2026-05-05T17:56:14.703689');
INSERT INTO public.messages (id, contact_id, sender, content, message_type, media_url, is_read, whatsapp_connection_id, agent_id, status, created_at) VALUES ('8e0cba1f-1f00-4bc0-9d11-5cc70ec2f8fc', 'cbe3b0c0-c6d1-439d-8148-ac893dcf79b3', 'contact', 'Como posso te ajudar hoje?', 'text', NULL, true, '7b6dd712-9428-4531-b46c-e8e7daacf9a1', 'b70992ab-4c75-4ebd-9b7f-8c9b0c053e90', 'sent', '2026-04-30T12:03:14.703699');
INSERT INTO public.messages (id, contact_id, sender, content, message_type, media_url, is_read, whatsapp_connection_id, agent_id, status, created_at) VALUES ('1da671bc-8089-48d9-8474-75e8cfa57caa', 'cbe3b0c0-c6d1-439d-8148-ac893dcf79b3', 'agent', 'Vi que você se interessou pelo nosso produto.', 'text', NULL, true, '7b6dd712-9428-4531-b46c-e8e7daacf9a1', 'b70992ab-4c75-4ebd-9b7f-8c9b0c053e90', 'sent', '2026-04-29T02:57:14.703709');
INSERT INTO public.messages (id, contact_id, sender, content, message_type, media_url, is_read, whatsapp_connection_id, agent_id, status, created_at) VALUES ('accb1db2-a71c-4dc8-9dc3-c64400578fe3', 'cbe3b0c0-c6d1-439d-8148-ac893dcf79b3', 'contact', 'Poderia me enviar mais detalhes?', 'text', NULL, false, '7b6dd712-9428-4531-b46c-e8e7daacf9a1', 'b70992ab-4c75-4ebd-9b7f-8c9b0c053e90', 'sent', '2026-05-01T05:48:14.703719');
INSERT INTO public.messages (id, contact_id, sender, content, message_type, media_url, is_read, whatsapp_connection_id, agent_id, status, created_at) VALUES ('6babc90c-3186-4a04-b17d-b28dc7d8db0b', 'cbe3b0c0-c6d1-439d-8148-ac893dcf79b3', 'contact', 'Veja esta imagem', 'image', 'https://picsum.photos/400/300', true, '7b6dd712-9428-4531-b46c-e8e7daacf9a1', 'b70992ab-4c75-4ebd-9b7f-8c9b0c053e90', 'sent', '2026-05-05T02:41:14.703729');
INSERT INTO public.messages (id, contact_id, sender, content, message_type, media_url, is_read, whatsapp_connection_id, agent_id, status, created_at) VALUES ('7eaf9e5a-6b49-4f47-9379-77734f7de501', 'cbe3b0c0-c6d1-439d-8148-ac893dcf79b3', 'contact', 'Obrigado pelo retorno!', 'text', NULL, true, '7b6dd712-9428-4531-b46c-e8e7daacf9a1', 'b70992ab-4c75-4ebd-9b7f-8c9b0c053e90', 'sent', '2026-05-04T21:33:14.703746');
INSERT INTO public.messages (id, contact_id, sender, content, message_type, media_url, is_read, whatsapp_connection_id, agent_id, status, created_at) VALUES ('2c8ed280-de37-469e-8b01-062c419e4f02', 'cbe3b0c0-c6d1-439d-8148-ac893dcf79b3', 'agent', 'Qual o prazo de entrega?', 'text', NULL, true, '7b6dd712-9428-4531-b46c-e8e7daacf9a1', 'b70992ab-4c75-4ebd-9b7f-8c9b0c053e90', 'sent', '2026-05-04T00:16:14.703757');
INSERT INTO public.messages (id, contact_id, sender, content, message_type, media_url, is_read, whatsapp_connection_id, agent_id, status, created_at) VALUES ('5171b77e-8a44-4e51-823a-36ae34f17c53', 'cbe3b0c0-c6d1-439d-8148-ac893dcf79b3', 'contact', 'Geralmente entregamos em 3 dias úteis.', 'text', NULL, false, '7b6dd712-9428-4531-b46c-e8e7daacf9a1', 'b70992ab-4c75-4ebd-9b7f-8c9b0c053e90', 'sent', '2026-05-01T17:40:14.703770');
INSERT INTO public.messages (id, contact_id, sender, content, message_type, media_url, is_read, whatsapp_connection_id, agent_id, status, created_at) VALUES ('fa60a6e2-ad70-4533-a17a-e03e89d07a1c', 'cbe3b0c0-c6d1-439d-8148-ac893dcf79b3', 'agent', 'Perfeito, vou realizar a compra.', 'text', NULL, true, '7b6dd712-9428-4531-b46c-e8e7daacf9a1', 'b70992ab-4c75-4ebd-9b7f-8c9b0c053e90', 'sent', '2026-04-30T07:18:14.703780');
INSERT INTO public.messages (id, contact_id, sender, content, message_type, media_url, is_read, whatsapp_connection_id, agent_id, status, created_at) VALUES ('c19ffe77-6138-4cfc-b841-4c89989857e6', 'cbe3b0c0-c6d1-439d-8148-ac893dcf79b3', 'contact', 'Temos uma promoção especial para você hoje!', 'text', NULL, true, '7b6dd712-9428-4531-b46c-e8e7daacf9a1', 'b70992ab-4c75-4ebd-9b7f-8c9b0c053e90', 'sent', '2026-05-05T19:59:14.703792');
INSERT INTO public.contacts (id, name, phone, email, whatsapp_connection_id, assigned_to) VALUES ('01ee4c4c-e334-4d94-9cd0-093dbe92ccbb', 'Zendaya', '+5511999990049', 'zendaya@example.com', '7b6dd712-9428-4531-b46c-e8e7daacf9a1', 'b70992ab-4c75-4ebd-9b7f-8c9b0c053e90');
INSERT INTO public.conversations (id, contact_id, status, assigned_to, priority, message_count) VALUES ('4e0fbcba-f509-46d9-a6ef-6e92f169de31', '01ee4c4c-e334-4d94-9cd0-093dbe92ccbb', 'pending', 'b70992ab-4c75-4ebd-9b7f-8c9b0c053e90', 'urgent', 10);
INSERT INTO public.messages (id, contact_id, sender, content, message_type, media_url, is_read, whatsapp_connection_id, agent_id, status, created_at) VALUES ('b4408cd9-5b8f-4893-b0db-7322e80144bd', '01ee4c4c-e334-4d94-9cd0-093dbe92ccbb', 'contact', 'Olá, tudo bem?', 'text', NULL, false, '7b6dd712-9428-4531-b46c-e8e7daacf9a1', 'b70992ab-4c75-4ebd-9b7f-8c9b0c053e90', 'sent', '2026-05-04T17:10:14.703841');
INSERT INTO public.messages (id, contact_id, sender, content, message_type, media_url, is_read, whatsapp_connection_id, agent_id, status, created_at) VALUES ('6c373b82-09ca-42a0-8561-12bcff4ef040', '01ee4c4c-e334-4d94-9cd0-093dbe92ccbb', 'contact', 'Como posso te ajudar hoje?', 'text', NULL, false, '7b6dd712-9428-4531-b46c-e8e7daacf9a1', 'b70992ab-4c75-4ebd-9b7f-8c9b0c053e90', 'sent', '2026-05-04T13:49:14.703854');
INSERT INTO public.messages (id, contact_id, sender, content, message_type, media_url, is_read, whatsapp_connection_id, agent_id, status, created_at) VALUES ('b7b5a754-74a7-4652-9bfc-1dfbadc0bccf', '01ee4c4c-e334-4d94-9cd0-093dbe92ccbb', 'agent', 'Vi que você se interessou pelo nosso produto.', 'text', NULL, true, '7b6dd712-9428-4531-b46c-e8e7daacf9a1', 'b70992ab-4c75-4ebd-9b7f-8c9b0c053e90', 'sent', '2026-04-28T21:17:14.703864');
INSERT INTO public.messages (id, contact_id, sender, content, message_type, media_url, is_read, whatsapp_connection_id, agent_id, status, created_at) VALUES ('9c8c0369-f637-4be8-ba32-85f665003b45', '01ee4c4c-e334-4d94-9cd0-093dbe92ccbb', 'contact', 'Poderia me enviar mais detalhes?', 'text', NULL, false, '7b6dd712-9428-4531-b46c-e8e7daacf9a1', 'b70992ab-4c75-4ebd-9b7f-8c9b0c053e90', 'sent', '2026-04-30T21:01:14.703877');
INSERT INTO public.messages (id, contact_id, sender, content, message_type, media_url, is_read, whatsapp_connection_id, agent_id, status, created_at) VALUES ('10cd5e49-5ae3-4c6e-9477-9e61e6323aaf', '01ee4c4c-e334-4d94-9cd0-093dbe92ccbb', 'contact', 'Veja esta imagem', 'image', 'https://picsum.photos/400/300', true, '7b6dd712-9428-4531-b46c-e8e7daacf9a1', 'b70992ab-4c75-4ebd-9b7f-8c9b0c053e90', 'sent', '2026-05-05T12:02:14.703887');
INSERT INTO public.messages (id, contact_id, sender, content, message_type, media_url, is_read, whatsapp_connection_id, agent_id, status, created_at) VALUES ('e3df9fbf-489d-4afe-b7c2-f08eee512b85', '01ee4c4c-e334-4d94-9cd0-093dbe92ccbb', 'agent', 'Obrigado pelo retorno!', 'text', NULL, true, '7b6dd712-9428-4531-b46c-e8e7daacf9a1', 'b70992ab-4c75-4ebd-9b7f-8c9b0c053e90', 'sent', '2026-04-29T10:58:14.703900');
INSERT INTO public.messages (id, contact_id, sender, content, message_type, media_url, is_read, whatsapp_connection_id, agent_id, status, created_at) VALUES ('7ff7488b-2bf9-4608-b5e9-a3ec479a2627', '01ee4c4c-e334-4d94-9cd0-093dbe92ccbb', 'agent', 'Qual o prazo de entrega?', 'text', NULL, true, '7b6dd712-9428-4531-b46c-e8e7daacf9a1', 'b70992ab-4c75-4ebd-9b7f-8c9b0c053e90', 'sent', '2026-05-03T07:05:14.703910');
INSERT INTO public.messages (id, contact_id, sender, content, message_type, media_url, is_read, whatsapp_connection_id, agent_id, status, created_at) VALUES ('59c1bc0e-0307-4b80-b19a-79e7b04303bf', '01ee4c4c-e334-4d94-9cd0-093dbe92ccbb', 'agent', 'Geralmente entregamos em 3 dias úteis.', 'text', NULL, true, '7b6dd712-9428-4531-b46c-e8e7daacf9a1', 'b70992ab-4c75-4ebd-9b7f-8c9b0c053e90', 'sent', '2026-05-03T18:03:14.703920');
INSERT INTO public.messages (id, contact_id, sender, content, message_type, media_url, is_read, whatsapp_connection_id, agent_id, status, created_at) VALUES ('632aed4f-843c-45b5-ada0-fb770c452d83', '01ee4c4c-e334-4d94-9cd0-093dbe92ccbb', 'agent', 'Perfeito, vou realizar a compra.', 'text', NULL, true, '7b6dd712-9428-4531-b46c-e8e7daacf9a1', 'b70992ab-4c75-4ebd-9b7f-8c9b0c053e90', 'sent', '2026-05-03T16:05:14.703930');
INSERT INTO public.messages (id, contact_id, sender, content, message_type, media_url, is_read, whatsapp_connection_id, agent_id, status, created_at) VALUES ('7929eb5a-ae5f-4f8b-b5a3-72b033dbc36a', '01ee4c4c-e334-4d94-9cd0-093dbe92ccbb', 'agent', 'Temos uma promoção especial para você hoje!', 'text', NULL, true, '7b6dd712-9428-4531-b46c-e8e7daacf9a1', 'b70992ab-4c75-4ebd-9b7f-8c9b0c053e90', 'sent', '2026-05-06T12:13:14.703940');