fn,md5_repo,md5_prod,delta_bytes,balde_auto,critica,prioridade,decisao,responsavel
approve-password-reset,eb7fdc8a2c2984bd21be2e78214a415d,c613f65e6c77e74edfb014402c2e9fe4,-185,C,true,P0,,
create-user,92ac650890ef4e4ae578c8aef0e3556a,94d94d19f046d1d0270f83a91d608225,-148,C,true,P0,,
detect-new-device,fe19077cb19880cdf9f355f0036f67f1,e28e3093d2b4a5f22a7e1d5f9234c67b,-194,C,true,P0,,
elevenlabs-webhook,f76b90e780a6e8a1924f9223078ab13e,0257cf3e12bf84ba6617c3b9ae361182,-74,C,true,P0,,
evolution-webhook,85a6dbdf2296816c0a7c8bb0ea09f732,186e623e8995427b05931daabc5623c6,95,C,true,P0,,
login-attempts,b3cb559b0e2140dd16024ac48eec67a6,edac0396edbdbc475ec4af4673c2fac0,-145,C,true,P0,,
webauthn,f4154abd3cd25c01e54b8ef4f3d4367c,85451ee25db7af3f3f1596b7c849bef3,-334,C,true,P0,,
whatsapp-webhook,b2ec55c3147fa14cc593ff49ec5a1362,bf91596ab2ef64f294daf1c49541b77a,-167,C,true,P0,,
analyze-external-db,8a5b8b0921bfbf64e722b97417b280e0,8bf7424dbd89122b48444ad80d325194,-194,C,true,P1,,
external-db-bridge,9d1a04ff4b541043372db44954d918c9,a69b96b96ad13b024a46c785cd294676,-330,C,true,P1,,
external-db-proxy,f01022e147d874dbc5ba53befa5a6261,4de955713b85c953efb412853885e943,-621,C,true,P1,,
public-api,e3460f5657b15e9f2c0dbc694822c15f,58891156910671d7bb8f0793e517b97b,-95,C,true,P1,,
auto-close-conversations,812f2cd824d0cd8f9854758398a0ba54,d2ba13694dd2afdd823026c8f6624e69,-91,B,false,P2,,
auto-escalate-sla,474ddea08a44fa6407185255ecc37d5c,bd04f018978e7d3d38a58764370cd297,-38,D,false,P2,,
cleanup-rate-limit-logs,301935d4cd081137ba7c7190e6c92cdc,b2264a945f6756b37cc6037de07c12ad,-51,B,false,P2,,
cleanup-storage-orphans,43e1b2c8f6a3c5207c950d0c41da4f4f,ae4c8b8a4f958ba157f010f94bc2f1ee,-128,B,false,P2,,
nps-scheduler,48d834170631a6d75c1a89cbfc41a58a,ef06f68e2c392231fe98498bcb66d442,-141,B,false,P2,,
queue-rebalance,64cc2b3dde606a711426967792a0329c,ffa538aa0020083054f74dcf853c2c72,-212,B,false,P2,,
recover-corrupted-audios,0627af5278677743cdea130620bf9da2,3fc163ee130f80cfbd276be1fe74c091,-137,B,false,P2,,
reprocess-failed-messages,2273857e6907fa7204ab98ec74bce826,8f0e2e70ff37c6669663c997a14f69e8,-159,B,false,P2,,
send-rate-limit-alert,3e33d7a60ad51813bb3293726738fdf2,2d021bbaa766083127dd36921a00f708,-84,B,false,P2,,
send-scheduled-report,c43c57abdeeaea5688379ddff269e027,89583a464af092da20d99439b6ed118e,-248,B,false,P2,,
sentiment-alert,716a696276d4ba8faaa0bf7947bd4e46,5346335f96f6537b3af60db3bab2e3b5,-143,B,false,P2,,
sicoob-outbox-consumer,55ffac07f670340cab7f9348fcd7b0a7,fc290d30739a115f453b1889d996fea6,-258,B,false,P2,,
sla-alert-forward,9cd28fe5d61b9ff89ca8afb39d2b73f6,98a2e5f5c4f375fd96d22dd19fed8b56,-141,B,false,P2,,
sla-alert-log-failure,68f4da44ee42757b62522e3fda7537b6,f5da4c9734cf72fbe752a34017a48840,-102,B,false,P2,,
talkx-scheduler,cf488e97a612fcd5696a22d4ca6d780c,cda82b1a309352a0117f163e76976a99,-126,B,false,P2,,
ai-auto-tag,1601b79f2b387bb120ce8a25d7f73c89,2d20e08ade68752e954456419fc8411a,-63,B,false,P3,,
ai-churn-analysis,ae95623cdc234f9735ae99c6ab8ad62b,a173822e6e082e4f22e970c2d183be15,-37,D,false,P3,,
ai-classify-tickets,5f0764345090fbd31aa37909aca9bf88,2ddb2be55a56eac6a4f7b8cea9cec158,-37,D,false,P3,,
ai-conversation-analysis,60d4692668f415c56476be23811ab2b7,80b76709337b9768d60e6e98be646316,-48,D,false,P3,,
ai-conversation-summary,f8d0698f0cb81b869cc26fe778f33a2a,0e0a194b5cc6206ca4274373ecae4069,-48,D,false,P3,,
ai-enhance-message,25d2b2eb414c4ecf41ccd5abdc8131c4,65c89a712e0679553b37fd29639a28ac,-37,D,false,P3,,
ai-proxy,843d44a4d53ce8e5bb5120f82dbf79f5,815b7e702bae44c0ba8b510f3905aadc,-121,B,false,P3,,
ai-router,3168c448ba54941dd13d66c2d4b224ad,66fff61b72a354a070affa3c91e1797f,-4195,B,false,P3,,
ai-suggest-reply,c19791d9d2f944053cd2a07f32796afb,996440e484155217833fb3316c218446,-37,D,false,P3,,
ai-transcribe-audio,2c83cfc37d5291791824b7820009b285,0f9f8aa98877ca80c683afa34b91fc86,154,A,false,P3,,
audio-transcribe,09f9c5df345010afaf5d442d639d448a,01c3a1807a2b8106a12e27e07cd0c280,-225,B,false,P3,,
automation-suggest-reply,d0c57f76ed5c0d091635a2190579d0b0,5c0af27a476738100d1aacb7c4f14fea,-411,B,false,P3,,
bitrix-api,11cfbc3dded3ec582a11cfbd8ade7778,d2010c4fd7565105a42c1743622eb119,-251,B,false,P3,,
chatbot-l1,4163f390ad9db39f83dfae43da6f8b82,a0dfd4f4a5572b600fcecc7566c90547,-192,B,false,P3,,
classify-audio-meme,9f65a2a0fb80f60d86632d662cb2795c,8b533b90ff1d0d516c1588314c477d82,-86,B,false,P3,,
classify-emoji,0759aeb0e2e0315014e0ef554c1fd115,5b3f376b998c90c5b7854a110033a61a,-92,B,false,P3,,
classify-sticker,dda90e4c6b329b6e3a3052e8dd3d7557,a12ac41d9695fe512bda4666c700c052,-86,B,false,P3,,
client-observability,195637dc172db40833dd9f8912074136,f6ca9a5537247b0c8a933205f115b27e,-84,B,false,P3,,
connection-test,d4a69e2d70119f6814b7e6e955f431b0,7a13d435de6d620ba119d0182a7b46ca,-372,B,false,P3,,
contact-media,5700669a15ba6066a1ae42c54309602c,01370fcec849c7f669013c02ff1a301b,-198,B,false,P3,,
contacts-import,c0b523356200de862e794d16af54c9aa,d3d6f14236ff007b4e5ea85dc2a68072,-150,B,false,P3,,
elevenlabs-agent-token,1cf3cf93c395cfc2696a28075163a8bd,42baac39370c993f4993cbdb84ca59e6,-42,D,false,P3,,
elevenlabs-dialogue,110e07e1fd5d32e70003d94714f355e1,4faa04c6e29b2d9baef82891c1eb2763,-62,B,false,P3,,
elevenlabs-scribe-token,85899a45f8c3120025274f2d64f6436b,14347ca6e08e7d0ff2267ee3abe9eb01,-42,D,false,P3,,
elevenlabs-sfx,79003293b46f54a3e86c12bb9306eb05,795c150e71bd14e0686f0435e4b01538,-61,B,false,P3,,
elevenlabs-sts,07a1d00cab76f821d0077a19fc3a294e,d294834954f45c82a61040f2db7a5b21,-72,B,false,P3,,
elevenlabs-tts,34e4a8bc4bf54618919b13cb70b07e4a,aefb4564501ccf78265d72c31ca4af33,-72,B,false,P3,,
elevenlabs-tts-stream,eda239bbf3ad5f32d92a62ed359d2609,6bcd248f5a65d7a0d8232cf892322d3d,-73,B,false,P3,,
elevenlabs-voice,72fcd466c0745cb39f27737559e33da2,ba2b9ca69984fba632a3edc9b8c0317c,-111,B,false,P3,,
elevenlabs-voice-design,196d4643678f25a439d608f4f98a32e5,be075490a270e5072371dbfa1dce70e5,-91,B,false,P3,,
email-imap-bridge,ee3c70614ddf80f42a7f3aa02f78c093,7575e1dc0a2466d9e32691da753f723b,-295,B,false,P3,,
email-track-link,739cdafc0c6cef235e6bdb4561e4ae1f,551d24653eb70b41f26b39906970685f,-102,B,false,P3,,
email-track-pixel,96f38b0599ff9471b3a47683216bf97b,a513a40cfadb349d8b87b0b3cbfb2646,-126,B,false,P3,,
evolution-bitrix-sync,388d28c80eaca8378d332f2ca8e51f2a,55cf9d81de37f2cf256b2b19d931bbf0,-106,B,false,P3,,
evolution-chatbot,95d5161705da4b700e8a997db53e01ec,f8b8fc3ad0b61ad2b022d67f19e06343,-156,B,false,P3,,
evolution-credentials,c4c2b037367600a3a062bdf367cc6fba,10781e11cc09a7caacb750756c8c0df6,-102,B,false,P3,,
evolution-health,432b15be413b387c82d012948072d611,539f7b1412377b903c2700f0512d1dfd,-239,B,false,P3,,
evolution-retry-metrics,28dca8800851d96b72e1b532477c3de3,d47ba016a8624ca6b221b0b9e3b8ea9f,-158,B,false,P3,,
evolution-sender,13d8f7c2b9a96313e11fe46e50a0bf9f,31077f181ce7a02486bdd84e7d2a95c7,-360,B,false,P3,,
evolution-sync,a31fc968fea25a27118aecdfbaec0492,cb5e90d16128a74da61ba12b85ced972,-112,B,false,P3,,
evolution-templates,587615d59b8f5a32927a583264b320f1,f2f5ef9ac319e33fa0c8c181680a29f1,-115,B,false,P3,,
file-security-scanner,33592b2b9ec3562bee7cec223c497783,7f00b33f56ff26a65c052ef4bd66c419,-262,B,false,P3,,
get-mapbox-token,c24a7d18083a1ca46d39df54b9d43e46,400ce7bd5323093ed8c855f1e76d16e8,-22,D,false,P3,,
get-sip-password,dda18bf21802dd999d699312e0c76a11,3411f5dd8e0c320b85c371f0b5698576,-34,D,false,P3,,
gmail-health,c6416b374d4752bd1195478d882880c5,a589c907ac467d6e8d35ef326d50c8ba,-97,B,false,P3,,
gmail-oauth,6ecb98a96a493d8ece0b9ea9f639cf15,46ff8f0d47a6678066a34416b81fbc3b,-147,B,false,P3,,
gmail-send,db3b9ec6ac6ea9eea66cbf6a6922c688,4bf75c5a9f16b327d7986362e8508c91,-492,B,false,P3,,
gmail-token-refresh,c6dc8a2d4cd88d0f037c738e028f5496,cb2780bc678ce93658f13a5e03884959,-345,B,false,P3,,
health,861b08a7fac4b9deb6d56cc9fd3df2bc,3d87da1ec24a1efb53a629589809ec12,-127,B,false,P3,,
health-check,5499eb5a50499cc2290734b764dc3099,2f0304a2e510341534ba937a3f8651d8,-34,D,false,P3,,
hello,8c6df825c2dd76d4ac53287c28425ce5,e668b070fd598d21136fed6df1bc3715,-15,D,false,P3,,
instance-pause-control,89a5e56a29a69d6d29ddec83e552751c,be86aa62bc120ffe303035b311045caf,-154,B,false,P3,,
main,aa41b227e2c44e2d7fa89042225646de,6e1c79c6f6928cbf2b1ab12cab93fd46,2660,A,false,P3,,
mcp-server,c0f95eecc32dfb402acf7eef28b2420c,a412b6b914d3160c348479638fba5cd5,-48,D,false,P3,,
outlook-oauth,a25a93ee4fb9154b2f5d6a715802a400,8178bcd3ddb9881f5573bfe9cd85426e,-641,B,false,P3,,
promogifts-catalog,ff28f0478b2256ad694142997dc40b76,69dc6111de72e91bc448b8b60f4db9f5,-313,B,false,P3,,
provider-healthcheck,2a5d58778308c8a7e24f1078f7ecc45d,be0634d4cc001b1559c3b6fc9889bf48,-126,B,false,P3,,
provider-router,96467bdea6cd77646f94069b108bc7bd,0f25f7ea4d0e569dbed6bae93a18ba62,-402,B,false,P3,,
proxy-health,66280a110defeb88fb9e9d7485578b91,4f11a487523f377853e39ce7e2934ffa,-286,B,false,P3,,
proxy-metrics,348d3eae58b42f14cfac5b6b47e974aa,0e603d96d23e611b13bc39f3c4442054,-253,B,false,P3,,
recheck-webhook-signature,76239ece8ec68f3c92e101c8e080a7f4,16ad5a0fc55ff1ae0ae24a6815dc28be,-183,B,false,P3,,
secure-upload,d287fa70994f1d854be09c0c3f57521e,aea0d83bb9f680878eea134a018451af,-223,B,false,P3,,
seed-teams-users,71c37a142d82679bd27a0b99b86007b0,9e25ea7ca3728a8ab9a39b44148f65cb,-79,B,false,P3,,
send-email,b2c4e2416f1169cc87657da9e2a1338c,005a85b4d05734a7fb2a27c7c7810ff6,-142,B,false,P3,,
sicoob-bridge,3d16cf9d57711aa1688a963c6403ec19,a6946c20e0c1d848accb395da35d8a29,-107,B,false,P3,,
sicoob-bridge-reply,fb890f19c9fe42fe349ed264052bd456,252671284805a7a99c8cba1e55afcdfe,-121,B,false,P3,,
speech-to-text,b1568cf768debe7aedddf66b23bd1adf,873127546355088eda997dbed1411ade,-97,B,false,P3,,
status,48e1ee10ead5c812f2fbf9954486bd19,d27614b582f07e25161eb046fdd3a588,-29,D,false,P3,,
talkx-add-recipients,e41b4d10ef49c44db88437b48e42e60d,62f8933251abb33663a1c067b9a68f7f,-139,B,false,P3,,
talkx-control,a049d8715ded5307cdbf9051e7565a3d,8a1976c294dd2456a318c21db4ccbcdb,-158,B,false,P3,,
talkx-send,31e14ee1f0f6529112066d6c4803c848,7a378e6260748be5f14a83728aa40f1d,-441,B,false,P3,,
ticket-router,cf2d28ad62ca6b67f5ea76cd8d84d811,9c796398e102bf93e3e5a3026f8c6df7,-167,B,false,P3,,
virustotal-test,11ee4466c319a21c13184d5aeaf829a5,b224bda12969ff1dd70a6f531da54762,-60,B,false,P3,,
voice-agent,7e5e4454dbcc0a213f13a1d29bdc53cf,ab13c13b27275c02910c011b0fc445d1,-295,B,false,P3,,
voice-copilot-action,8ca693d8bdb319126d22889c961929c5,d47d1c563bbba31239da8c4026780adb,-225,B,false,P3,,
webhook-diagnostic,e28235c7841cea25bd3fb31a72ff9768,5014c9d6ad70177fda908cdb7f52e8e9,-91,B,false,P3,,
webhook-hmac-selftest,6aecf40596cf9c27cb3df4c572ce3645,7754a2869f720583d8adbbe748f5a966,-650,B,false,P3,,
webhook-secret-status,8d866daa21578fc55d9ee4042fa81682,382c71c9e46a11a8010ba39a555576b2,-42,D,false,P3,,
whatsapp-cloud-api,f1b56b5f693275e0add1c242c00d90d1,3dcffa045e218d1e2ccedce92818a275,-294,B,false,P3,,
whatsapp-cloud-secrets-status,9eef65def077ed68042f45fd2991d4ad,c2a94ec71284a555c2b4f8cf73676866,-48,D,false,P3,,
whatsapp-cloud-send,ac67d13a0e4e743d1a430e1f15825c75,6ff6fa57abbab06e7aafc6f2fde2b9da,-272,B,false,P3,,
whatsapp-cloud-webhook-verify,16d4bb9c89922e64cc7de0a9671c262d,7dc080aff799f760037089f136167b13,-166,B,false,P3,,
